# Blender 4.5.3 LTS
# www.blender.org
mtllib car.mtl
o Plane.003
v 0.234138 0.288426 0.491335
v 0.235099 0.314414 0.499215
v 0.239650 0.289205 0.493774
v 0.238360 0.289205 0.499901
v 0.236389 0.314414 0.493088
v 0.229072 0.313635 0.499225
v 0.230877 0.313635 0.490649
v 0.232333 0.288426 0.499911
vn 0.3871 -0.6295 -0.6737
vn 0.4283 0.6662 0.6105
vn 0.7892 -0.5018 -0.3542
vn 0.5794 -0.5017 0.6423
vn 0.6381 0.6662 -0.3860
vn -0.0854 0.6702 0.7372
vn 0.2190 0.6703 -0.7091
vn 0.0827 -0.6295 0.7726
vt 0.381431 0.187480
vt 0.373558 0.177916
vt 0.387731 0.187312
vt 0.380778 0.208294
vt 0.373558 0.216857
vt 0.394951 0.217689
vt 0.387078 0.208126
vt 0.394951 0.178749
s 1
usemtl zuk
f 4/1/4 8/2/8 3/3/3
f 4/1/4 2/4/2 6/5/6
f 7/6/7 6/5/6 2/4/2
f 3/3/3 5/7/5 2/4/2
f 5/7/5 7/6/7 2/4/2
f 4/1/4 3/3/3 2/4/2
f 8/2/8 4/1/4 6/5/6
f 3/3/3 1/8/1 7/6/7
f 5/7/5 3/3/3 7/6/7
f 8/2/8 1/8/1 3/3/3
o Plane.018
v -0.146273 0.336266 0.605752
v -0.144266 0.336997 0.604811
v -0.137495 0.325891 0.610624
v -0.139502 0.325160 0.611564
v -0.145599 0.336471 0.607066
v -0.143789 0.337131 0.606218
v -0.137679 0.327111 0.611462
v -0.139490 0.326451 0.612310
v -0.145827 0.335007 0.602827
v -0.147776 0.343215 0.602158
v -0.139056 0.323901 0.608640
v -0.149783 0.342484 0.603098
v -0.149438 0.340929 0.599727
v -0.154071 0.351322 0.595788
v -0.155552 0.350782 0.596481
v -0.155850 0.350666 0.593618
v -0.133723 0.320530 0.614043
v -0.136049 0.319682 0.615133
v -0.135554 0.318158 0.611645
v -0.128701 0.310236 0.617545
v -0.130478 0.309589 0.618378
v -0.129660 0.307729 0.616112
v -0.141068 0.329964 0.606165
v -0.143075 0.329232 0.607105
v -0.142632 0.327566 0.603394
v -0.110386 0.278536 0.629277
v -0.111753 0.278038 0.629917
v -0.110919 0.276555 0.629149
v -0.155545 0.349592 0.595949
v -0.155476 0.348605 0.592481
v -0.153802 0.350228 0.595133
v -0.130557 0.307617 0.613664
v -0.129496 0.310152 0.615914
v -0.131182 0.309537 0.616704
v -0.143999 0.336466 0.606409
v -0.138713 0.327686 0.611090
v -0.139719 0.327677 0.611279
v -0.144894 0.336064 0.606878
v -0.143868 0.337120 0.607121
v -0.138537 0.328298 0.611782
v -0.139681 0.328269 0.611976
v -0.144814 0.336697 0.607618
v -0.081668 0.267693 0.649347
v -0.084105 0.265393 0.650369
v -0.082061 0.269145 0.650937
v -0.084855 0.266559 0.652071
v -0.071167 0.258627 0.650004
v -0.076981 0.254418 0.652410
v -0.070570 0.259987 0.654756
v -0.075679 0.256200 0.656838
v -0.127903 0.312295 0.621032
v -0.116275 0.298692 0.630210
v -0.101251 0.283254 0.641357
v -0.098473 0.284989 0.640666
v -0.113793 0.300673 0.629870
v -0.126086 0.313874 0.620768
v -0.098444 0.284233 0.639603
v -0.113763 0.300008 0.628983
v -0.126138 0.313180 0.620257
v -0.127512 0.312492 0.620962
v -0.115644 0.298738 0.629500
v -0.100897 0.282667 0.640238
v -0.073201 0.256439 0.657070
v -0.071260 0.258134 0.656088
v -0.070880 0.255192 0.652156
v -0.072650 0.253716 0.653022
v 0.041855 0.295029 0.628309
v 0.041496 0.292219 0.628973
v 0.040931 0.295372 0.629885
v 0.040607 0.292838 0.630485
v 0.024160 0.294772 0.624032
v 0.014824 0.298283 0.627467
v 0.041777 0.292753 0.625012
v 0.014465 0.295474 0.628131
v 0.014765 0.295849 0.623509
v 0.050973 0.294381 0.629484
v 0.050557 0.291125 0.630255
v 0.050887 0.291708 0.625518
v 0.065624 0.291801 0.628236
v 0.065306 0.289315 0.628824
v 0.066689 0.289639 0.625306
v 0.033651 0.295364 0.625292
v 0.033292 0.292554 0.625957
v 0.033626 0.293061 0.620892
v 0.113173 0.286481 0.625501
v 0.112928 0.284568 0.625954
v 0.114590 0.284696 0.624330
v 0.000748 0.296351 0.623592
v 0.000281 0.296840 0.619148
v 0.001060 0.298792 0.623015
v 0.065138 0.289395 0.622457
v 0.064460 0.291432 0.626329
v 0.064158 0.289071 0.626887
v 0.025586 0.296492 0.628873
v 0.039503 0.294801 0.629744
v 0.038871 0.293708 0.629941
v 0.025518 0.295175 0.629188
v 0.025365 0.296831 0.630020
v 0.039343 0.295165 0.630848
v 0.038634 0.293918 0.631037
v 0.025291 0.295440 0.630353
v 0.105492 0.265213 0.647399
v 0.104099 0.262199 0.648516
v 0.104891 0.266388 0.649145
v 0.103272 0.262982 0.650392
v 0.118158 0.260108 0.646375
v 0.114421 0.254124 0.649118
v 0.118976 0.261395 0.651114
v 0.115715 0.256055 0.653485
v 0.054559 0.286416 0.634047
v 0.071442 0.278350 0.640335
v 0.087168 0.271260 0.645966
v 0.088445 0.274119 0.644785
v 0.072377 0.281297 0.639536
v 0.055261 0.288732 0.634089
v 0.088770 0.273379 0.643762
v 0.072672 0.280653 0.638682
v 0.055375 0.288255 0.633377
v 0.054771 0.286801 0.633994
v 0.071864 0.278643 0.639535
v 0.087663 0.270827 0.644830
v 0.117991 0.257088 0.653425
v 0.119120 0.259367 0.652357
v 0.119844 0.256876 0.648171
v 0.118788 0.254865 0.649120
v -0.145599 0.336471 0.607066
v -0.145599 0.336471 0.607066
v -0.143789 0.337131 0.606218
v -0.143789 0.337131 0.606218
v -0.144266 0.336997 0.604811
v -0.144266 0.336997 0.604811
v -0.146273 0.336266 0.605752
v -0.146273 0.336266 0.605752
v -0.137679 0.327111 0.611462
v -0.137679 0.327111 0.611462
v -0.137495 0.325891 0.610624
v -0.137495 0.325891 0.610624
v -0.139490 0.326451 0.612310
v -0.139490 0.326451 0.612310
v -0.139502 0.325160 0.611564
v -0.139502 0.325160 0.611564
v -0.149438 0.340929 0.599727
v -0.145827 0.335007 0.602827
v -0.149783 0.342484 0.603098
v -0.139056 0.323901 0.608640
v -0.147776 0.343215 0.602158
v -0.154071 0.351322 0.595788
v -0.154071 0.351322 0.595788
v -0.155850 0.350666 0.593618
v -0.155850 0.350666 0.593618
v -0.155552 0.350782 0.596481
v -0.155552 0.350782 0.596481
v -0.133723 0.320530 0.614043
v -0.135554 0.318158 0.611645
v -0.136049 0.319682 0.615133
v -0.130478 0.309589 0.618378
v -0.130478 0.309589 0.618378
v -0.128701 0.310236 0.617545
v -0.128701 0.310236 0.617545
v -0.129660 0.307729 0.616112
v -0.129660 0.307729 0.616112
v -0.169256 0.374104 0.581103
v -0.169256 0.374104 0.581103
v -0.171115 0.373712 0.579226
v -0.171115 0.373712 0.579226
v -0.170736 0.373565 0.581796
v -0.170736 0.373565 0.581796
v -0.155545 0.349592 0.595949
v -0.155476 0.348605 0.592481
v -0.142632 0.327566 0.603394
v -0.153802 0.350228 0.595133
v -0.110386 0.278536 0.629277
v -0.110919 0.276555 0.629149
v -0.111753 0.278038 0.629917
v -0.131182 0.309537 0.616704
v -0.129496 0.310152 0.615914
v -0.141068 0.329964 0.606165
v -0.130557 0.307617 0.613664
v -0.143075 0.329232 0.607105
v -0.143868 0.337120 0.607121
v -0.143868 0.337120 0.607121
v -0.138537 0.328298 0.611782
v -0.143999 0.336466 0.606409
v -0.139681 0.328269 0.611976
v -0.144814 0.336697 0.607618
v -0.144814 0.336697 0.607618
v -0.144894 0.336064 0.606878
v -0.101251 0.283254 0.641357
v -0.084855 0.266559 0.652071
v -0.126086 0.313874 0.620768
v -0.082061 0.269145 0.650937
v -0.070570 0.259987 0.654756
v -0.075679 0.256200 0.656838
v -0.127903 0.312295 0.621032
v -0.116275 0.298692 0.630210
v -0.098473 0.284989 0.640666
v -0.113793 0.300673 0.629870
v -0.071260 0.258134 0.656088
v -0.073201 0.256439 0.657070
v 0.024713 0.294659 0.629601
v 0.024713 0.294659 0.629601
v 0.025037 0.297194 0.629001
v 0.025037 0.297194 0.629001
v 0.024237 0.297048 0.627329
v 0.024237 0.297048 0.627329
v 0.023878 0.294239 0.627993
v 0.023878 0.294239 0.627993
v 0.040931 0.295372 0.629885
v 0.040931 0.295372 0.629885
v 0.041855 0.295029 0.628309
v 0.041855 0.295029 0.628309
v 0.040607 0.292838 0.630485
v 0.040607 0.292838 0.630485
v 0.041496 0.292219 0.628973
v 0.041496 0.292219 0.628973
v 0.014765 0.295849 0.623509
v 0.024160 0.294772 0.624032
v 0.014465 0.295474 0.628131
v 0.041777 0.292753 0.625012
v 0.014824 0.298283 0.627467
v 0.000117 0.299022 0.624318
v 0.000117 0.299022 0.624318
v -0.001439 0.297442 0.621492
v -0.001439 0.297442 0.621492
v -0.000147 0.296951 0.624808
v -0.000147 0.296951 0.624808
v 0.050973 0.294381 0.629484
v 0.050887 0.291708 0.625518
v 0.050557 0.291125 0.630255
v 0.065306 0.289315 0.628824
v 0.065306 0.289315 0.628824
v 0.065624 0.291801 0.628236
v 0.065624 0.291801 0.628236
v 0.066689 0.289639 0.625306
v 0.066689 0.289639 0.625306
v -0.038091 0.302684 0.619155
v -0.038091 0.302684 0.619155
v -0.039829 0.301102 0.616798
v -0.039829 0.301102 0.616798
v -0.038355 0.300612 0.619645
v -0.038355 0.300612 0.619645
v 0.000748 0.296351 0.623592
v 0.000281 0.296840 0.619148
v 0.033626 0.293061 0.620892
v 0.001060 0.298792 0.623015
v 0.113173 0.286481 0.625501
v 0.114590 0.284696 0.624330
v 0.112928 0.284568 0.625954
v 0.064158 0.289071 0.626887
v 0.064460 0.291432 0.626329
v 0.033651 0.295364 0.625292
v 0.065138 0.289395 0.622457
v 0.033292 0.292554 0.625957
v 0.025365 0.296831 0.630020
v 0.039343 0.295165 0.630848
v 0.038634 0.293918 0.631037
v 0.025291 0.295440 0.630353
v 0.087168 0.271260 0.645966
v 0.103272 0.262982 0.650392
v 0.055261 0.288732 0.634089
v 0.104891 0.266388 0.649145
v 0.118976 0.261395 0.651114
v 0.115715 0.256055 0.653485
v 0.054559 0.286416 0.634047
v 0.071442 0.278350 0.640335
v 0.088445 0.274119 0.644785
v 0.072377 0.281297 0.639536
v 0.119120 0.259367 0.652357
v 0.117991 0.257088 0.653425
v -0.085096 -0.036500 -0.604318
v 0.089047 -0.035416 -0.604289
v -0.085331 0.001295 -0.604503
v 0.088812 0.002379 -0.604474
v 0.089519 -0.033184 0.713400
v -0.084529 -0.039044 0.713073
v 0.088245 0.004532 0.715506
v -0.085803 -0.001328 0.715179
v 0.289152 0.308623 0.480286
v 0.299944 0.309214 0.478277
v 0.288105 0.328631 0.480544
v 0.298897 0.329222 0.478535
v 0.286538 0.304542 0.478102
v 0.284885 0.331902 0.478040
v 0.298556 0.332714 0.471828
v 0.300209 0.305354 0.471890
v 0.286538 0.304542 0.478102
v 0.300209 0.305354 0.471890
v 0.284885 0.331902 0.478040
v 0.298556 0.332714 0.471828
v 0.271777 0.280351 0.479973
v 0.276097 0.275611 0.478159
v 0.273964 0.279177 0.479739
v 0.268075 0.269885 0.475693
v 0.264375 0.274684 0.477225
v 0.316952 0.277807 0.453335
v 0.313856 0.272604 0.454890
v 0.309908 0.277619 0.462795
v 0.313627 0.282837 0.460958
v 0.311340 0.283044 0.463029
v 0.271036 0.359364 0.477967
v 0.267318 0.354147 0.479804
v 0.270387 0.353991 0.479462
v 0.259287 0.358869 0.477032
v 0.262383 0.364071 0.475477
v 0.308165 0.366790 0.454674
v 0.311865 0.361991 0.453142
v 0.309167 0.356632 0.460788
v 0.304847 0.361372 0.462603
v 0.307522 0.357842 0.462218
v 0.275889 0.275416 0.474764
v 0.270552 0.280162 0.477039
v 0.312241 0.282638 0.458096
v 0.307514 0.277294 0.460394
v 0.266079 0.354174 0.476869
v 0.270807 0.359517 0.474571
v 0.302432 0.361396 0.460201
v 0.307769 0.356650 0.457926
v 0.266900 0.362257 0.477412
v 0.263416 0.356695 0.479244
v 0.272340 0.272239 0.477618
v 0.268211 0.277349 0.479425
v 0.306847 0.364630 0.459261
v 0.311044 0.359524 0.457602
v 0.312287 0.274611 0.459467
v 0.315838 0.280178 0.457784
v 0.262383 0.364071 0.475477
v 0.259287 0.358869 0.477032
v 0.264375 0.274684 0.477225
v 0.268075 0.269885 0.475693
v 0.311865 0.361991 0.453142
v 0.308165 0.366790 0.454674
v 0.313856 0.272604 0.454890
v 0.316952 0.277807 0.453335
v 0.266622 0.276670 0.474642
v 0.270716 0.272399 0.472943
v 0.313349 0.279445 0.453410
v 0.309820 0.274721 0.455174
v 0.308486 0.359931 0.453225
v 0.304412 0.364204 0.454969
v 0.261759 0.357156 0.474457
v 0.265308 0.361881 0.472738
v 0.270552 0.280162 0.477039
v 0.275889 0.275416 0.474764
v 0.307514 0.277294 0.460394
v 0.312241 0.282638 0.458096
v 0.307769 0.356650 0.457926
v 0.302432 0.361396 0.460201
v 0.270807 0.359517 0.474571
v 0.266079 0.354174 0.476869
v 0.235361 0.308146 0.497400
v 0.234356 0.307876 0.493266
v 0.293856 0.321200 0.479285
v 0.294673 0.321420 0.482390
v 0.234982 0.310605 0.497379
v 0.233947 0.310525 0.493244
v 0.295502 0.323709 0.478764
v 0.296200 0.323748 0.481907
v 0.236441 0.291929 0.498136
v 0.235442 0.291625 0.494003
v 0.296870 0.315219 0.478760
v 0.297542 0.315427 0.481901
v 0.236062 0.294387 0.498115
v 0.235033 0.294275 0.493980
v 0.294607 0.316711 0.479248
v 0.295442 0.316811 0.482354
v 0.291128 0.322772 0.479793
v 0.289628 0.320254 0.480279
v 0.291850 0.322814 0.483006
v 0.290458 0.320477 0.483457
v 0.289588 0.314821 0.480489
v 0.291695 0.313231 0.480044
v 0.290439 0.314922 0.483682
v 0.292395 0.313447 0.483269
v 0.235023 0.306944 0.495342
v 0.293602 0.320300 0.481048
v 0.235383 0.295398 0.496039
v 0.294113 0.317362 0.480997
v 0.289439 0.319351 0.482063
v 0.289165 0.315511 0.482264
v 0.292515 0.312985 0.481557
v 0.291824 0.323355 0.481291
v 0.297711 0.314990 0.480222
v 0.236033 0.291186 0.496074
v 0.296218 0.324288 0.480219
v 0.234373 0.311156 0.495307
v -0.289152 0.308623 0.480286
v -0.299944 0.309214 0.478277
v -0.288105 0.328631 0.480544
v -0.298897 0.329222 0.478535
v -0.286538 0.304542 0.478102
v -0.284885 0.331902 0.478040
v -0.298556 0.332714 0.471828
v -0.300209 0.305354 0.471890
v -0.286538 0.304542 0.478102
v -0.300209 0.305354 0.471890
v -0.284885 0.331902 0.478040
v -0.298556 0.332714 0.471828
v -0.271777 0.280351 0.479973
v -0.276097 0.275611 0.478159
v -0.273964 0.279177 0.479739
v -0.268075 0.269885 0.475693
v -0.264375 0.274684 0.477225
v -0.316952 0.277807 0.453335
v -0.313856 0.272604 0.454890
v -0.309908 0.277619 0.462795
v -0.313627 0.282837 0.460958
v -0.311340 0.283044 0.463029
v -0.271036 0.359364 0.477967
v -0.267318 0.354147 0.479804
v -0.270387 0.353991 0.479462
v -0.259287 0.358869 0.477032
v -0.262383 0.364071 0.475477
v -0.308165 0.366790 0.454674
v -0.311865 0.361991 0.453142
v -0.309167 0.356632 0.460788
v -0.304847 0.361372 0.462603
v -0.307522 0.357842 0.462218
v -0.275889 0.275416 0.474764
v -0.270552 0.280162 0.477039
v -0.312241 0.282638 0.458096
v -0.307514 0.277294 0.460394
v -0.266079 0.354174 0.476869
v -0.270807 0.359517 0.474571
v -0.302432 0.361396 0.460201
v -0.307769 0.356650 0.457926
v -0.266900 0.362257 0.477412
v -0.263416 0.356695 0.479244
v -0.272340 0.272239 0.477618
v -0.268211 0.277349 0.479425
v -0.306847 0.364630 0.459261
v -0.311044 0.359524 0.457602
v -0.312287 0.274611 0.459467
v -0.315838 0.280178 0.457784
v -0.262383 0.364071 0.475477
v -0.259287 0.358869 0.477032
v -0.264375 0.274684 0.477225
v -0.268075 0.269885 0.475693
v -0.311865 0.361991 0.453142
v -0.308165 0.366790 0.454674
v -0.313856 0.272604 0.454890
v -0.316952 0.277807 0.453335
v -0.266622 0.276670 0.474642
v -0.270716 0.272399 0.472943
v -0.313349 0.279445 0.453410
v -0.309820 0.274721 0.455174
v -0.308486 0.359931 0.453225
v -0.304412 0.364204 0.454969
v -0.261759 0.357156 0.474457
v -0.265308 0.361881 0.472738
v -0.270552 0.280162 0.477039
v -0.275889 0.275416 0.474764
v -0.307514 0.277294 0.460394
v -0.312241 0.282638 0.458096
v -0.307769 0.356650 0.457926
v -0.302432 0.361396 0.460201
v -0.270807 0.359517 0.474571
v -0.266079 0.354174 0.476869
v -0.235361 0.308146 0.497400
v -0.234356 0.307876 0.493266
v -0.293856 0.321200 0.479285
v -0.294673 0.321420 0.482390
v -0.234982 0.310605 0.497379
v -0.233947 0.310525 0.493244
v -0.295502 0.323709 0.478764
v -0.296200 0.323748 0.481907
v -0.236441 0.291929 0.498136
v -0.235442 0.291625 0.494003
v -0.296870 0.315219 0.478760
v -0.297542 0.315427 0.481901
v -0.236062 0.294387 0.498115
v -0.235033 0.294275 0.493980
v -0.294607 0.316711 0.479248
v -0.295442 0.316811 0.482354
v -0.291128 0.322772 0.479793
v -0.289628 0.320254 0.480279
v -0.291850 0.322814 0.483006
v -0.290458 0.320477 0.483457
v -0.289588 0.314821 0.480489
v -0.291695 0.313231 0.480044
v -0.290439 0.314922 0.483682
v -0.292395 0.313447 0.483269
v -0.235023 0.306944 0.495342
v -0.293602 0.320300 0.481048
v -0.235383 0.295398 0.496039
v -0.294113 0.317362 0.480997
v -0.289439 0.319351 0.482063
v -0.289165 0.315511 0.482264
v -0.292515 0.312985 0.481557
v -0.291824 0.323355 0.481291
v -0.297711 0.314990 0.480222
v -0.236033 0.291186 0.496074
v -0.296218 0.324288 0.480219
v -0.234373 0.311156 0.495307
v 0.167031 -0.083326 -0.321175
v 0.167031 -0.083326 -0.242287
v 0.088143 0.000908 -0.224547
v 0.167031 0.000908 -0.338914
v 0.167031 0.000908 -0.224547
v 0.121330 -0.068987 -0.256626
v 0.121330 -0.068987 -0.306835
v 0.091465 -0.007285 -0.245335
v 0.091465 -0.007285 -0.318126
v 0.081118 -0.068987 -0.306835
v 0.051254 -0.007285 -0.245335
v 0.156665 0.042194 -0.338914
v 0.156665 0.042194 -0.224547
v -0.167031 0.000908 -0.338914
v -0.167031 0.000908 -0.224547
v -0.121330 -0.068987 -0.256626
v -0.121330 -0.068987 -0.306835
v -0.091465 -0.007285 -0.245335
v -0.091465 -0.007285 -0.318126
v -0.081118 -0.068987 -0.256626
v -0.156665 0.042194 -0.338914
v 0.088143 0.000908 -0.338914
v 0.128702 -0.083326 -0.321175
v 0.128702 -0.083326 -0.242287
v 0.167031 -0.083326 -0.321175
v 0.167031 -0.083326 -0.242287
v 0.091465 -0.007285 -0.318126
v 0.121330 -0.068987 -0.306835
v 0.121330 -0.068987 -0.256626
v 0.091465 -0.007285 -0.245335
v 0.051254 -0.007285 -0.318126
v 0.081118 -0.068987 -0.256626
v -0.088143 0.000908 -0.338914
v -0.128702 -0.083326 -0.321175
v -0.128702 -0.083326 -0.242287
v -0.088143 0.000908 -0.224547
v -0.167031 -0.083326 -0.321175
v -0.167031 -0.083326 -0.242287
v -0.091465 -0.007285 -0.318126
v -0.121330 -0.068987 -0.306835
v -0.121330 -0.068987 -0.256626
v -0.091465 -0.007285 -0.245335
v -0.051254 -0.007285 -0.318126
v -0.081118 -0.068987 -0.306835
v -0.051254 -0.007285 -0.245335
v -0.156665 0.042194 -0.224547
v 0.003727 -0.081316 0.448985
v 0.038722 -0.079119 0.446255
v 0.020615 -0.080863 0.571720
v 0.001858 -0.074152 0.448801
v 0.039245 -0.071748 0.447026
v 0.037692 -0.071844 0.588314
v 0.011111 -0.080852 0.425424
v 0.009443 -0.073671 0.424731
v 0.027305 -0.079836 0.412752
v 0.026152 -0.072607 0.411631
v 0.045226 -0.078711 0.409995
v 0.044376 -0.071454 0.408786
v 0.003727 -0.081316 0.550819
v 0.002104 -0.074130 0.551398
v 0.037788 -0.071835 0.551005
v 0.020615 -0.082844 0.448985
v 0.019942 -0.071746 0.595357
v 0.034003 -0.082003 0.428286
v 0.060408 -0.072082 0.409995
v 0.057488 -0.074217 0.443838
v 0.054251 -0.068148 0.408786
v 0.052676 -0.068989 0.445061
v 0.064426 -0.082443 0.426916
v 0.079358 -0.044338 0.409995
v 0.085498 -0.044354 0.443435
v 0.078159 -0.037130 0.408786
v 0.074512 -0.037121 0.444905
v 0.083432 -0.052200 0.426914
v 0.093266 -0.042517 0.403725
v 0.106690 -0.042533 0.437006
v 0.091877 -0.019180 0.404709
v 0.106355 -0.028563 0.438582
v 0.098997 -0.045109 0.422601
v 0.126625 -0.042533 0.409428
v 0.127663 -0.023101 0.410639
v 0.109966 -0.045109 0.406456
v 0.002193 -0.074122 0.588651
v 0.037504 -0.079196 0.550395
v 0.106629 -0.045109 0.055584
v 0.121904 -0.042533 0.048327
v 0.090230 -0.019180 0.063377
v 0.078491 -0.013037 0.309144
v 0.094721 -0.042517 0.316553
v 0.093482 -0.019180 0.316553
v 0.129745 -0.023101 0.316553
v 0.128549 -0.042533 0.316553
v 0.111638 -0.045109 0.316553
v 0.144004 -0.012675 0.309597
v 0.141867 -0.047399 0.309597
v 0.111646 -0.052716 0.154404
v 0.080891 -0.047852 0.154404
v 0.080891 -0.047852 0.309144
v 0.142392 -0.047880 0.154404
v 0.129745 -0.023101 0.146995
v 0.078491 -0.013037 0.154404
v 0.144004 -0.012675 0.153951
v 0.091349 -0.042517 0.062845
v 0.122984 -0.023101 0.047813
v 0.111646 -0.052716 0.309144
v 0.111638 -0.045109 0.146995
v 0.094721 -0.042517 0.146995
v 0.129745 -0.023101 0.071238
v 0.094721 -0.042517 0.071238
v 0.093482 -0.019180 0.071238
v 0.128549 -0.042533 0.071238
v 0.111638 -0.045109 0.071238
v 0.093482 -0.019180 0.146995
v 0.128549 -0.042533 0.146995
v 0.040906 -0.045109 -0.094641
v 0.056180 -0.042533 -0.101899
v 0.024507 -0.019180 -0.086849
v 0.025625 -0.042517 -0.087381
v 0.057261 -0.023101 -0.102413
v 0.054050 -0.042533 -0.109689
v 0.019008 -0.019180 -0.108330
v 0.033715 -0.045109 -0.486561
v 0.052492 -0.042533 -0.479702
v 0.014636 -0.019180 -0.483251
v 0.015598 -0.042517 -0.483846
v 0.053687 -0.023101 -0.479748
v 0.046250 -0.042533 -0.502920
v 0.047269 -0.023101 -0.503546
v 0.020246 -0.042517 -0.108378
v 0.037151 -0.045109 -0.109034
v 0.055245 -0.023101 -0.109735
v 0.027466 -0.023101 -0.518666
v 0.002270 -0.045109 -0.503207
v -0.152552 -0.042201 -0.486956
v 0.018792 -0.045109 -0.502771
v 0.026893 -0.042533 -0.517616
v 0.002038 -0.019180 -0.485053
v -0.003626 -0.010772 -0.540928
v -0.178767 -0.040463 -0.493321
v -0.166472 -0.023548 -0.519192
v -0.193470 -0.040435 -0.512977
v -0.175370 -0.027354 -0.530437
v -0.145326 -0.010772 -0.540928
v -0.173329 -0.044692 -0.503206
v -0.168025 -0.039871 -0.516782
v -0.180205 -0.019782 -0.487177
v -0.186363 -0.048412 -0.526453
v -0.176207 -0.046491 -0.531605
v -0.196562 -0.019712 -0.511195
v -0.195699 -0.049016 -0.537932
v -0.201763 -0.027152 -0.538557
v -0.178876 -0.033672 -0.562828
v -0.179324 -0.046049 -0.562815
v -0.200305 -0.032895 -0.562230
v -0.200836 -0.045448 -0.597206
v -0.178793 -0.033759 -0.597820
v -0.190266 -0.052074 -0.597501
v -0.179245 -0.046230 -0.597808
v -0.200385 -0.032977 -0.597218
v -0.189363 -0.027133 -0.597526
v -0.200305 -0.045166 -0.598546
v -0.179324 -0.034041 -0.599131
v -0.190244 -0.051473 -0.598827
v -0.179754 -0.045911 -0.599119
v -0.199875 -0.033296 -0.598558
v -0.189385 -0.027734 -0.598851
v -0.189815 -0.040524 -0.592107
v -0.190263 -0.051849 -0.562510
v -0.200754 -0.045272 -0.562218
v -0.189367 -0.027095 -0.562535
v -0.152388 -0.042216 -0.519452
v -0.152383 -0.023548 -0.520601
v -0.152470 -0.044692 -0.503207
v -0.152558 -0.019782 -0.485766
v -0.145339 -0.048416 -0.533265
v -0.144723 -0.049086 -0.472459
v -0.071347 -0.048416 -0.533265
v -0.144736 -0.002663 -0.464362
v -0.144546 -0.057658 -0.503219
v -0.071523 -0.056609 -0.503219
v -0.071334 -0.010772 -0.540928
v -0.004982 -0.049598 -0.471976
v -0.071713 -0.002607 -0.465409
v -0.005009 -0.002703 -0.463600
v -0.002087 -0.047414 -0.530729
v -0.071700 -0.048382 -0.473123
v 0.002501 -0.023101 -0.521313
v 0.002486 -0.042533 -0.520117
v -0.004606 -0.058420 -0.503219
v -0.004230 -0.049638 -0.534406
v 0.002054 -0.042517 -0.486291
v -0.002076 -0.015808 -0.532572
v -0.002491 -0.009386 -0.473774
v -0.002474 -0.047395 -0.475694
v -0.002215 -0.051420 -0.503221
v -0.183973 -0.050629 -0.597676
v -0.202281 -0.039152 -0.597166
v -0.196439 -0.050178 -0.597328
v -0.177349 -0.040055 -0.597861
v -0.195657 -0.028578 -0.597350
v -0.183191 -0.029029 -0.597698
v -0.184254 -0.050098 -0.598994
v -0.201679 -0.039174 -0.598508
v -0.196119 -0.049668 -0.598663
v -0.177950 -0.040033 -0.599170
v -0.195375 -0.029109 -0.598684
v -0.183510 -0.029539 -0.599015
v 0.111646 -0.052716 0.154404
v 0.142392 -0.047880 0.154404
v 0.080891 -0.047852 0.154404
v 0.078491 -0.013037 0.154404
v 0.144004 -0.012675 0.153951
v 0.141867 -0.047399 0.309597
v 0.144004 -0.012675 0.309597
v 0.078491 -0.013037 0.309144
v 0.080891 -0.047852 0.309144
v 0.111646 -0.052716 0.309144
v -0.005009 -0.002703 -0.463600
v -0.004982 -0.049598 -0.471976
v -0.004606 -0.058420 -0.503219
v -0.004230 -0.049638 -0.534406
v -0.003626 -0.010772 -0.540928
v -0.144723 -0.049086 -0.472459
v -0.144546 -0.057658 -0.503219
v -0.144736 -0.002663 -0.464362
v -0.145339 -0.048416 -0.533265
v -0.145326 -0.010772 -0.540928
v -0.184254 -0.050098 -0.598994
v -0.179754 -0.045911 -0.599119
v -0.201679 -0.039174 -0.598508
v -0.200305 -0.045166 -0.598546
v -0.196119 -0.049668 -0.598663
v -0.190244 -0.051473 -0.598827
v -0.177950 -0.040033 -0.599170
v -0.179324 -0.034041 -0.599131
v -0.195375 -0.029109 -0.598684
v -0.199875 -0.033296 -0.598558
v -0.183510 -0.029539 -0.599015
v -0.189385 -0.027734 -0.598851
v 0.203106 -0.022976 0.709634
v 0.064453 -0.022925 0.712377
v 0.213483 -0.022933 0.706058
v 0.232543 -0.022941 0.684096
v 0.240280 -0.022952 0.668391
v 0.242345 0.005427 0.650408
v 0.241461 -0.020856 0.658642
v 0.241682 -0.017436 0.655319
v 0.241048 -0.022363 0.663505
v 0.243186 0.046598 0.635579
v 0.242207 0.039505 0.641011
v 0.241718 0.021874 0.646824
v 0.244281 0.051790 0.628664
v 0.244825 0.055661 0.620860
v 0.245973 0.058944 0.610499
v 0.247125 0.061228 0.596033
v 0.248423 0.062796 0.575026
v 0.252081 0.059776 0.492733
v 0.249369 0.063132 0.554158
v 0.250418 0.062739 0.533388
v 0.251344 0.061714 0.512655
v 0.251815 0.056614 0.481318
v 0.249096 0.046123 0.465468
v 0.246308 0.007072 0.442801
v 0.246628 0.034623 0.455995
v 0.246330 0.022208 0.448962
v 0.249581 0.002859 0.439208
v 0.249855 -0.020137 0.428938
v 0.249928 -0.023385 0.423848
v 0.250851 -0.023385 -0.141898
v 0.250701 -0.020281 -0.155999
v 0.250654 -0.011273 -0.164704
v 0.250857 0.003100 -0.171687
v 0.248714 0.043509 -0.197602
v 0.250086 0.045493 -0.200052
v 0.249178 0.045302 -0.363498
v 0.247537 0.013889 -0.383474
v 0.250728 0.010445 -0.388254
v 0.250813 -0.009728 -0.401327
v 0.250826 -0.022871 -0.411870
v 0.250970 -0.027510 -0.421077
v 0.248426 0.042871 -0.365044
v 0.251331 -0.027510 -0.538104
v 0.251567 -0.027510 -0.580572
v 0.235295 -0.027357 -0.594998
v 0.250228 -0.027472 -0.585841
v 0.247930 -0.027446 -0.589780
v 0.243028 -0.027405 -0.593001
v 0.178748 -0.027357 -0.599790
v 0.226398 -0.022940 0.695364
v 0.221453 -0.022931 0.701608
v 0.249963 -0.023385 0.388692
v 0.250767 -0.023385 0.239904
v 0.250820 -0.023385 0.016253
v 0.247800 0.032884 -0.190851
v 0.247479 0.019860 -0.183346
v 0.249962 0.046005 -0.327064
v 0.209771 -0.027357 -0.598162
v 0.133192 -0.027357 -0.599790
v 0.134940 -0.022912 0.711311
v 0.250937 0.051280 0.472092
v 0.247515 0.006946 -0.176546
v 0.204706 -0.022958 0.682389
v 0.076297 -0.041816 0.687356
v 0.134940 -0.022912 0.685862
v 0.205557 -0.023594 0.667253
v 0.205557 0.012999 0.667911
v 0.205557 0.072165 0.644416
v 0.132147 -0.023808 0.424093
v 0.133869 0.076243 0.470435
v 0.205557 0.086050 0.615938
v 0.133869 0.016477 0.435186
v 0.205557 0.090746 0.555658
v 0.205557 0.088393 0.499030
v 0.133869 0.086536 0.556105
v 0.147871 0.010405 0.577770
v 0.205557 0.078066 0.466367
v 0.133869 0.070629 0.639807
v 0.205557 0.016337 0.426644
v 0.132147 -0.023808 0.658985
v 0.205557 -0.025394 0.415207
v 0.133869 0.013072 0.660915
v 0.076297 -0.041816 0.648228
v 0.052245 -0.068184 0.629429
v 0.052245 -0.068184 0.380504
v 0.076517 -0.041889 0.350028
v 0.129682 -0.028693 0.376960
v 0.030677 -0.047184 0.246851
v 0.048414 -0.014219 0.231142
v 0.056708 -0.044536 0.272682
v 0.088548 -0.013849 0.340375
v 0.226191 -0.024712 0.388330
v 0.228649 -0.023385 -0.141898
v 0.132970 -0.014499 0.361774
v 0.228565 -0.023385 0.241992
v 0.228596 -0.023385 0.010018
v 0.215855 -0.014133 0.368961
v 0.217075 -0.014133 0.231142
v 0.132970 -0.014499 0.231142
v 0.071591 -0.014034 0.267855
v 0.122331 0.047699 0.516366
v 0.122890 0.046845 0.592576
v 0.147022 0.010934 0.520401
v 0.121236 -0.023824 0.587767
v 0.120413 -0.023816 0.510528
v 0.052245 -0.068184 0.611558
v 0.052245 -0.068184 0.502050
v 0.076350 -0.041833 0.609587
v 0.076394 -0.041848 0.499997
v 0.147734 -0.020341 0.575462
v 0.146978 -0.020713 0.517848
v 0.158050 -0.028142 0.566449
v 0.157578 -0.028519 0.525160
v 0.134171 -0.074823 0.576219
v 0.134215 -0.074838 0.518252
v 0.156940 -0.068358 0.566633
v 0.156973 -0.068361 0.525109
v 0.157659 -0.038059 0.555737
v 0.157551 -0.038132 0.535233
v 0.157219 -0.058558 0.555812
v 0.157111 -0.058631 0.535308
v 0.157462 -0.048293 0.560021
v 0.157309 -0.048396 0.531024
v 0.157074 -0.062840 0.545576
v 0.157696 -0.033849 0.545470
v 0.169639 -0.038415 0.555141
v 0.169531 -0.038488 0.534637
v 0.169199 -0.058914 0.555217
v 0.169091 -0.058987 0.534713
v 0.169441 -0.048649 0.559426
v 0.169288 -0.048753 0.530429
v 0.169054 -0.063196 0.544980
v 0.169676 -0.034206 0.544874
v 0.048414 -0.014219 0.005144
v 0.217075 -0.014133 0.005144
v 0.132970 -0.014499 0.005144
v 0.141216 -0.028118 0.254088
v 0.208830 -0.027824 0.254088
v 0.207849 -0.027824 0.356162
v 0.141216 -0.028118 0.350384
v 0.081692 -0.014219 -0.138661
v 0.228587 -0.023385 0.022678
v 0.217075 -0.014133 0.027473
v 0.048414 -0.014219 0.027473
v 0.132970 -0.014499 0.027473
v 0.132959 -0.040103 0.038103
v 0.057725 -0.033625 0.038103
v 0.207789 -0.033548 0.038103
v 0.132959 -0.040103 0.209661
v 0.207789 -0.033548 0.209661
v 0.057725 -0.033625 0.209661
v 0.048414 -0.034459 0.009924
v 0.132970 -0.030299 0.009924
v 0.048414 -0.034459 0.022611
v 0.132970 -0.030299 0.022611
v 0.217075 -0.014133 -0.138661
v 0.165839 -0.014499 -0.138661
v 0.048831 -0.014419 -0.565934
v 0.132970 -0.014499 -0.565934
v 0.049330 -0.027357 -0.599790
v 0.133192 -0.027357 -0.578356
v 0.049330 -0.027357 -0.578356
v 0.236513 -0.027357 -0.573925
v 0.055768 -0.033413 -0.553905
v 0.228254 -0.014499 -0.562779
v 0.130539 -0.029730 -0.553905
v 0.084480 -0.014340 -0.428845
v 0.165839 -0.014499 -0.428845
v 0.165839 -0.031492 -0.430410
v 0.165839 -0.031492 -0.444715
v 0.084497 -0.014348 -0.446280
v 0.165839 -0.014499 -0.446280
v 0.228690 -0.014499 -0.446280
v 0.235474 -0.028122 -0.444715
v 0.235474 -0.028122 -0.430410
v 0.228690 -0.014499 -0.428845
v 0.084486 -0.033344 -0.430410
v 0.084492 -0.033347 -0.444715
v 0.186735 0.090720 -0.198365
v 0.216953 0.090936 -0.198365
v 0.186735 0.090720 -0.369506
v 0.239153 0.045302 -0.363498
v 0.240801 -0.022871 -0.411870
v 0.148072 -0.014499 -0.403183
v 0.239107 0.012167 -0.385864
v 0.239161 0.005023 -0.174116
v 0.148072 -0.014499 -0.166988
v 0.240061 0.045493 -0.200052
v 0.176257 0.090720 -0.215071
v 0.240676 -0.020281 -0.155999
v 0.251045 -0.027510 -0.445289
v 0.176257 0.090720 -0.354371
v 0.169083 0.020371 -0.419633
v 0.223803 0.090720 -0.369506
v 0.152447 0.020371 -0.174452
v 0.152447 0.020371 -0.395606
v 0.217056 0.020713 -0.147930
v 0.169083 0.020371 -0.147930
v 0.227931 0.020371 -0.419633
v 0.037703 -0.020614 -0.016537
v 0.067602 -0.020614 -0.145736
v 0.070107 -0.020723 -0.406446
v 0.061403 -0.022637 -0.004643
v 0.207107 -0.022562 -0.004643
v 0.134450 -0.027772 -0.004643
v 0.090152 -0.022637 -0.128874
v 0.207107 -0.022562 -0.128874
v 0.162845 -0.027772 -0.128874
v 0.215214 -0.024798 -0.551381
v 0.087463 -0.033350 -0.458151
v 0.159748 -0.029730 -0.458151
v 0.215602 -0.024798 -0.458151
v 0.091013 -0.021923 -0.160091
v 0.093034 -0.022026 -0.407611
v 0.139134 -0.022161 -0.392349
v 0.139134 -0.022161 -0.177626
v 0.030379 -0.024972 0.213566
v 0.030379 -0.024972 0.044326
v 0.061360 -0.021628 0.245006
v 0.091435 -0.021350 0.326861
v 0.124724 -0.021837 0.342897
v 0.124724 -0.021837 0.245006
v 0.078728 -0.021489 0.272518
v -0.203106 -0.022976 0.709634
v -0.064453 -0.022925 0.712377
v -0.213483 -0.022933 0.706058
v -0.232543 -0.022941 0.684096
v -0.240280 -0.022952 0.668391
v -0.242345 0.005427 0.650408
v -0.241461 -0.020856 0.658642
v -0.241682 -0.017436 0.655319
v -0.241048 -0.022363 0.663505
v -0.243186 0.046598 0.635579
v -0.242207 0.039505 0.641011
v -0.241718 0.021874 0.646824
v -0.244281 0.051790 0.628664
v -0.244825 0.055661 0.620860
v -0.245973 0.058944 0.610499
v -0.247125 0.061228 0.596033
v -0.248423 0.062796 0.575026
v -0.252081 0.059776 0.492733
v -0.249369 0.063132 0.554158
v -0.250418 0.062739 0.533388
v -0.251344 0.061714 0.512655
v -0.251815 0.056614 0.481318
v -0.249096 0.046123 0.465468
v -0.246308 0.007072 0.442801
v -0.246628 0.034623 0.455995
v -0.246330 0.022208 0.448962
v -0.249581 0.002859 0.439208
v -0.249855 -0.020137 0.428938
v -0.249928 -0.023385 0.423848
v -0.250851 -0.023385 -0.141898
v -0.250701 -0.020281 -0.155999
v -0.250654 -0.011273 -0.164704
v -0.250857 0.003100 -0.171687
v -0.248714 0.043509 -0.197602
v -0.250086 0.045493 -0.200052
v -0.249178 0.045302 -0.363498
v -0.247537 0.013889 -0.383474
v -0.250728 0.010445 -0.388254
v -0.250813 -0.009728 -0.401327
v -0.250826 -0.022871 -0.411870
v -0.250970 -0.027510 -0.421077
v -0.248426 0.042871 -0.365044
v -0.251331 -0.027510 -0.538104
v -0.251567 -0.027510 -0.580572
v -0.235295 -0.027357 -0.594998
v -0.250228 -0.027472 -0.585841
v -0.247930 -0.027446 -0.589780
v -0.243028 -0.027405 -0.593001
v -0.178748 -0.027357 -0.599790
v -0.226398 -0.022940 0.695364
v -0.221453 -0.022931 0.701608
v -0.249963 -0.023385 0.388692
v -0.250767 -0.023385 0.239904
v -0.250820 -0.023385 0.016253
v -0.247800 0.032884 -0.190851
v -0.247479 0.019860 -0.183346
v -0.249962 0.046005 -0.327064
v -0.209771 -0.027357 -0.598162
v -0.133192 -0.027357 -0.599790
v -0.134940 -0.022912 0.711311
v 0.000000 -0.023001 0.713076
v 0.000000 -0.027357 -0.599790
v -0.250937 0.051280 0.472092
v -0.247515 0.006946 -0.176546
v -0.204706 -0.022958 0.682389
v -0.076297 -0.041816 0.687356
v -0.134940 -0.022912 0.685862
v 0.000000 -0.041892 0.688056
v -0.205557 -0.023594 0.667253
v -0.205557 0.012999 0.667911
v -0.205557 0.072165 0.644416
v -0.132147 -0.023808 0.424093
v -0.133869 0.076243 0.470435
v -0.205557 0.086050 0.615938
v -0.133869 0.016477 0.435186
v -0.205557 0.090746 0.555658
v -0.205557 0.088393 0.499030
v -0.133869 0.086536 0.556105
v -0.147871 0.010405 0.577770
v -0.205557 0.078066 0.466367
v -0.133869 0.070629 0.639807
v -0.205557 0.016337 0.426644
v -0.132147 -0.023808 0.658985
v -0.205557 -0.025394 0.415207
v -0.133869 0.013072 0.660915
v -0.076297 -0.041816 0.648228
v 0.000000 -0.041892 0.658933
v -0.052245 -0.068184 0.629429
v 0.000000 -0.074163 0.636107
v -0.052245 -0.068184 0.380504
v 0.000000 -0.074163 0.375574
v -0.076517 -0.041889 0.350028
v 0.000000 -0.057284 0.337793
v -0.129682 -0.028693 0.376960
v -0.030677 -0.047184 0.246851
v 0.000000 -0.057284 0.241992
v -0.048414 -0.014219 0.231142
v -0.056708 -0.044536 0.272682
v -0.088548 -0.013849 0.340375
v -0.226191 -0.024712 0.388330
v -0.228649 -0.023385 -0.141898
v -0.132970 -0.014499 0.361774
v -0.228565 -0.023385 0.241992
v -0.228596 -0.023385 0.010018
v -0.215855 -0.014133 0.368961
v -0.217075 -0.014133 0.231142
v -0.132970 -0.014499 0.231142
v -0.071591 -0.014034 0.267855
v 0.000000 -0.014691 0.223753
v -0.122331 0.047699 0.516366
v -0.122890 0.046845 0.592576
v -0.147022 0.010934 0.520401
v -0.121236 -0.023824 0.587767
v -0.120413 -0.023816 0.510528
v 0.000000 -0.074163 0.502882
v 0.000000 -0.074163 0.612306
v -0.052245 -0.068184 0.611558
v -0.052245 -0.068184 0.502050
v -0.076350 -0.041833 0.609587
v -0.076394 -0.041848 0.499997
v -0.147734 -0.020341 0.575462
v -0.146978 -0.020713 0.517848
v -0.158050 -0.028142 0.566449
v -0.157578 -0.028519 0.525160
v -0.134171 -0.074823 0.576219
v -0.134215 -0.074838 0.518252
v -0.156940 -0.068358 0.566633
v -0.156973 -0.068361 0.525109
v -0.157659 -0.038059 0.555737
v -0.157551 -0.038132 0.535233
v -0.157219 -0.058558 0.555812
v -0.157111 -0.058631 0.535308
v -0.157462 -0.048293 0.560021
v -0.157309 -0.048396 0.531024
v -0.157074 -0.062840 0.545576
v -0.157696 -0.033849 0.545470
v -0.169639 -0.038415 0.555141
v -0.169531 -0.038488 0.534637
v -0.169199 -0.058914 0.555217
v -0.169091 -0.058987 0.534713
v -0.169441 -0.048649 0.559426
v -0.169288 -0.048753 0.530429
v -0.169054 -0.063196 0.544980
v -0.169676 -0.034206 0.544874
v -0.048414 -0.014219 0.005144
v -0.217075 -0.014133 0.005144
v -0.132970 -0.014499 0.005144
v 0.000000 -0.014691 0.005144
v -0.141216 -0.028118 0.254088
v -0.208830 -0.027824 0.254088
v -0.207849 -0.027824 0.356162
v -0.141216 -0.028118 0.350384
v -0.081692 -0.014219 -0.138661
v -0.228587 -0.023385 0.022678
v 0.000000 -0.014691 0.026301
v -0.217075 -0.014133 0.027473
v -0.048414 -0.014219 0.027473
v -0.132970 -0.014499 0.027473
v -0.132959 -0.040103 0.038103
v -0.057725 -0.033625 0.038103
v -0.207789 -0.033548 0.038103
v -0.132959 -0.040103 0.209661
v -0.207789 -0.033548 0.209661
v -0.057725 -0.033625 0.209661
v -0.048414 -0.034459 0.009924
v -0.132970 -0.030299 0.009924
v 0.000000 -0.036152 0.009924
v 0.000000 -0.036152 0.021946
v -0.048414 -0.034459 0.022611
v -0.132970 -0.030299 0.022611
v -0.217075 -0.014133 -0.138661
v -0.165839 -0.014499 -0.138661
v -0.048831 -0.014419 -0.565934
v -0.132970 -0.014499 -0.565934
v 0.000000 -0.014691 -0.565934
v -0.049330 -0.027357 -0.599790
v 0.000000 -0.027357 -0.578356
v -0.133192 -0.027357 -0.578356
v -0.049330 -0.027357 -0.578356
v -0.236513 -0.027357 -0.573925
v -0.055768 -0.033413 -0.553905
v -0.228254 -0.014499 -0.562779
v -0.130539 -0.029730 -0.553905
v -0.084480 -0.014340 -0.428845
v -0.165839 -0.014499 -0.428845
v 0.000000 -0.014691 -0.428845
v 0.000000 -0.035647 -0.444715
v -0.165839 -0.031492 -0.430410
v -0.165839 -0.031492 -0.444715
v -0.084497 -0.014348 -0.446280
v 0.000000 -0.014691 -0.446280
v -0.165839 -0.014499 -0.446280
v 0.000000 -0.035647 -0.430410
v -0.228690 -0.014499 -0.446280
v -0.235474 -0.028122 -0.444715
v -0.235474 -0.028122 -0.430410
v -0.228690 -0.014499 -0.428845
v -0.084486 -0.033344 -0.430410
v -0.084492 -0.033347 -0.444715
v -0.186735 0.090720 -0.198365
v -0.216953 0.090936 -0.198365
v -0.186735 0.090720 -0.369506
v -0.239153 0.045302 -0.363498
v -0.240801 -0.022871 -0.411870
v -0.148072 -0.014499 -0.403183
v -0.239107 0.012167 -0.385864
v -0.239161 0.005023 -0.174116
v -0.148072 -0.014499 -0.166988
v -0.240061 0.045493 -0.200052
v -0.176257 0.090720 -0.215071
v -0.240676 -0.020281 -0.155999
v -0.251045 -0.027510 -0.445289
v -0.176257 0.090720 -0.354371
v -0.169083 0.020371 -0.419633
v -0.223803 0.090720 -0.369506
v -0.152447 0.020371 -0.174452
v -0.152447 0.020371 -0.395606
v -0.217056 0.020713 -0.147930
v -0.169083 0.020371 -0.147930
v -0.227931 0.020371 -0.419633
v -0.037703 -0.020614 -0.016537
v 0.000000 -0.030270 -0.016537
v -0.067602 -0.020614 -0.145736
v 0.000000 -0.030270 -0.145736
v -0.070107 -0.020723 -0.406446
v 0.000000 -0.030270 -0.406446
v -0.061403 -0.022637 -0.004643
v -0.207107 -0.022562 -0.004643
v -0.134450 -0.027772 -0.004643
v -0.090152 -0.022637 -0.128874
v -0.207107 -0.022562 -0.128874
v -0.162845 -0.027772 -0.128874
v 0.000000 -0.033654 -0.553905
v -0.215214 -0.024798 -0.551381
v -0.087463 -0.033350 -0.458151
v 0.000000 -0.033654 -0.458151
v -0.159748 -0.029730 -0.458151
v -0.215602 -0.024798 -0.458151
v -0.091013 -0.021923 -0.160091
v -0.093034 -0.022026 -0.407611
v -0.139134 -0.022161 -0.392349
v -0.139134 -0.022161 -0.177626
v -0.030379 -0.024972 0.213566
v 0.000000 -0.025363 0.207426
v 0.000000 -0.025363 0.043352
v -0.030379 -0.024972 0.044326
v -0.061360 -0.021628 0.245006
v -0.091435 -0.021350 0.326861
v -0.124724 -0.021837 0.342897
v -0.124724 -0.021837 0.245006
v -0.078728 -0.021489 0.272518
v -0.217075 -0.014133 -0.138661
v -0.165839 -0.014499 -0.138661
v -0.148072 -0.014499 -0.166988
v -0.228690 -0.014499 -0.428845
v -0.165839 -0.014499 -0.428845
v -0.148072 -0.014499 -0.403183
v -0.240801 -0.022871 -0.411870
v -0.250826 -0.022871 -0.411870
v -0.250701 -0.020281 -0.155999
v -0.240676 -0.020281 -0.155999
v 0.217075 -0.014133 -0.138661
v 0.165839 -0.014499 -0.138661
v 0.148072 -0.014499 -0.166988
v 0.228690 -0.014499 -0.428845
v 0.165839 -0.014499 -0.428845
v 0.148072 -0.014499 -0.403183
v 0.240801 -0.022871 -0.411870
v 0.250826 -0.022871 -0.411870
v 0.250701 -0.020281 -0.155999
v 0.240676 -0.020281 -0.155999
v 0.000000 -0.014691 -0.565934
v 0.048831 -0.014419 -0.565934
v 0.132970 -0.014499 -0.565934
v 0.228254 -0.014499 -0.562779
v 0.000000 -0.014691 -0.446280
v 0.084497 -0.014348 -0.446280
v 0.165839 -0.014499 -0.446280
v 0.228690 -0.014499 -0.446280
v -0.048831 -0.014419 -0.565934
v -0.132970 -0.014499 -0.565934
v -0.228254 -0.014499 -0.562779
v -0.084497 -0.014348 -0.446280
v -0.165839 -0.014499 -0.446280
v -0.228690 -0.014499 -0.446280
v 0.048414 -0.014219 0.005144
v 0.081692 -0.014219 -0.138661
v 0.217075 -0.014133 0.005144
v 0.132970 -0.014499 0.005144
v 0.165839 -0.014499 -0.138661
v 0.217075 -0.014133 -0.138661
v -0.048414 -0.014219 0.005144
v -0.081692 -0.014219 -0.138661
v -0.217075 -0.014133 0.005144
v -0.132970 -0.014499 0.005144
v -0.165839 -0.014499 -0.138661
v -0.217075 -0.014133 -0.138661
v 0.081692 -0.014219 -0.138661
v 0.081692 -0.014219 -0.138661
v 0.084480 -0.014340 -0.428845
v 0.148072 -0.014499 -0.403183
v 0.148072 -0.014499 -0.166988
v -0.081692 -0.014219 -0.138661
v -0.081692 -0.014219 -0.138661
v -0.084480 -0.014340 -0.428845
v -0.148072 -0.014499 -0.403183
v -0.148072 -0.014499 -0.166988
v 0.000000 -0.014691 0.005144
v 0.048414 -0.014219 0.005144
v 0.000000 -0.014691 -0.428845
v 0.084480 -0.014340 -0.428845
v -0.048414 -0.014219 0.005144
v -0.084480 -0.014340 -0.428845
v 0.217075 -0.014133 0.231142
v 0.217075 -0.014133 0.231142
v 0.215855 -0.014133 0.368961
v 0.071591 -0.014034 0.267855
v 0.048414 -0.014219 0.231142
v 0.048414 -0.014219 0.231142
v 0.048414 -0.014219 0.231142
v 0.088548 -0.013849 0.340375
v 0.132970 -0.014499 0.361774
v 0.132970 -0.014499 0.361774
v 0.132970 -0.014499 0.231142
v 0.132970 -0.014499 0.231142
v 0.000000 -0.014691 0.223753
v 0.048414 -0.014219 0.027473
v 0.132970 -0.014499 0.027473
v 0.217075 -0.014133 0.027473
v -0.217075 -0.014133 0.231142
v -0.217075 -0.014133 0.231142
v -0.215855 -0.014133 0.368961
v -0.071591 -0.014034 0.267855
v -0.048414 -0.014219 0.231142
v -0.048414 -0.014219 0.231142
v -0.048414 -0.014219 0.231142
v -0.088548 -0.013849 0.340375
v -0.132970 -0.014499 0.361774
v -0.132970 -0.014499 0.361774
v -0.132970 -0.014499 0.231142
v -0.132970 -0.014499 0.231142
v -0.048414 -0.014219 0.027473
v -0.132970 -0.014499 0.027473
v -0.217075 -0.014133 0.027473
v 0.076297 -0.041816 0.648228
v 0.000000 -0.041892 0.658933
v 0.076517 -0.041889 0.350028
v 0.088548 -0.013849 0.340375
v 0.122890 0.046845 0.592576
v 0.122331 0.047699 0.516366
v 0.120413 -0.023816 0.510528
v 0.121236 -0.023824 0.587767
v 0.076394 -0.041848 0.499997
v 0.076350 -0.041833 0.609587
v -0.076297 -0.041816 0.648228
v -0.076517 -0.041889 0.350028
v -0.088548 -0.013849 0.340375
v -0.122890 0.046845 0.592576
v -0.122331 0.047699 0.516366
v -0.120413 -0.023816 0.510528
v -0.121236 -0.023824 0.587767
v -0.076394 -0.041848 0.499997
v -0.076350 -0.041833 0.609587
v 0.157462 -0.048293 0.560021
v 0.157219 -0.058558 0.555812
v 0.157309 -0.048396 0.531024
v 0.157551 -0.038132 0.535233
v 0.157074 -0.062840 0.545576
v 0.157696 -0.033849 0.545470
v 0.157659 -0.038059 0.555737
v 0.157111 -0.058631 0.535308
v -0.157462 -0.048293 0.560021
v -0.157219 -0.058558 0.555812
v -0.157309 -0.048396 0.531024
v -0.157551 -0.038132 0.535233
v -0.157074 -0.062840 0.545576
v -0.157696 -0.033849 0.545470
v -0.157659 -0.038059 0.555737
v -0.157111 -0.058631 0.535308
v 0.120413 -0.023816 0.510528
v 0.132147 -0.023808 0.424093
v 0.132147 -0.023808 0.658985
v 0.121236 -0.023824 0.587767
v 0.241682 -0.017436 0.655319
v 0.205557 -0.023594 0.667253
v 0.205557 -0.025394 0.415207
v 0.249928 -0.023385 0.423848
v -0.132147 -0.023808 0.658985
v -0.121236 -0.023824 0.587767
v -0.241682 -0.017436 0.655319
v -0.205557 -0.023594 0.667253
v -0.120413 -0.023816 0.510528
v -0.132147 -0.023808 0.424093
v -0.205557 -0.025394 0.415207
v -0.249928 -0.023385 0.423848
v 0.222310 0.091915 -0.596559
v 0.222323 0.101674 -0.596559
v 0.216598 0.109577 -0.596559
v 0.207321 0.112605 -0.596559
v 0.198035 0.109602 -0.596559
v 0.192289 0.101715 -0.596559
v 0.192276 0.091956 -0.596559
v 0.198001 0.084053 -0.596559
v 0.207278 0.081025 -0.596559
v 0.216564 0.084028 -0.596559
v 0.222310 0.091915 -0.601075
v 0.222323 0.101674 -0.601075
v 0.216598 0.109577 -0.601075
v 0.207321 0.112605 -0.601075
v 0.198035 0.109602 -0.601075
v 0.192289 0.101715 -0.601075
v 0.192276 0.091956 -0.601075
v 0.198001 0.084053 -0.601075
v 0.207278 0.081025 -0.601075
v 0.216564 0.084028 -0.601075
v 0.219777 0.092742 -0.603033
v 0.219787 0.100854 -0.603033
v 0.215028 0.107423 -0.603033
v 0.207317 0.109940 -0.603033
v 0.199599 0.107444 -0.603033
v 0.194822 0.100887 -0.603033
v 0.194812 0.092776 -0.603033
v 0.199571 0.086207 -0.603033
v 0.207282 0.083690 -0.603033
v 0.215000 0.086186 -0.603033
v 0.212134 0.027813 -0.615266
v 0.207288 0.026245 -0.615266
v 0.202447 0.027826 -0.615266
v 0.199459 0.032299 -0.615266
v 0.199465 0.036695 -0.615266
v 0.202464 0.041160 -0.615266
v 0.207311 0.042727 -0.615266
v 0.212152 0.041147 -0.615266
v 0.215140 0.036691 -0.615266
v 0.215134 0.032261 -0.615266
v 0.215000 0.023858 -0.603033
v 0.207282 0.021362 -0.603033
v 0.199571 0.023879 -0.603033
v 0.194812 0.030447 -0.603033
v 0.194822 0.038559 -0.603033
v 0.199599 0.045115 -0.603033
v 0.207317 0.047611 -0.603033
v 0.215028 0.045094 -0.603033
v 0.219787 0.038525 -0.603033
v 0.219777 0.030414 -0.603033
v 0.216564 0.021699 -0.601075
v 0.207278 0.018696 -0.601075
v 0.198001 0.021724 -0.601075
v 0.192276 0.029627 -0.601075
v 0.192289 0.039386 -0.601075
v 0.198035 0.047273 -0.601075
v 0.207321 0.050277 -0.601075
v 0.216598 0.047249 -0.601075
v 0.222323 0.039346 -0.601075
v 0.222310 0.029587 -0.601075
v 0.216564 0.021699 -0.596559
v 0.207278 0.018696 -0.596559
v 0.198001 0.021724 -0.596559
v 0.192276 0.029627 -0.596559
v 0.192289 0.039386 -0.596559
v 0.198035 0.047273 -0.596559
v 0.207321 0.050277 -0.596559
v 0.216598 0.047249 -0.596559
v 0.222323 0.039346 -0.596559
v 0.222310 0.029587 -0.596559
v 0.215000 0.023858 -0.603033
v 0.219777 0.030414 -0.603033
v 0.207282 0.021362 -0.603033
v 0.199571 0.023879 -0.603033
v 0.194812 0.030447 -0.603033
v 0.194822 0.038559 -0.603033
v 0.199599 0.045115 -0.603033
v 0.207317 0.047611 -0.603033
v 0.215028 0.045094 -0.603033
v 0.219787 0.038525 -0.603033
v 0.249773 0.214629 0.280865
v 0.250294 0.211051 0.282362
v 0.247396 0.210629 0.269298
v 0.248540 0.202761 0.277249
v 0.254377 0.207991 0.273633
v 0.253857 0.211569 0.272135
v 0.254367 0.215175 0.281971
v 0.254480 0.211660 0.283610
v 0.255373 0.208258 0.281971
v 0.254593 0.206509 0.277249
v 0.260296 0.208852 0.276337
v 0.260731 0.212569 0.275192
v 0.257174 0.216960 0.280626
v 0.258572 0.207346 0.280626
v 0.261431 0.209383 0.281121
v 0.262074 0.212765 0.280694
v 0.260618 0.215660 0.281083
v 0.261288 0.210001 0.289881
v 0.261648 0.212703 0.289510
v 0.260620 0.215056 0.289848
v 0.258597 0.216005 0.290778
v 0.256973 0.214671 0.291675
v 0.256613 0.211970 0.292047
v 0.257728 0.209483 0.291675
v 0.259664 0.208668 0.290778
v 0.257892 0.213978 0.318123
v 0.257692 0.209241 0.316911
v 0.258587 0.210167 0.318080
v 0.258645 0.212172 0.318564
v 0.256625 0.214777 0.316911
v 0.255730 0.213851 0.315741
v 0.255672 0.211846 0.315257
v 0.256485 0.209937 0.315741
v 0.253940 0.213544 0.319800
v 0.253563 0.214441 0.318174
v 0.250814 0.207472 0.273633
v 0.250294 0.211051 0.272135
v 0.249557 0.216111 0.277249
v 0.250814 0.207472 0.280865
v 0.251030 0.205990 0.277249
v 0.253120 0.216630 0.277249
v 0.253365 0.214951 0.273500
v 0.259369 0.215824 0.276235
v 0.249802 0.214432 0.273500
v 0.254667 0.209737 0.319742
v 0.254369 0.211703 0.320392
v 0.254018 0.211664 0.315883
v 0.254630 0.208905 0.318174
v 0.246609 0.216040 0.271351
v 0.246251 0.218497 0.277307
v 0.247396 0.210629 0.285200
v 0.248205 0.205066 0.282871
v 0.248201 0.205091 0.271609
v 0.246586 0.216193 0.282871
v 0.254431 0.209733 0.316472
v 0.253684 0.213605 0.316472
v 0.142353 0.420227 -0.577811
v 0.142913 0.420758 -0.577680
v 0.142295 0.421006 -0.578162
v 0.144647 0.413204 -0.564693
v 0.144089 0.412660 -0.564802
v 0.131588 0.412660 -0.564802
v 0.131031 0.413204 -0.564693
v 0.133382 0.421006 -0.578162
v 0.132765 0.420758 -0.577680
v 0.133325 0.420227 -0.577811
v 0.144089 0.450150 -0.557323
v 0.144647 0.449606 -0.557432
v 0.131031 0.449606 -0.557432
v 0.131588 0.450150 -0.557323
v 0.133325 0.448153 -0.572240
v 0.132765 0.447613 -0.572322
v 0.133382 0.447569 -0.572863
v 0.142295 0.447569 -0.572863
v 0.142913 0.447613 -0.572322
v 0.142353 0.448153 -0.572240
v 0.254464 0.149292 0.532615
v 0.250126 0.161265 0.529176
v 0.255336 0.159293 0.503378
v 0.257766 0.158004 0.505032
v 0.255327 0.149292 0.503667
v 0.250971 0.161265 0.500830
v 0.260422 0.152552 0.516802
v 0.260422 0.158004 0.516802
v 0.257730 0.152552 0.506263
v 0.255281 0.151263 0.505192
v 0.254539 0.151263 0.530100
v 0.255408 0.161265 0.500963
v 0.250027 0.149292 0.532482
v 0.250891 0.149292 0.503534
v 0.254562 0.161265 0.529308
v 0.254605 0.159293 0.527882
v 0.257110 0.158004 0.527023
v 0.257066 0.152552 0.528529
v 0.215134 0.094589 -0.615266
v 0.215140 0.099020 -0.615266
v 0.212152 0.103476 -0.615266
v 0.207311 0.105056 -0.615266
v 0.202464 0.103489 -0.615266
v 0.199465 0.099023 -0.615266
v 0.199459 0.094628 -0.615266
v 0.202447 0.090154 -0.615266
v 0.207288 0.088574 -0.615266
v 0.212134 0.090141 -0.615266
v 0.216564 0.052959 -0.596559
v 0.207278 0.049955 -0.596559
v 0.198001 0.052984 -0.596559
v 0.192276 0.060886 -0.596559
v 0.192289 0.070645 -0.596559
v 0.198035 0.078533 -0.596559
v 0.207321 0.081536 -0.596559
v 0.216598 0.078508 -0.596559
v 0.222323 0.070605 -0.596559
v 0.222310 0.060846 -0.596559
v 0.216089 0.053614 -0.601811
v 0.215216 0.054819 -0.603033
v 0.207279 0.050765 -0.601811
v 0.207281 0.052252 -0.603033
v 0.198478 0.053638 -0.601811
v 0.199354 0.054840 -0.603033
v 0.193046 0.061135 -0.601811
v 0.194461 0.061593 -0.603033
v 0.193058 0.070394 -0.601811
v 0.194472 0.069933 -0.603033
v 0.198510 0.077877 -0.601811
v 0.199383 0.076673 -0.603033
v 0.207320 0.080726 -0.601811
v 0.207318 0.079239 -0.603033
v 0.216121 0.077854 -0.601811
v 0.215245 0.076651 -0.603033
v 0.221553 0.070356 -0.601811
v 0.220138 0.069898 -0.603033
v 0.220127 0.061559 -0.603033
v 0.221541 0.061097 -0.601811
v 0.228147 -0.014694 -0.622062
v 0.228277 -0.015666 -0.621174
v 0.229178 -0.014771 -0.621181
v 0.233617 -0.017335 -0.593123
v 0.232715 -0.018230 -0.593123
v 0.182699 -0.018230 -0.593123
v 0.181796 -0.017335 -0.593123
v 0.186236 -0.014771 -0.621181
v 0.187137 -0.015666 -0.621174
v 0.187267 -0.014694 -0.622062
v 0.229178 0.008240 -0.621181
v 0.228277 0.009136 -0.621174
v 0.228147 0.008164 -0.622062
v 0.232715 0.011700 -0.593123
v 0.233617 0.010804 -0.593123
v 0.181796 0.010804 -0.593123
v 0.182699 0.011700 -0.593123
v 0.187267 0.008164 -0.622062
v 0.187137 0.009136 -0.621174
v 0.186236 0.008240 -0.621181
v 0.219777 0.092742 -0.603033
v 0.219787 0.100854 -0.603033
v 0.215028 0.107423 -0.603033
v 0.207317 0.109940 -0.603033
v 0.199599 0.107444 -0.603033
v 0.194822 0.100887 -0.603033
v 0.194812 0.092776 -0.603033
v 0.199571 0.086207 -0.603033
v 0.207282 0.083690 -0.603033
v 0.215000 0.086186 -0.603033
v -0.253692 0.117099 0.190883
v -0.259818 0.142484 0.198396
v -0.259639 0.117057 0.192134
v -0.259639 0.117057 0.198396
v -0.259818 0.142484 0.192134
v -0.253871 0.142526 0.199647
v -0.253871 0.142526 0.190883
v -0.253692 0.117099 0.199647
v -0.242124 0.029630 -0.074939
v -0.243491 0.023858 -0.069112
v -0.247194 0.008227 -0.069254
v -0.248504 0.002696 -0.091249
v -0.249017 0.000532 -0.083236
v -0.245347 0.016024 -0.067031
v -0.243435 0.024098 -0.096934
v -0.242091 0.029769 -0.091002
v -0.241612 0.031794 -0.082952
v -0.250223 0.030597 -0.076047
v -0.251716 0.025694 -0.071012
v -0.253742 0.019039 -0.069214
v -0.255759 0.012415 -0.071135
v -0.257225 0.007598 -0.076260
v -0.257749 0.005878 -0.083217
v -0.257189 0.007716 -0.090141
v -0.255697 0.012619 -0.095176
v -0.253670 0.019274 -0.096974
v -0.251654 0.025898 -0.095053
v -0.250187 0.030715 -0.089928
v -0.249663 0.032435 -0.082971
v -0.245281 0.016301 -0.099157
v -0.247137 0.008467 -0.097076
v -0.248537 0.002557 -0.075186
v -0.253137 0.023586 -0.075242
v -0.252167 0.026772 -0.078515
v -0.254454 0.019261 -0.074074
v -0.255764 0.014957 -0.075322
v -0.256717 0.011826 -0.078653
v -0.257058 0.010708 -0.083174
v -0.256694 0.011903 -0.087673
v -0.255724 0.015089 -0.090946
v -0.254407 0.019414 -0.092114
v -0.253097 0.023718 -0.090866
v -0.252144 0.026849 -0.087535
v -0.251803 0.027967 -0.083014
v -0.257087 0.023856 -0.077286
v -0.256369 0.026214 -0.079707
v -0.258061 0.020657 -0.076422
v -0.259030 0.017473 -0.077345
v -0.259735 0.015158 -0.079809
v -0.259987 0.014331 -0.083153
v -0.259718 0.015214 -0.086481
v -0.259000 0.017571 -0.088902
v -0.258026 0.020770 -0.089766
v -0.257057 0.023954 -0.088843
v -0.256352 0.026270 -0.086379
v -0.256100 0.027097 -0.083035
v -0.253137 0.023586 -0.075242
v -0.252167 0.026772 -0.078515
v -0.257058 0.010708 -0.083174
v -0.256717 0.011826 -0.078653
v -0.253097 0.023718 -0.090866
v -0.254407 0.019414 -0.092114
v -0.255764 0.014957 -0.075322
v -0.254454 0.019261 -0.074074
v -0.252144 0.026849 -0.087535
v -0.255724 0.015089 -0.090946
v -0.256694 0.011903 -0.087673
v -0.251803 0.027967 -0.083014
v -0.249773 0.214629 0.280865
v -0.250294 0.211051 0.282362
v -0.247396 0.210629 0.269298
v -0.248540 0.202761 0.277249
v -0.254377 0.207991 0.273633
v -0.253857 0.211569 0.272135
v -0.254367 0.215175 0.281971
v -0.254480 0.211660 0.283610
v -0.255373 0.208258 0.281971
v -0.254593 0.206509 0.277249
v -0.260296 0.208852 0.276337
v -0.260731 0.212569 0.275192
v -0.257174 0.216960 0.280626
v -0.258572 0.207346 0.280626
v -0.261431 0.209383 0.281121
v -0.262074 0.212765 0.280694
v -0.260618 0.215660 0.281083
v -0.261288 0.210001 0.289881
v -0.261648 0.212703 0.289510
v -0.260620 0.215056 0.289848
v -0.258597 0.216005 0.290778
v -0.256973 0.214671 0.291675
v -0.256613 0.211970 0.292047
v -0.257728 0.209483 0.291675
v -0.259664 0.208668 0.290778
v -0.257892 0.213978 0.318123
v -0.257692 0.209241 0.316911
v -0.258587 0.210167 0.318080
v -0.258645 0.212172 0.318564
v -0.256625 0.214777 0.316911
v -0.255730 0.213851 0.315741
v -0.255672 0.211846 0.315257
v -0.256485 0.209937 0.315741
v -0.253940 0.213544 0.319800
v -0.253563 0.214441 0.318174
v -0.250814 0.207472 0.273633
v -0.250294 0.211051 0.272135
v -0.249557 0.216111 0.277249
v -0.250814 0.207472 0.280865
v -0.251030 0.205990 0.277249
v -0.253120 0.216630 0.277249
v -0.253365 0.214951 0.273500
v -0.259369 0.215824 0.276235
v -0.249802 0.214432 0.273500
v -0.254667 0.209737 0.319742
v -0.254369 0.211703 0.320392
v -0.254018 0.211664 0.315883
v -0.254630 0.208905 0.318174
v -0.246609 0.216040 0.271351
v -0.246251 0.218497 0.277307
v -0.247396 0.210629 0.285200
v -0.248205 0.205066 0.282871
v -0.248201 0.205091 0.271609
v -0.246586 0.216193 0.282871
v -0.254431 0.209733 0.316472
v -0.253684 0.213605 0.316472
v -0.142353 0.420227 -0.577811
v -0.142913 0.420758 -0.577680
v -0.142295 0.421006 -0.578162
v -0.144647 0.413204 -0.564693
v -0.144089 0.412660 -0.564802
v -0.131588 0.412660 -0.564802
v -0.131031 0.413204 -0.564693
v -0.133382 0.421006 -0.578162
v -0.132765 0.420758 -0.577680
v -0.133325 0.420227 -0.577811
v -0.144089 0.450150 -0.557323
v -0.144647 0.449606 -0.557432
v -0.131031 0.449606 -0.557432
v -0.131588 0.450150 -0.557323
v -0.133325 0.448153 -0.572240
v -0.132765 0.447613 -0.572322
v -0.133382 0.447569 -0.572863
v -0.142295 0.447569 -0.572863
v -0.142913 0.447613 -0.572322
v -0.142353 0.448153 -0.572240
v -0.254464 0.149292 0.532615
v -0.250126 0.161265 0.529176
v -0.255336 0.159293 0.503378
v -0.257766 0.158004 0.505032
v -0.255327 0.149292 0.503667
v -0.250971 0.161265 0.500830
v -0.260422 0.152552 0.516802
v -0.260422 0.158004 0.516802
v -0.257730 0.152552 0.506263
v -0.255281 0.151263 0.505192
v -0.254539 0.151263 0.530100
v -0.255408 0.161265 0.500963
v -0.250027 0.149292 0.532482
v -0.250891 0.149292 0.503534
v -0.254562 0.161265 0.529308
v -0.254605 0.159293 0.527882
v -0.257110 0.158004 0.527023
v -0.257066 0.152552 0.528529
v -0.222310 0.091915 -0.596559
v -0.222323 0.101674 -0.596559
v -0.216598 0.109577 -0.596559
v -0.207321 0.112605 -0.596559
v -0.198035 0.109602 -0.596559
v -0.192289 0.101715 -0.596559
v -0.192276 0.091956 -0.596559
v -0.198001 0.084053 -0.596559
v -0.207278 0.081025 -0.596559
v -0.216564 0.084028 -0.596559
v -0.222310 0.091915 -0.601075
v -0.222323 0.101674 -0.601075
v -0.216598 0.109577 -0.601075
v -0.207321 0.112605 -0.601075
v -0.198035 0.109602 -0.601075
v -0.192289 0.101715 -0.601075
v -0.192276 0.091956 -0.601075
v -0.198001 0.084053 -0.601075
v -0.207278 0.081025 -0.601075
v -0.216564 0.084028 -0.601075
v -0.219777 0.092742 -0.603033
v -0.219787 0.100854 -0.603033
v -0.215028 0.107423 -0.603033
v -0.207317 0.109940 -0.603033
v -0.199599 0.107444 -0.603033
v -0.194822 0.100887 -0.603033
v -0.194812 0.092776 -0.603033
v -0.199571 0.086207 -0.603033
v -0.207282 0.083690 -0.603033
v -0.215000 0.086186 -0.603033
v -0.215134 0.094589 -0.615266
v -0.215140 0.099020 -0.615266
v -0.212152 0.103476 -0.615266
v -0.207311 0.105056 -0.615266
v -0.202464 0.103489 -0.615266
v -0.199465 0.099023 -0.615266
v -0.199459 0.094628 -0.615266
v -0.202447 0.090154 -0.615266
v -0.207288 0.088574 -0.615266
v -0.212134 0.090141 -0.615266
v -0.216564 0.052959 -0.596559
v -0.207278 0.049955 -0.596559
v -0.198001 0.052984 -0.596559
v -0.192276 0.060886 -0.596559
v -0.192289 0.070645 -0.596559
v -0.198035 0.078533 -0.596559
v -0.207321 0.081536 -0.596559
v -0.216598 0.078508 -0.596559
v -0.222323 0.070605 -0.596559
v -0.222310 0.060846 -0.596559
v -0.212134 0.027813 -0.615266
v -0.207288 0.026245 -0.615266
v -0.202447 0.027826 -0.615266
v -0.199459 0.032299 -0.615266
v -0.199465 0.036695 -0.615266
v -0.202464 0.041160 -0.615266
v -0.207311 0.042727 -0.615266
v -0.212152 0.041147 -0.615266
v -0.215140 0.036691 -0.615266
v -0.215134 0.032261 -0.615266
v -0.215000 0.023858 -0.603033
v -0.207282 0.021362 -0.603033
v -0.199571 0.023879 -0.603033
v -0.194812 0.030447 -0.603033
v -0.194822 0.038559 -0.603033
v -0.199599 0.045115 -0.603033
v -0.207317 0.047611 -0.603033
v -0.215028 0.045094 -0.603033
v -0.219787 0.038525 -0.603033
v -0.219777 0.030414 -0.603033
v -0.216564 0.021699 -0.601075
v -0.207278 0.018696 -0.601075
v -0.198001 0.021724 -0.601075
v -0.192276 0.029627 -0.601075
v -0.192289 0.039386 -0.601075
v -0.198035 0.047273 -0.601075
v -0.207321 0.050277 -0.601075
v -0.216598 0.047249 -0.601075
v -0.222323 0.039346 -0.601075
v -0.222310 0.029587 -0.601075
v -0.216564 0.021699 -0.596559
v -0.207278 0.018696 -0.596559
v -0.198001 0.021724 -0.596559
v -0.192276 0.029627 -0.596559
v -0.192289 0.039386 -0.596559
v -0.198035 0.047273 -0.596559
v -0.207321 0.050277 -0.596559
v -0.216598 0.047249 -0.596559
v -0.222323 0.039346 -0.596559
v -0.222310 0.029587 -0.596559
v -0.216089 0.053614 -0.601811
v -0.215216 0.054819 -0.603033
v -0.207279 0.050765 -0.601811
v -0.207281 0.052252 -0.603033
v -0.198478 0.053638 -0.601811
v -0.199354 0.054840 -0.603033
v -0.193046 0.061135 -0.601811
v -0.194461 0.061593 -0.603033
v -0.193058 0.070394 -0.601811
v -0.194472 0.069933 -0.603033
v -0.198510 0.077877 -0.601811
v -0.199383 0.076673 -0.603033
v -0.207320 0.080726 -0.601811
v -0.207318 0.079239 -0.603033
v -0.216121 0.077854 -0.601811
v -0.215245 0.076651 -0.603033
v -0.221553 0.070356 -0.601811
v -0.220138 0.069898 -0.603033
v -0.220127 0.061559 -0.603033
v -0.221541 0.061097 -0.601811
v -0.228147 -0.014694 -0.622062
v -0.228277 -0.015666 -0.621174
v -0.229178 -0.014771 -0.621181
v -0.233617 -0.017335 -0.593123
v -0.232715 -0.018230 -0.593123
v -0.182699 -0.018230 -0.593123
v -0.181796 -0.017335 -0.593123
v -0.186236 -0.014771 -0.621181
v -0.187137 -0.015666 -0.621174
v -0.187267 -0.014694 -0.622062
v -0.229178 0.008240 -0.621181
v -0.228277 0.009136 -0.621174
v -0.228147 0.008164 -0.622062
v -0.232715 0.011700 -0.593123
v -0.233617 0.010804 -0.593123
v -0.181796 0.010804 -0.593123
v -0.182699 0.011700 -0.593123
v -0.187267 0.008164 -0.622062
v -0.187137 0.009136 -0.621174
v -0.186236 0.008240 -0.621181
v -0.219777 0.092742 -0.603033
v -0.219787 0.100854 -0.603033
v -0.215028 0.107423 -0.603033
v -0.207317 0.109940 -0.603033
v -0.199599 0.107444 -0.603033
v -0.194822 0.100887 -0.603033
v -0.194812 0.092776 -0.603033
v -0.199571 0.086207 -0.603033
v -0.207282 0.083690 -0.603033
v -0.215000 0.086186 -0.603033
v -0.215000 0.023858 -0.603033
v -0.219777 0.030414 -0.603033
v -0.207282 0.021362 -0.603033
v -0.199571 0.023879 -0.603033
v -0.194812 0.030447 -0.603033
v -0.194822 0.038559 -0.603033
v -0.199599 0.045115 -0.603033
v -0.207317 0.047611 -0.603033
v -0.215028 0.045094 -0.603033
v -0.219787 0.038525 -0.603033
v -0.249773 0.214629 -0.029165
v -0.250294 0.211051 -0.027668
v -0.247396 0.210629 -0.040732
v -0.248540 0.202761 -0.032782
v -0.254377 0.207991 -0.036398
v -0.253857 0.211569 -0.037895
v -0.254367 0.215175 -0.028059
v -0.254480 0.211660 -0.026420
v -0.255373 0.208258 -0.028059
v -0.254593 0.206509 -0.032781
v -0.260296 0.208852 -0.033693
v -0.260731 0.212569 -0.034838
v -0.257174 0.216960 -0.029404
v -0.258572 0.207346 -0.029404
v -0.261431 0.209383 -0.028909
v -0.262074 0.212765 -0.029336
v -0.260618 0.215660 -0.028947
v -0.261288 0.210001 -0.020149
v -0.261648 0.212703 -0.020520
v -0.260620 0.215056 -0.020182
v -0.258597 0.216005 -0.019252
v -0.256973 0.214671 -0.018355
v -0.256613 0.211970 -0.017983
v -0.257728 0.209483 -0.018355
v -0.259664 0.208668 -0.019252
v -0.257892 0.213978 0.008093
v -0.257692 0.209241 0.006880
v -0.258587 0.210167 0.008050
v -0.258645 0.212172 0.008534
v -0.256625 0.214777 0.006880
v -0.255730 0.213851 0.005711
v -0.255672 0.211846 0.005227
v -0.256485 0.209937 0.005711
v -0.253940 0.213544 0.009770
v -0.253563 0.214441 0.008144
v -0.250814 0.207472 -0.036398
v -0.250294 0.211051 -0.037895
v -0.249557 0.216111 -0.032781
v -0.250814 0.207472 -0.029165
v -0.251030 0.205990 -0.032781
v -0.253120 0.216630 -0.032781
v -0.253365 0.214951 -0.036531
v -0.259369 0.215824 -0.033795
v -0.249802 0.214432 -0.036531
v -0.254667 0.209737 0.009712
v -0.254369 0.211703 0.010361
v -0.254018 0.211664 0.005853
v -0.254630 0.208905 0.008144
v -0.246609 0.216040 -0.038679
v -0.246251 0.218497 -0.032723
v -0.247396 0.210629 -0.024830
v -0.248205 0.205066 -0.027159
v -0.248201 0.205091 -0.038421
v -0.246586 0.216193 -0.027159
v -0.254431 0.209733 0.006442
v -0.253684 0.213605 0.006442
v -0.252086 0.054869 0.190883
v -0.259742 0.079836 0.198396
v -0.258019 0.054466 0.192134
v -0.258019 0.054466 0.198396
v -0.259742 0.079836 0.192134
v -0.253809 0.080239 0.199647
v -0.253809 0.080239 0.190883
v -0.252086 0.054869 0.199647
v -0.228443 0.364248 0.190883
v -0.231437 0.390190 0.198396
v -0.234351 0.364930 0.192134
v -0.234351 0.364930 0.198396
v -0.231437 0.390190 0.192134
v -0.225529 0.389509 0.199647
v -0.225529 0.389509 0.190883
v -0.228443 0.364248 0.199647
v -0.242141 0.227031 0.190883
v -0.244704 0.253019 0.198396
v -0.248037 0.227810 0.192134
v -0.248037 0.227810 0.198396
v -0.244704 0.253019 0.192134
v -0.238808 0.252239 0.199647
v -0.238808 0.252239 0.190883
v -0.242141 0.227031 0.199647
v -0.226548 0.364248 0.481812
v -0.229542 0.390190 0.489324
v -0.232456 0.364930 0.483063
v -0.232456 0.364930 0.489324
v -0.229542 0.390190 0.483063
v -0.223634 0.389509 0.490576
v -0.223634 0.389509 0.481812
v -0.226548 0.364248 0.490576
v -0.241842 0.227031 0.484284
v -0.244405 0.253019 0.491796
v -0.247737 0.227810 0.485535
v -0.247737 0.227810 0.491796
v -0.244405 0.253019 0.485535
v -0.238509 0.252239 0.493048
v -0.238509 0.252239 0.484284
v -0.241842 0.227031 0.493048
v 0.226548 0.364248 0.481812
v 0.229542 0.390190 0.489324
v 0.232456 0.364930 0.483063
v 0.232456 0.364930 0.489324
v 0.229542 0.390190 0.483063
v 0.223634 0.389509 0.490576
v 0.223634 0.389509 0.481812
v 0.226548 0.364248 0.490576
v 0.241842 0.227031 0.484284
v 0.244405 0.253019 0.491796
v 0.247737 0.227810 0.485535
v 0.247737 0.227810 0.491796
v 0.244405 0.253019 0.485535
v 0.238509 0.252239 0.493048
v 0.238509 0.252239 0.484284
v 0.241842 0.227031 0.493048
v 0.228811 0.332605 0.369662
v 0.225293 0.337811 -0.189855
v 0.225183 0.337890 0.071747
v 0.236086 0.267269 0.276761
v 0.235807 0.270029 0.268134
v 0.232009 0.300882 0.473598
v 0.235036 0.277203 0.265952
v 0.220276 0.384749 0.185093
v 0.220463 0.384745 -0.041595
v 0.218107 0.407672 -0.041594
v 0.233136 0.261372 -0.039706
v 0.233351 0.259248 -0.035515
v 0.217494 0.411841 0.183509
v 0.232817 0.264492 -0.041594
v 0.229029 0.300925 -0.300749
v 0.220526 0.384615 -0.300749
v 0.233145 0.260646 -0.080680
v 0.232724 0.264792 -0.078831
v 0.217749 0.411946 -0.299224
v 0.218207 0.407438 -0.300749
v 0.233327 0.258635 -0.294605
v 0.232701 0.264790 -0.300749
v 0.217604 0.413378 -0.294591
v 0.138521 0.248906 -0.586507
v 0.146565 0.254453 -0.585857
v 0.147034 0.301501 -0.580353
v 0.144991 0.396211 -0.569275
v 0.141407 0.398061 -0.569060
v 0.053806 0.398151 -0.569066
v 0.146925 0.392123 -0.569753
v 0.055065 0.324196 0.606027
v 0.104560 0.324080 0.605753
v 0.146749 0.323883 0.605479
v 0.196835 0.323536 0.603041
v 0.206011 0.321325 0.588203
v 0.214905 0.317662 0.566144
v 0.219469 0.314172 0.546095
v 0.222980 0.310179 0.528766
v 0.224852 0.307388 0.516908
v 0.225894 0.305098 0.510858
v 0.226477 0.303594 0.507620
v 0.198335 0.270454 0.629429
v 0.054745 0.270341 0.632581
v 0.200794 0.270454 0.627886
v 0.227127 0.270968 0.535235
v 0.223480 0.270241 0.558820
v 0.228829 0.272135 0.519693
v 0.229507 0.274138 0.512062
v 0.210408 0.429040 0.509156
v 0.208701 0.432108 0.511934
v 0.146749 0.453147 0.540985
v 0.218903 0.270257 0.584099
v 0.104588 0.270357 0.632404
v 0.198875 0.323402 0.601782
v -0.228811 0.332605 0.369662
v -0.225293 0.337811 -0.189855
v -0.225183 0.337890 0.071747
v -0.235660 0.267355 0.462648
v -0.220687 0.409799 0.269613
v -0.235271 0.270799 0.470018
v -0.219866 0.413413 0.461331
v -0.220131 0.410764 0.470850
v -0.236086 0.267269 0.276761
v -0.235807 0.270029 0.268134
v -0.221363 0.403600 0.267084
v -0.232009 0.300882 0.473598
v -0.234390 0.278882 0.472738
v -0.235036 0.277203 0.265952
v -0.220897 0.403620 0.473738
v -0.220284 0.413351 0.277787
v -0.236194 0.264988 0.338723
v -0.220276 0.384749 0.185093
v -0.229086 0.300812 -0.041594
v -0.217687 0.411749 -0.039846
v -0.217494 0.411841 0.183509
v -0.217315 0.413612 0.179009
v -0.232817 0.264492 -0.041594
v -0.233217 0.258828 0.179015
v -0.229052 0.300927 -0.078831
v -0.220549 0.384608 -0.078831
v -0.229029 0.300925 -0.300749
v -0.220526 0.384615 -0.300749
v -0.233145 0.260646 -0.080680
v -0.232724 0.264792 -0.078831
v -0.217749 0.411946 -0.299224
v -0.218207 0.407438 -0.300749
v -0.217625 0.413380 -0.084989
v -0.233312 0.258993 -0.084975
v -0.232701 0.264790 -0.300749
v 0.000000 0.338827 -0.575995
v -0.146565 0.254453 -0.585857
v -0.147034 0.301501 -0.580353
v -0.144991 0.396211 -0.569275
v -0.000000 0.398207 -0.569070
v -0.055065 0.324196 0.606027
v 0.000000 0.324324 0.606173
v -0.104560 0.324080 0.605753
v -0.146749 0.323883 0.605479
v -0.196835 0.323536 0.603041
v -0.206011 0.321325 0.588203
v -0.214905 0.317662 0.566144
v -0.219469 0.314172 0.546095
v -0.222980 0.310179 0.528766
v -0.224852 0.307388 0.516908
v -0.225894 0.305098 0.510858
v -0.226477 0.303594 0.507620
v -0.146749 0.270378 0.632174
v -0.209860 0.270361 0.612975
v -0.227127 0.270968 0.535235
v -0.223480 0.270241 0.558820
v -0.228707 0.287380 0.505663
v -0.227075 0.301916 0.504649
v -0.216937 0.384876 0.505182
v -0.204694 0.438715 0.520291
v -0.200658 0.444452 0.528355
v -0.146749 0.453147 0.540985
v -0.055837 0.454308 0.541874
v -0.198875 0.323402 0.601782
v 0.212409 0.420651 0.506366
v 0.211445 0.426200 0.507522
v 0.194237 0.451322 0.538715
v 0.193212 0.451780 0.539287
v 0.200207 0.444452 0.528355
v 0.204694 0.438715 0.520291
v 0.055837 0.454308 0.541874
v 0.104490 0.453871 0.541365
v 0.213287 0.413715 0.506137
v 0.232479 0.300861 0.265124
v 0.223431 0.384517 0.265126
v 0.235660 0.267355 0.462648
v 0.219866 0.413413 0.461331
v 0.221363 0.403600 0.267084
v 0.220284 0.413351 0.277787
v 0.220131 0.410764 0.470850
v 0.235271 0.270799 0.470018
v 0.220687 0.409799 0.269613
v 0.236052 0.265016 0.400686
v 0.220549 0.384608 -0.078831
v 0.217315 0.413612 0.179009
v 0.217920 0.407681 0.185093
v 0.217493 0.413605 -0.035507
v 0.218229 0.407441 -0.078831
v 0.232631 0.264482 0.185093
v 0.233217 0.258828 0.179015
v 0.233038 0.260542 0.183004
v 0.217687 0.411749 -0.039846
v 0.233152 0.260345 -0.299317
v 0.143780 0.250642 -0.586303
v -0.054745 0.270341 0.632581
v 0.000000 0.270341 0.632581
v -0.229472 0.278590 0.507957
v -0.229507 0.274138 0.512062
v -0.212409 0.420651 0.506366
v -0.211445 0.426200 0.507522
v -0.210408 0.429040 0.509156
v -0.208701 0.432108 0.511934
v -0.194237 0.451322 0.538715
v -0.193212 0.451780 0.539287
v 0.000000 0.454745 0.542373
v -0.104490 0.453871 0.541365
v -0.218903 0.270257 0.584099
v -0.213287 0.413715 0.506137
v -0.232479 0.300861 0.265124
v -0.223431 0.384517 0.265126
v -0.222960 0.384537 0.474010
v -0.228900 0.300806 0.185093
v -0.218229 0.407441 -0.078831
v -0.232631 0.264482 0.185093
v -0.217754 0.412119 -0.080975
v -0.233038 0.260542 0.183004
v -0.141407 0.398061 -0.569060
v -0.146925 0.392123 -0.569753
v -0.138521 0.248906 -0.586507
v -0.107611 0.398096 -0.569062
v -0.053806 0.398151 -0.569066
v -0.104588 0.270357 0.632404
v 0.234390 0.278882 0.472738
v 0.222960 0.384537 0.474010
v 0.220897 0.403620 0.473738
v 0.236194 0.264988 0.338723
v 0.228707 0.287380 0.505663
v 0.229472 0.278590 0.507957
v 0.227075 0.301916 0.504649
v 0.216937 0.384876 0.505182
v -0.200794 0.270454 0.627886
v -0.198335 0.270454 0.629429
v -0.228829 0.272135 0.519693
v 0.146749 0.270378 0.632174
v 0.209860 0.270361 0.612975
v 0.229052 0.300927 -0.078831
v 0.217754 0.412119 -0.080975
v 0.217625 0.413380 -0.084989
v 0.228900 0.300806 0.185093
v -0.233136 0.261372 -0.039706
v -0.233351 0.259248 -0.035515
v -0.233152 0.260345 -0.299317
v -0.233327 0.258635 -0.294605
v -0.218107 0.407672 -0.041594
v -0.220463 0.384745 -0.041595
v -0.143780 0.250642 -0.586303
v -0.147034 0.381545 -0.570991
v 0.000000 0.248032 -0.586637
v 0.229086 0.300812 -0.041594
v 0.233312 0.258993 -0.084975
v 0.147034 0.381545 -0.570991
v 0.107611 0.398096 -0.569062
v -0.217920 0.407681 0.185093
v -0.217493 0.413605 -0.035507
v -0.236052 0.265016 0.400686
v -0.217604 0.413378 -0.294591
v 0.196835 0.323536 0.603041
v 0.198335 0.270454 0.629429
v 0.193212 0.451780 0.539287
v -0.196835 0.323536 0.603041
v -0.193212 0.451780 0.539287
v -0.198335 0.270454 0.629429
v 0.198388 0.268170 0.639050
v 0.193818 0.268170 0.640252
v 0.197048 0.455040 0.539369
v 0.193562 0.455711 0.540718
v 0.193222 0.268170 0.639936
v 0.193052 0.455677 0.540538
v 0.198744 0.268170 0.638454
v 0.197261 0.454859 0.538885
v 0.197079 0.268170 0.629687
v 0.195193 0.453371 0.534283
v 0.191550 0.268170 0.631142
v 0.190975 0.454182 0.535917
v -0.198392 0.268170 0.639050
v -0.193822 0.268170 0.640252
v -0.197053 0.455040 0.539369
v -0.193567 0.455711 0.540718
v -0.193226 0.268170 0.639936
v -0.193056 0.455677 0.540538
v -0.198748 0.268170 0.638454
v -0.197265 0.454859 0.538885
v -0.197083 0.268170 0.629687
v -0.195197 0.453371 0.534283
v -0.191555 0.268170 0.631142
v -0.190980 0.454182 0.535917
v 0.010198 0.223945 0.675773
v 0.011100 0.240004 0.663582
v 0.203106 -0.022976 0.709634
v 0.203138 0.176548 0.722216
v 0.064453 -0.022925 0.712377
v 0.064460 0.176548 0.725510
v 0.064460 0.188931 0.718573
v 0.064460 0.183411 0.724026
v 0.202372 0.182771 0.720794
v 0.195285 0.207294 0.685883
v 0.054745 0.207181 0.689175
v 0.201510 0.188290 0.715341
v 0.195285 0.267834 0.641133
v 0.064452 0.003897 0.714131
v 0.203117 0.003846 0.711388
v 0.213483 -0.022933 0.706058
v 0.214098 0.003851 0.708196
v 0.232543 -0.022941 0.684096
v 0.233816 0.003859 0.685745
v 0.240280 -0.022952 0.668391
v 0.240947 0.003867 0.670284
v 0.242345 0.005427 0.650408
v 0.242347 0.008222 0.658182
v 0.241461 -0.020856 0.658642
v 0.241682 -0.017436 0.655319
v 0.241895 0.005345 0.662934
v 0.241048 -0.022363 0.663505
v 0.243186 0.046598 0.635579
v 0.242207 0.039505 0.641011
v 0.243210 0.041850 0.644185
v 0.241718 0.021874 0.646824
v 0.242877 0.025035 0.651198
v 0.244281 0.051790 0.628664
v 0.245174 0.057882 0.626442
v 0.244825 0.055661 0.620860
v 0.245973 0.058944 0.610499
v 0.246879 0.064553 0.603987
v 0.247125 0.061228 0.596033
v 0.248423 0.062796 0.575026
v 0.248807 0.067509 0.564472
v 0.252081 0.059776 0.492733
v 0.251652 0.062483 0.485470
v 0.249369 0.063132 0.554158
v 0.250418 0.062739 0.533388
v 0.251344 0.061714 0.512655
v 0.250504 0.066726 0.522312
v 0.251815 0.056614 0.481318
v 0.249096 0.046123 0.465468
v 0.246308 0.007072 0.442801
v 0.247372 0.011569 0.440927
v 0.246628 0.034623 0.455995
v 0.246330 0.022208 0.448962
v 0.247084 0.024289 0.445618
v 0.248026 0.036928 0.452854
v 0.249581 0.002859 0.439208
v 0.250412 0.007356 0.437328
v 0.249855 -0.020137 0.428938
v 0.250723 -0.018158 0.424514
v 0.249928 -0.023385 0.423848
v 0.250851 -0.023385 -0.141898
v 0.251683 -0.018888 -0.141100
v 0.250701 -0.020281 -0.155999
v 0.251533 -0.016324 -0.153719
v 0.250654 -0.011273 -0.164704
v 0.251485 -0.007316 -0.162424
v 0.250857 0.003100 -0.171687
v 0.248714 0.043509 -0.197602
v 0.250086 0.045493 -0.200052
v 0.249178 0.045302 -0.363498
v 0.250009 0.048587 -0.365851
v 0.247537 0.013889 -0.383474
v 0.248369 0.018926 -0.385338
v 0.250728 0.010445 -0.388254
v 0.251559 0.015482 -0.390117
v 0.250813 -0.009728 -0.401327
v 0.251645 -0.005558 -0.403190
v 0.250826 -0.022871 -0.411870
v 0.251658 -0.018702 -0.413733
v 0.250970 -0.027510 -0.421077
v 0.251802 -0.023340 -0.422941
v 0.248426 0.042871 -0.365044
v 0.251331 -0.027510 -0.538104
v 0.252222 -0.023340 -0.538133
v 0.251567 -0.027510 -0.580572
v 0.252512 -0.023340 -0.580628
v 0.235295 -0.027357 -0.594998
v 0.235278 -0.023493 -0.596772
v 0.250228 -0.027472 -0.585841
v 0.247930 -0.027446 -0.589780
v 0.243028 -0.027405 -0.593001
v 0.248364 -0.023334 -0.590691
v 0.178748 -0.027357 -0.599790
v 0.178730 -0.023493 -0.601564
v 0.209860 0.270361 0.612975
v 0.227768 0.267915 0.559886
v 0.233259 0.269565 0.519438
v 0.231330 0.268431 0.535419
v 0.229472 0.278590 0.507957
v 0.234122 0.272206 0.510342
v 0.228707 0.287380 0.505663
v 0.233478 0.281121 0.505325
v 0.227075 0.301916 0.504649
v 0.231196 0.300404 0.502560
v 0.216937 0.384876 0.505182
v 0.222030 0.385263 0.503591
v 0.215511 0.431048 0.507484
v 0.202789 0.448177 0.530906
v 0.146749 0.456293 0.542907
v 0.227833 0.207394 0.637592
v 0.223165 0.267848 0.585295
v 0.213058 0.185564 0.718334
v 0.214238 0.190270 0.710580
v 0.220443 0.187240 0.713077
v 0.225423 0.188016 0.703589
v 0.229828 0.188031 0.690986
v 0.233458 0.187855 0.676714
v 0.230366 0.189021 0.675021
v 0.244513 0.187577 0.606028
v 0.241002 0.189021 0.606245
v 0.054745 0.237451 0.665773
v 0.195285 0.237564 0.663508
v 0.218415 0.237690 0.640147
v 0.222620 0.237587 0.624838
v 0.213161 0.237651 0.651864
v 0.205440 0.237649 0.660244
v 0.236768 0.238016 0.539082
v 0.228725 0.237621 0.594214
v 0.242096 0.238479 0.492105
v 0.234199 0.300418 0.489000
v 0.236276 0.278733 0.489259
v 0.214360 0.181470 0.719411
v 0.221632 0.183980 0.714153
v 0.234200 0.187456 0.677430
v 0.203178 0.154071 0.721216
v 0.064450 0.154192 0.723964
v 0.203156 0.098958 0.717611
v 0.064451 0.095499 0.720124
v 0.064452 0.049049 0.717085
v 0.203135 0.049006 0.714343
v 0.226398 -0.022940 0.695364
v 0.221453 -0.022931 0.701608
v 0.222715 0.003848 0.703508
v 0.227690 0.003858 0.696983
v 0.214635 0.154331 0.718339
v 0.222615 0.049333 0.707017
v 0.214472 0.049144 0.711748
v 0.233517 0.049048 0.687454
v 0.238874 0.049051 0.671984
v 0.214549 0.099054 0.714866
v 0.243790 0.049951 0.638784
v 0.227162 0.165463 0.704726
v 0.231722 0.166300 0.691229
v 0.231387 0.165035 0.691138
v 0.234535 0.165035 0.676538
v 0.237745 0.050233 0.671720
v 0.232795 0.050282 0.687442
v 0.231270 0.143111 0.690372
v 0.231088 0.144743 0.690460
v 0.234584 0.144743 0.675792
v 0.239356 0.143115 0.651014
v 0.238228 0.113709 0.649438
v 0.231273 0.115257 0.689621
v 0.230664 0.113709 0.689511
v 0.231719 0.083752 0.688576
v 0.236261 0.083752 0.673349
v 0.234580 0.113709 0.674510
v 0.227377 0.113931 0.702628
v 0.253340 0.144748 0.492578
v 0.252996 0.084586 0.457184
v 0.250092 0.084612 0.539468
v 0.252251 0.143117 0.539468
v 0.251506 0.115257 0.539468
v 0.251128 0.166300 0.539468
v 0.244284 0.113709 0.605919
v 0.247624 0.083517 0.606033
v 0.245114 0.144748 0.605919
v 0.245467 0.115257 0.605919
v 0.250348 0.165035 0.539468
v 0.250587 0.144748 0.539468
v 0.251387 0.083832 0.539457
v 0.254853 0.083805 0.456679
v 0.248977 0.037047 0.415666
v 0.248257 0.024583 0.409480
v 0.255401 0.143117 0.492578
v 0.251707 0.074290 0.510502
v 0.252869 0.113709 0.491996
v 0.244739 0.165035 0.605919
v 0.245793 0.143117 0.605919
v 0.250157 0.187585 0.539468
v 0.225637 0.385263 0.489033
v 0.220893 0.421367 0.489033
v 0.217111 0.431048 0.490710
v 0.249963 -0.023385 0.401881
v 0.250794 -0.018888 0.401881
v 0.234855 0.300404 0.240084
v 0.238092 0.269607 0.240084
v 0.255354 0.083832 0.240084
v 0.249770 0.037047 0.240084
v 0.256195 0.143117 0.240084
v 0.222011 0.421367 0.186286
v 0.219670 0.431048 0.186665
v 0.226431 0.385263 0.240084
v 0.250767 -0.023385 0.239904
v 0.246848 0.207394 -0.060842
v 0.254019 0.144748 -0.060842
v 0.249712 0.037047 -0.060842
v 0.249010 0.024583 -0.060842
v 0.256051 0.143117 -0.060842
v 0.222316 0.421367 -0.060051
v 0.220003 0.431048 -0.059410
v 0.226758 0.385263 -0.077314
v 0.209602 0.456697 -0.314325
v 0.255222 0.083832 -0.060842
v 0.241662 0.238423 -0.060842
v 0.253789 0.187574 -0.060842
v 0.250829 -0.023385 -0.062570
v 0.251660 -0.018888 -0.061927
v 0.255048 0.166300 0.240084
v 0.255400 0.115257 0.240084
v 0.247161 0.207394 0.240084
v 0.253789 0.084586 0.240084
v 0.241571 0.238425 0.240084
v 0.251593 -0.018888 0.240113
v 0.249051 0.024583 0.240084
v 0.241724 0.238430 -0.327450
v 0.253298 0.051481 -0.196261
v 0.253541 0.113709 -0.327450
v 0.256031 0.143117 -0.327450
v 0.226663 0.385263 -0.302266
v 0.222340 0.421367 -0.314858
v 0.220029 0.431048 -0.314858
v 0.250650 0.049167 -0.060842
v 0.250746 0.049167 0.240084
v 0.247800 0.032884 -0.190851
v 0.247479 0.019860 -0.183346
v 0.248311 0.023817 -0.181066
v 0.248451 0.036938 -0.188505
v 0.234245 0.300418 0.474991
v 0.234835 0.300410 0.263736
v 0.221860 0.421367 0.264658
v 0.221191 0.421367 0.474448
v 0.219511 0.431048 0.264373
v 0.218138 0.431048 0.475070
v 0.218736 0.414367 0.504733
v 0.222016 0.414367 0.489033
v 0.223176 0.411420 0.240084
v 0.222960 0.384537 0.474010
v 0.170906 0.483684 0.264373
v 0.234390 0.278882 0.472738
v 0.220897 0.403620 0.473738
v 0.238151 0.268995 0.266521
v 0.222420 0.412001 0.472460
v 0.238711 0.264125 0.338258
v 0.236194 0.264988 0.338723
v 0.250685 0.049512 -0.327821
v 0.246847 0.207394 -0.327450
v 0.254904 0.166300 -0.327450
v 0.253866 0.165035 -0.327450
v 0.254004 0.144748 -0.327450
v 0.255250 0.115257 -0.327450
v 0.249962 0.046005 -0.327064
v 0.229052 0.300927 -0.078831
v 0.228900 0.300806 0.185093
v 0.229086 0.300812 -0.041594
v 0.239443 0.257901 -0.083458
v 0.238825 0.263697 -0.077314
v 0.238821 0.263640 -0.042787
v 0.239524 0.257550 -0.296122
v 0.185154 0.476841 -0.314325
v 0.113511 0.483956 -0.314325
v 0.223196 0.414367 -0.296107
v 0.223922 0.408440 -0.302266
v 0.223900 0.408620 -0.327450
v 0.233312 0.258993 -0.084975
v 0.217625 0.413380 -0.084989
v 0.239147 0.260521 -0.040899
v 0.223510 0.412530 -0.041039
v 0.223251 0.412616 0.184702
v 0.217754 0.412119 -0.080975
v 0.250844 0.189021 -0.537765
v 0.253666 0.084586 -0.537765
v 0.256031 0.143117 -0.537765
v 0.253541 0.113709 -0.537765
v 0.246847 0.207394 -0.537765
v 0.241773 0.238435 -0.537765
v 0.253866 0.165035 -0.537765
v 0.254004 0.144748 -0.537765
v 0.220029 0.431048 -0.534557
v 0.239270 0.238242 -0.583538
v 0.243172 0.207542 -0.587421
v 0.223802 0.385202 -0.565700
v 0.249246 0.113709 -0.591133
v 0.250629 0.049512 -0.578182
v 0.246853 0.207394 -0.576927
v 0.241784 0.238435 -0.573170
v 0.254779 0.166300 -0.578939
v 0.253894 0.144748 -0.578777
v 0.219827 0.421257 -0.561154
v 0.226996 0.385263 -0.557355
v 0.246266 0.189021 -0.589599
v 0.218087 0.430914 -0.559490
v 0.222744 0.421367 -0.553224
v 0.235115 0.189021 -0.594646
v 0.235367 0.049512 -0.595235
v 0.233409 0.207691 -0.592161
v 0.230398 0.238341 -0.588385
v 0.235367 0.187574 -0.596500
v 0.235367 0.166300 -0.596754
v 0.224854 0.300489 -0.580909
v 0.235367 0.144748 -0.596659
v 0.235367 0.143117 -0.598289
v 0.235367 0.115257 -0.597797
v 0.218070 0.385142 -0.570875
v 0.213544 0.430780 -0.564548
v 0.214753 0.421147 -0.566245
v 0.250194 0.083832 -0.591608
v 0.232233 0.300454 -0.575773
v 0.255888 0.143117 -0.579141
v 0.248875 0.165035 -0.590837
v 0.235114 0.300390 -0.566151
v 0.252807 0.015192 -0.578501
v 0.253668 0.187574 -0.578736
v 0.220471 0.431048 -0.551593
v 0.209754 -0.023493 -0.599902
v 0.178884 0.015192 -0.602191
v 0.178884 0.018705 -0.598717
v 0.178884 0.189021 -0.597752
v 0.178884 0.084586 -0.599905
v 0.178884 0.083832 -0.600874
v 0.178884 0.207691 -0.596866
v 0.178884 0.300489 -0.585614
v 0.178884 0.238341 -0.593090
v 0.178884 0.166300 -0.599860
v 0.178884 0.143117 -0.601395
v 0.178884 0.115257 -0.600903
v 0.178884 0.385142 -0.575688
v 0.178884 0.421147 -0.571575
v 0.178884 0.430780 -0.570591
v 0.209872 0.018705 -0.597334
v 0.209771 -0.027357 -0.598162
v 0.198563 0.421147 -0.570092
v 0.209734 0.189021 -0.597070
v 0.209872 0.187574 -0.598888
v 0.209872 0.143117 -0.600644
v 0.197900 0.430780 -0.568873
v 0.204105 0.300489 -0.584300
v 0.200383 0.385142 -0.574457
v 0.209872 0.113709 -0.599105
v 0.209872 0.083832 -0.600133
v 0.209872 0.165035 -0.598497
v 0.208798 0.207691 -0.595340
v 0.209872 0.144748 -0.599044
v 0.207146 0.238341 -0.591635
v 0.150481 -0.023493 -0.601564
v 0.150495 -0.027357 -0.599790
v 0.150610 0.015192 -0.602191
v 0.150610 0.143117 -0.601395
v 0.150610 0.421147 -0.571575
v 0.150610 0.430780 -0.570591
v 0.150610 0.187574 -0.599702
v 0.150610 0.251806 -0.591478
v 0.150610 0.385142 -0.575688
v 0.150610 0.084586 -0.599905
v 0.150610 0.115257 -0.600903
v 0.150610 0.083832 -0.600874
v 0.150610 0.049512 -0.599610
v 0.150610 0.166300 -0.599860
v 0.150610 0.207691 -0.596866
v 0.150610 0.144748 -0.599765
v 0.228567 0.301242 -0.532327
v 0.220125 0.384249 -0.532327
v 0.239493 0.258007 -0.334975
v 0.238906 0.263497 -0.327450
v 0.238954 0.263502 -0.534556
v 0.223900 0.408620 -0.534557
v 0.222345 0.421321 -0.534557
v 0.232833 0.259297 -0.337205
v 0.217224 0.412776 -0.337633
v 0.232834 0.259297 -0.524801
v 0.232229 0.265245 -0.532327
v 0.217224 0.412776 -0.524373
v 0.239370 0.259357 -0.532313
v 0.223548 0.412676 -0.532096
v 0.217400 0.411042 -0.529832
v 0.232647 0.261128 -0.331956
v 0.232647 0.261128 -0.530050
v 0.147034 0.381545 -0.570991
v 0.150610 0.395335 -0.574549
v 0.228567 0.301242 -0.524725
v 0.220125 0.384249 -0.524725
v 0.217810 0.407017 -0.524725
v 0.232229 0.265245 -0.524725
v 0.232228 0.265245 -0.338323
v 0.217809 0.407017 -0.338323
v 0.220125 0.384249 -0.338323
v 0.228567 0.301242 -0.338323
v 0.134940 -0.022912 0.711311
v 0.132290 0.176548 0.724426
v 0.135744 0.183201 0.722963
v 0.139242 0.188720 0.717510
v 0.146749 0.270378 0.632174
v 0.134951 0.003909 0.713066
v 0.146749 0.237488 0.665028
v 0.127425 0.154180 0.723083
v 0.124940 0.095513 0.719305
v 0.134969 0.049064 0.716020
v 0.181956 0.017571 0.712806
v 0.158592 0.017542 0.713378
v 0.153758 0.029198 0.714259
v 0.170273 0.012726 0.712776
v 0.186800 0.029239 0.713451
v 0.176595 0.013989 0.712703
v 0.176607 0.044463 0.714697
v 0.163951 0.013974 0.713013
v 0.185545 0.035548 0.713894
v 0.163963 0.044447 0.715006
v 0.161115 0.020037 0.711651
v 0.170291 0.016235 0.711346
v 0.158301 0.034187 0.711771
v 0.175257 0.041215 0.711237
v 0.182280 0.034189 0.710995
v 0.165324 0.041215 0.711558
v 0.176451 0.023713 0.724252
v 0.165414 0.023696 0.724609
v 0.178737 0.029231 0.724441
v 0.170933 0.037019 0.725065
v 0.173919 0.022018 0.724253
v 0.163723 0.026223 0.724784
v 0.170933 0.029219 0.725434
v 0.136263 0.113627 0.720213
v 0.192200 0.095473 0.713557
v 0.178675 0.072127 0.712692
v 0.188609 0.108944 0.714515
v 0.165271 0.122399 0.716268
v 0.165182 0.068506 0.713018
v 0.141889 0.108907 0.716397
v 0.174482 0.111429 0.720120
v 0.183686 0.095467 0.718786
v 0.174430 0.079490 0.718194
v 0.156023 0.111415 0.720864
v 0.146768 0.095438 0.720272
v 0.155971 0.079475 0.718937
v 0.181197 0.086245 0.718329
v 0.181228 0.104685 0.719441
v 0.165257 0.113893 0.720641
v 0.165196 0.077012 0.718417
v 0.149225 0.086220 0.719617
v 0.149256 0.104660 0.720729
v 0.165227 0.095452 0.723165
v 0.185861 0.479720 0.476164
v 0.173599 0.483583 0.477717
v 0.056752 0.486702 0.478824
v 0.104609 0.485941 0.478414
v 0.188410 0.475096 0.500122
v 0.179465 0.477460 0.501545
v 0.056752 0.480580 0.502652
v 0.104609 0.479818 0.502242
v 0.197093 0.462313 0.540863
v 0.195657 0.462726 0.541721
v 0.056755 0.463912 0.543788
v 0.104609 0.472348 0.522011
v 0.185990 0.470963 0.520607
v 0.056752 0.473257 0.522836
v 0.191349 0.470173 0.517774
v 0.185154 0.476304 -0.529779
v 0.170263 0.480320 -0.526920
v 0.056752 0.483938 -0.524502
v 0.113511 0.483313 -0.524502
v 0.104609 0.487927 0.453436
v 0.185154 0.480303 0.453398
v 0.056752 0.489126 0.453436
v 0.056752 0.482033 -0.534449
v 0.113512 0.481540 -0.534009
v 0.056752 0.477222 -0.542765
v 0.113511 0.476913 -0.542221
v 0.056752 0.469502 -0.551235
v 0.113510 0.468853 -0.550889
v 0.056752 0.456682 -0.558587
v 0.113486 0.456682 -0.558035
v 0.113511 0.442285 -0.563759
v 0.143555 0.484705 0.478035
v 0.145406 0.478582 0.501863
v 0.146512 0.471588 0.521248
v 0.141887 0.483030 -0.525711
v 0.142364 0.486644 0.453436
v 0.200013 0.469771 -0.535828
v 0.212755 0.442285 -0.552329
v 0.207963 0.456682 -0.545920
v 0.141890 0.476694 -0.542178
v 0.141812 0.456682 -0.558000
v 0.177403 0.475253 -0.540577
v 0.169900 0.475322 -0.541844
v 0.169020 0.456682 -0.557326
v 0.141850 0.468168 -0.550657
v 0.169438 0.468386 -0.549984
v 0.190670 0.468752 -0.546811
v 0.182765 0.456682 -0.556575
v 0.179853 0.468559 -0.548968
v 0.196672 0.456682 -0.553941
v 0.170230 0.479294 -0.534868
v 0.184021 0.475484 -0.537227
v 0.141939 0.481323 -0.534481
v 0.209898 0.456675 -0.541401
v 0.207505 0.458219 0.453183
v 0.206658 0.458416 0.475798
v 0.212558 0.442285 0.475787
v 0.197452 0.472558 0.475798
v 0.200397 0.464848 0.504863
v 0.204417 0.460929 0.490872
v 0.211110 0.442285 0.493562
v 0.197101 0.471046 0.490214
v 0.208194 0.442285 -0.557000
v 0.195928 0.469358 -0.544062
v 0.203032 0.456682 -0.550884
v 0.171216 0.485285 0.453436
v 0.209139 0.444766 0.501695
v 0.200072 0.469771 -0.527229
v 0.113511 0.483360 -0.516657
v 0.056752 0.483996 -0.516657
v 0.185154 0.476296 -0.521583
v 0.170263 0.480363 -0.518915
v 0.214884 0.442285 -0.535320
v 0.209932 0.456457 -0.532674
v 0.141887 0.483082 -0.517786
v 0.203434 0.441757 -0.561907
v 0.214361 0.441757 -0.553994
v 0.168594 0.441763 -0.566190
v 0.113511 0.441763 -0.566000
v 0.056752 0.441763 -0.566000
v 0.209603 0.437667 -0.558866
v 0.216626 0.437667 -0.545826
v 0.203434 0.437667 -0.561907
v 0.186608 0.437669 -0.565289
v 0.214361 0.437667 -0.553994
v 0.168594 0.437672 -0.566190
v 0.141840 0.437672 -0.566000
v 0.113511 0.437672 -0.566000
v 0.056752 0.437672 -0.566000
v 0.212858 0.437667 0.494864
v 0.214278 0.437667 0.476121
v 0.198736 0.458160 0.542942
v 0.197354 0.462457 0.544078
v 0.057065 0.463819 0.546284
v 0.057065 0.460186 0.546351
v 0.146749 0.459407 0.544937
v 0.197823 0.472921 0.453183
v 0.215646 0.436843 -0.545695
v 0.186485 0.436846 -0.564308
v 0.213504 0.436843 -0.553501
v 0.113511 0.436848 -0.565011
v 0.056752 0.436848 -0.565011
v 0.213466 0.436843 0.453225
v 0.213290 0.436843 0.476080
v 0.197878 0.457336 0.542451
v 0.196967 0.458000 0.543238
v 0.057055 0.459362 0.545363
v 0.104649 0.458967 0.544711
v 0.114615 0.421147 -0.571575
v 0.114615 0.430780 -0.570591
v 0.109359 0.402771 -0.573718
v 0.107611 0.398096 -0.569062
v 0.054680 0.402771 -0.573718
v 0.057308 0.430780 -0.570591
v 0.057308 0.421147 -0.571575
v 0.202360 0.454861 0.524977
v 0.206068 0.449558 0.512875
v 0.207724 0.445078 0.514544
v 0.204002 0.450566 0.526867
v 0.203081 0.449771 0.526451
v 0.221264 0.421367 0.451642
v 0.218915 0.431048 0.450500
v 0.198555 0.471896 0.264373
v 0.056752 0.486320 0.186665
v 0.213915 0.442285 0.186665
v 0.056752 0.487457 0.264373
v 0.142209 0.485485 0.264373
v 0.215147 0.441757 0.264373
v 0.199053 0.471198 0.186665
v 0.142103 0.484695 0.186665
v 0.214158 0.436843 0.264373
v 0.208294 0.457646 0.264373
v 0.113511 0.486320 0.264373
v 0.185154 0.478999 0.264373
v 0.214629 0.436843 0.186665
v 0.215618 0.437667 0.186665
v 0.215618 0.441757 0.186665
v 0.170695 0.482593 0.186665
v 0.208832 0.457255 0.186665
v 0.113511 0.485348 0.186665
v 0.185154 0.478111 0.186665
v 0.185154 0.477489 -0.059410
v 0.113511 0.484666 -0.059410
v 0.209209 0.456982 -0.059410
v 0.170547 0.481828 -0.059410
v 0.215948 0.437667 -0.059410
v 0.199403 0.470709 -0.059410
v 0.142029 0.484142 -0.059410
v 0.056752 0.485523 -0.059410
v 0.170393 0.481032 -0.314325
v 0.216292 0.441757 -0.314325
v 0.199767 0.470199 -0.314325
v 0.141952 0.483566 -0.314325
v 0.056752 0.484693 -0.314325
v 0.104588 0.267738 0.642194
v 0.215303 0.436843 -0.314325
v 0.214959 0.436843 -0.059410
v 0.168573 0.436848 -0.565202
v 0.209023 0.436843 -0.558066
v 0.215592 0.436843 -0.536257
v 0.203115 0.436843 -0.560971
v 0.141843 0.436848 -0.565011
v 0.211880 0.436843 0.494720
v 0.209933 0.439409 0.502916
v 0.146749 0.458584 0.543948
v 0.206779 0.444252 0.514266
v 0.161114 0.038400 0.711689
v 0.179467 0.038401 0.711095
v 0.165325 0.017223 0.711509
v 0.158301 0.024249 0.711751
v 0.182281 0.024251 0.710974
v 0.179468 0.020039 0.711057
v 0.175257 0.017224 0.711187
v 0.157313 0.029218 0.711793
v 0.183268 0.029220 0.710953
v 0.170291 0.042203 0.711400
v -0.010198 0.223945 0.675773
v -0.009789 0.225491 0.677346
v -0.011100 0.240004 0.663582
v 0.000000 0.209944 0.689491
v 0.000000 0.242026 0.662046
v 0.000000 0.207720 0.686945
v 0.000000 0.243719 0.665272
v -0.203106 -0.022976 0.709634
v -0.000014 -0.023001 0.713076
v -0.203138 0.176548 0.722216
v 0.000000 0.176548 0.725510
v -0.064453 -0.022925 0.712377
v -0.064460 0.176548 0.725510
v -0.064460 0.188931 0.718573
v -0.064460 0.183411 0.724026
v 0.000000 0.183411 0.724026
v -0.202372 0.182771 0.720794
v -0.201510 0.188290 0.715341
v 0.000000 0.188931 0.718573
v -0.054745 0.267721 0.642371
v 0.000000 0.267721 0.642371
v -0.198335 0.270454 0.629429
v -0.064452 0.003897 0.714131
v -0.000013 0.003821 0.714831
v -0.203117 0.003846 0.711388
v -0.213483 -0.022933 0.706058
v -0.214098 0.003851 0.708196
v -0.232543 -0.022941 0.684096
v -0.233816 0.003859 0.685745
v -0.240280 -0.022952 0.668391
v -0.240947 0.003867 0.670284
v -0.242345 0.005427 0.650408
v -0.242347 0.008222 0.658182
v -0.241461 -0.020856 0.658642
v -0.241682 -0.017436 0.655319
v -0.241895 0.005345 0.662934
v -0.241048 -0.022363 0.663505
v -0.243186 0.046598 0.635579
v -0.242207 0.039505 0.641011
v -0.243210 0.041850 0.644185
v -0.241718 0.021874 0.646824
v -0.242877 0.025035 0.651198
v -0.244281 0.051790 0.628664
v -0.245174 0.057882 0.626442
v -0.244825 0.055661 0.620860
v -0.245973 0.058944 0.610499
v -0.246879 0.064553 0.603987
v -0.247125 0.061228 0.596033
v -0.248423 0.062796 0.575026
v -0.248807 0.067509 0.564472
v -0.252081 0.059776 0.492733
v -0.251652 0.062483 0.485470
v -0.249369 0.063132 0.554158
v -0.250418 0.062739 0.533388
v -0.251344 0.061714 0.512655
v -0.250504 0.066726 0.522312
v -0.251815 0.056614 0.481318
v -0.250937 0.051280 0.472092
v -0.249096 0.046123 0.465468
v -0.247372 0.011569 0.440927
v -0.246628 0.034623 0.455995
v -0.246330 0.022208 0.448962
v -0.247084 0.024289 0.445618
v -0.248026 0.036928 0.452854
v -0.249855 -0.020137 0.428938
v -0.250723 -0.018158 0.424514
v -0.249928 -0.023385 0.423848
v -0.250851 -0.023385 -0.141898
v -0.251683 -0.018888 -0.141100
v -0.250701 -0.020281 -0.155999
v -0.251533 -0.016324 -0.153719
v -0.250654 -0.011273 -0.164704
v -0.251485 -0.007316 -0.162424
v -0.250857 0.003100 -0.171687
v -0.248714 0.043509 -0.197602
v -0.250637 0.049167 -0.196292
v -0.250086 0.045493 -0.200052
v -0.249178 0.045302 -0.363498
v -0.250009 0.048587 -0.365851
v -0.250728 0.010445 -0.388254
v -0.251559 0.015482 -0.390117
v -0.250813 -0.009728 -0.401327
v -0.251645 -0.005558 -0.403190
v -0.250826 -0.022871 -0.411870
v -0.251658 -0.018702 -0.413733
v -0.250970 -0.027510 -0.421077
v -0.251802 -0.023340 -0.422941
v -0.248426 0.042871 -0.365044
v -0.251331 -0.027510 -0.538104
v -0.252222 -0.023340 -0.538133
v -0.251567 -0.027510 -0.580572
v -0.252512 -0.023340 -0.580628
v -0.235295 -0.027357 -0.594998
v -0.235278 -0.023493 -0.596772
v -0.250228 -0.027472 -0.585841
v -0.247930 -0.027446 -0.589780
v -0.243028 -0.027405 -0.593001
v -0.248364 -0.023334 -0.590691
v -0.178748 -0.027357 -0.599790
v -0.178730 -0.023493 -0.601564
v 0.000000 -0.027357 -0.599790
v 0.000000 -0.023493 -0.601564
v -0.203518 0.267834 0.638474
v -0.200794 0.270454 0.627886
v -0.214143 0.267885 0.623136
v -0.217660 0.267780 0.610705
v -0.227768 0.267915 0.559886
v -0.233259 0.269565 0.519438
v -0.228829 0.272135 0.519693
v -0.231330 0.268431 0.535419
v -0.233478 0.281121 0.505325
v -0.231196 0.300404 0.502560
v -0.146749 0.456293 0.542907
v -0.056670 0.457827 0.544754
v -0.207362 0.207464 0.682014
v -0.223191 0.207485 0.655285
v -0.227833 0.207394 0.637592
v -0.213058 0.185564 0.718334
v -0.220443 0.187240 0.713077
v -0.225423 0.188016 0.703589
v -0.222931 0.190680 0.699371
v -0.229828 0.188031 0.690986
v -0.226841 0.189656 0.688103
v -0.233458 0.187855 0.676714
v -0.230366 0.189021 0.675021
v -0.238086 0.187583 0.653094
v -0.246367 0.207394 0.492375
v -0.054745 0.237451 0.665773
v 0.000000 0.237451 0.665773
v -0.195285 0.237564 0.663508
v -0.218415 0.237690 0.640147
v -0.222620 0.237587 0.624838
v -0.213161 0.237651 0.651864
v -0.205440 0.237649 0.660244
v -0.236768 0.238016 0.539082
v -0.228725 0.237621 0.594214
v -0.242096 0.238479 0.492105
v -0.234199 0.300418 0.489000
v -0.236276 0.278733 0.489259
v -0.214360 0.181470 0.719411
v -0.221632 0.183980 0.714153
v -0.226742 0.185850 0.704773
v -0.203178 0.154071 0.721216
v -0.064450 0.154192 0.723964
v -0.000011 0.154116 0.724664
v -0.000012 0.095423 0.720824
v -0.203156 0.098958 0.717611
v -0.064451 0.095499 0.720124
v -0.000013 0.048973 0.717785
v -0.064452 0.049049 0.717085
v -0.203135 0.049006 0.714343
v -0.226398 -0.022940 0.695364
v -0.221453 -0.022931 0.701608
v -0.222715 0.003848 0.703508
v -0.227690 0.003858 0.696983
v -0.214635 0.154331 0.718339
v -0.222256 0.154685 0.712959
v -0.222615 0.049333 0.707017
v -0.214472 0.049144 0.711748
v -0.233517 0.049048 0.687454
v -0.238874 0.049051 0.671984
v -0.214549 0.099054 0.714866
v -0.243463 0.052262 0.637467
v -0.243790 0.049951 0.638784
v -0.237745 0.050233 0.671720
v -0.232795 0.050282 0.687442
v -0.231270 0.143111 0.690372
v -0.231088 0.144743 0.690460
v -0.234584 0.144743 0.675792
v -0.235080 0.143111 0.675680
v -0.238933 0.144747 0.651164
v -0.238228 0.113709 0.649438
v -0.239270 0.115257 0.649614
v -0.238376 0.084666 0.648134
v -0.241715 0.083752 0.647958
v -0.234580 0.113709 0.674510
v -0.235615 0.115257 0.674646
v -0.253095 0.050965 0.425306
v -0.254255 0.166300 0.492578
v -0.253199 0.165035 0.492578
v -0.254606 0.115257 0.492578
v -0.251506 0.115257 0.539468
v -0.244410 0.084648 0.605919
v -0.244284 0.113709 0.605919
v -0.248568 0.083517 0.606033
v -0.245467 0.115257 0.605919
v -0.245138 0.166300 0.605919
v -0.251387 0.083832 0.539457
v -0.248977 0.037047 0.415666
v -0.248257 0.024583 0.409480
v -0.251707 0.074290 0.510502
v -0.245793 0.143117 0.605919
v -0.249965 0.113709 0.539468
v -0.225637 0.385263 0.489033
v -0.220893 0.421367 0.489033
v -0.217111 0.431048 0.490710
v -0.249963 -0.023385 0.401881
v -0.250794 -0.018888 0.401881
v -0.250920 0.189021 0.240084
v -0.234855 0.300404 0.240084
v -0.238092 0.269607 0.240084
v -0.254133 0.144748 0.240084
v -0.249075 0.012171 0.240084
v -0.255354 0.083832 0.240084
v -0.249770 0.037047 0.240084
v -0.222011 0.421367 0.186286
v -0.219670 0.431048 0.186665
v -0.226431 0.385263 0.240084
v -0.250767 -0.023385 0.239904
v -0.246848 0.207394 -0.060842
v -0.254921 0.166300 -0.060842
v -0.254019 0.144748 -0.060842
v -0.249034 0.012171 -0.060842
v -0.249712 0.037047 -0.060842
v -0.249010 0.024583 -0.060842
v -0.256051 0.143117 -0.060842
v -0.222316 0.421367 -0.060051
v -0.220003 0.431048 -0.059410
v -0.226758 0.385263 -0.077314
v -0.209602 0.456697 -0.314325
v -0.234952 0.300396 -0.042787
v -0.255222 0.083832 -0.060842
v -0.253680 0.084586 -0.060842
v -0.241662 0.238423 -0.060842
v 0.000000 0.485814 -0.314325
v -0.253789 0.187574 -0.060842
v -0.250853 0.189021 -0.060842
v -0.250829 -0.023385 -0.062570
v -0.251660 -0.018888 -0.061927
v -0.234874 0.300402 0.186286
v -0.247161 0.207394 0.240084
v -0.251974 0.008586 0.240084
v -0.241571 0.238425 0.240084
v -0.226491 0.385263 0.186286
v -0.251593 -0.018888 0.240113
v -0.249051 0.024583 0.240084
v -0.241724 0.238430 -0.327450
v -0.253298 0.051481 -0.196261
v -0.253541 0.113709 -0.327450
v -0.253666 0.084586 -0.327450
v -0.222340 0.421367 -0.314858
v -0.220029 0.431048 -0.314858
v -0.250443 0.049593 0.424263
v -0.250650 0.049167 -0.060842
v -0.247800 0.032884 -0.190851
v -0.247479 0.019860 -0.183346
v -0.248311 0.023817 -0.181066
v -0.248451 0.036938 -0.188505
v -0.234245 0.300418 0.474991
v -0.225684 0.385263 0.475405
v -0.221860 0.421367 0.264658
v -0.221191 0.421367 0.474448
v -0.219511 0.431048 0.264373
v -0.218138 0.431048 0.475070
v -0.218736 0.414367 0.504733
v -0.222016 0.414367 0.489033
v -0.223176 0.411420 0.240084
v -0.238447 0.266381 0.275386
v -0.223269 0.404699 0.475111
v -0.222099 0.414367 0.462701
v -0.170906 0.483684 0.264373
v -0.223930 0.404700 0.265718
v -0.238151 0.268995 0.266521
v -0.237814 0.269812 0.471606
v -0.223070 0.411045 0.268010
v -0.236052 0.265016 0.400686
v -0.250685 0.049512 -0.327821
v -0.246847 0.207394 -0.327450
v -0.252776 0.015192 -0.538135
v -0.253775 0.187574 -0.327450
v -0.254904 0.166300 -0.327450
v -0.253866 0.165035 -0.327450
v -0.254004 0.144748 -0.327450
v -0.249962 0.046005 -0.327064
v -0.220463 0.384745 -0.041595
v -0.239443 0.257901 -0.083458
v -0.239385 0.258400 -0.036708
v -0.248688 0.018705 -0.538136
v -0.238878 0.263702 -0.302266
v -0.239524 0.257550 -0.296122
v -0.223196 0.414367 -0.083473
v -0.185154 0.476841 -0.314325
v -0.223143 0.414367 -0.036700
v -0.223876 0.408447 -0.042787
v -0.113511 0.483956 -0.314325
v -0.223614 0.408449 0.186286
v -0.222887 0.414367 0.180202
v -0.223196 0.414367 -0.296107
v -0.217604 0.413378 -0.294591
v -0.217920 0.407681 0.185093
v -0.218107 0.407672 -0.041594
v -0.217493 0.413605 -0.035507
v -0.233327 0.258635 -0.294605
v -0.233351 0.259248 -0.035515
v -0.239244 0.259552 -0.079163
v -0.239147 0.260521 -0.040899
v -0.239322 0.259258 -0.300834
v -0.223559 0.412958 -0.300741
v -0.233136 0.261372 -0.039706
v -0.233152 0.260345 -0.299317
v -0.250844 0.189021 -0.537765
v -0.253666 0.084586 -0.537765
v -0.255205 0.083832 -0.537765
v -0.256031 0.143117 -0.537765
v -0.253541 0.113709 -0.537765
v -0.246847 0.207394 -0.537765
v -0.241773 0.238435 -0.537765
v -0.253775 0.187574 -0.537765
v -0.253298 0.051481 -0.537796
v -0.253866 0.165035 -0.537765
v -0.255250 0.115257 -0.537765
v -0.226663 0.385263 -0.534557
v -0.220029 0.431048 -0.534557
v -0.239270 0.238242 -0.583538
v -0.248785 0.018705 -0.577768
v -0.250786 0.189021 -0.578210
v -0.243172 0.207542 -0.587421
v -0.223802 0.385202 -0.565700
v -0.249246 0.113709 -0.591133
v -0.250219 0.115257 -0.591621
v -0.246853 0.207394 -0.576927
v -0.241784 0.238435 -0.573170
v -0.249386 0.166300 -0.591257
v -0.253894 0.144748 -0.578777
v -0.219827 0.421257 -0.561154
v -0.226996 0.385263 -0.557355
v -0.246266 0.189021 -0.589599
v -0.218087 0.430914 -0.559490
v -0.222744 0.421367 -0.553224
v -0.235367 0.018705 -0.594343
v -0.235367 0.083832 -0.597768
v -0.235367 0.113709 -0.596721
v -0.233409 0.207691 -0.592161
v -0.230398 0.238341 -0.588385
v -0.235367 0.166300 -0.596754
v -0.224854 0.300489 -0.580909
v -0.235367 0.115257 -0.597797
v -0.235367 0.165035 -0.596100
v -0.218070 0.385142 -0.570875
v -0.213544 0.430780 -0.564548
v -0.214753 0.421147 -0.566245
v -0.255075 0.083832 -0.578993
v -0.250194 0.083832 -0.591608
v -0.248900 0.015192 -0.591990
v -0.232233 0.300454 -0.575773
v -0.255888 0.143117 -0.579141
v -0.248875 0.165035 -0.590837
v -0.249213 0.051481 -0.591523
v -0.235114 0.300390 -0.566151
v -0.220471 0.431048 -0.551593
v -0.209754 -0.023493 -0.599902
v -0.178884 0.113709 -0.599827
v -0.178884 0.084586 -0.599905
v -0.178884 0.083832 -0.600874
v -0.178884 0.049512 -0.599610
v -0.178884 0.207691 -0.596866
v -0.178884 0.300489 -0.585614
v -0.178884 0.238341 -0.593090
v -0.178884 0.143117 -0.601395
v -0.178884 0.385142 -0.575688
v -0.178884 0.421147 -0.571575
v -0.178884 0.430780 -0.570591
v -0.209771 -0.027357 -0.598162
v -0.198563 0.421147 -0.570092
v -0.209872 0.143117 -0.600644
v -0.197900 0.430780 -0.568873
v -0.204105 0.300489 -0.584300
v -0.200383 0.385142 -0.574457
v -0.209872 0.084586 -0.599182
v -0.209872 0.113709 -0.599105
v -0.209872 0.115257 -0.600161
v -0.209872 0.051481 -0.599879
v -0.209872 0.083832 -0.600133
v -0.209872 0.166300 -0.599138
v -0.208798 0.207691 -0.595340
v -0.207146 0.238341 -0.591635
v 0.000000 0.015192 -0.602191
v 0.000000 0.189021 -0.598362
v 0.000000 0.084586 -0.599905
v 0.000000 0.207691 -0.596866
v 0.000000 0.187574 -0.600216
v 0.000000 0.144748 -0.599765
v 0.000000 0.143117 -0.601395
v 0.000000 0.115257 -0.600903
v 0.000000 0.165035 -0.599206
v 0.000000 0.421147 -0.571575
v 0.000000 0.430780 -0.570591
v -0.150481 -0.023493 -0.601564
v -0.150495 -0.027357 -0.599790
v -0.150610 0.015192 -0.602191
v -0.150610 0.018705 -0.598717
v -0.150610 0.143117 -0.601395
v -0.150610 0.189021 -0.597848
v -0.150610 0.421147 -0.571575
v -0.150610 0.430780 -0.570591
v -0.150610 0.300489 -0.585614
v -0.150610 0.385142 -0.575688
v -0.150610 0.084586 -0.599905
v -0.150610 0.113709 -0.599827
v -0.150610 0.083832 -0.600874
v -0.150610 0.166300 -0.599860
v -0.150610 0.207691 -0.596866
v -0.150610 0.144748 -0.599765
v -0.228567 0.301242 -0.329679
v -0.228567 0.301242 -0.532327
v -0.220125 0.384249 -0.532327
v -0.223196 0.414367 -0.335403
v -0.238954 0.263502 -0.534556
v -0.239538 0.258012 -0.527031
v -0.222345 0.421321 -0.534557
v -0.232833 0.259297 -0.337205
v -0.217224 0.412776 -0.337633
v -0.217809 0.407017 -0.329679
v -0.232229 0.265245 -0.532327
v -0.217224 0.412776 -0.524373
v -0.223548 0.412676 -0.329910
v -0.239370 0.259357 -0.532313
v -0.232647 0.261128 -0.331956
v -0.232647 0.261128 -0.530050
v -0.217400 0.411042 -0.332174
v 0.000000 0.248032 -0.586637
v -0.147034 0.381545 -0.570991
v -0.147093 0.247021 -0.591948
v -0.143780 0.250642 -0.586303
v -0.148190 0.400474 -0.574133
v -0.228567 0.301242 -0.524725
v -0.220125 0.384249 -0.524725
v -0.217810 0.407017 -0.524725
v -0.232229 0.265245 -0.524725
v -0.232228 0.265245 -0.338323
v -0.217809 0.407017 -0.338323
v -0.220125 0.384249 -0.338323
v -0.228567 0.301242 -0.338323
v -0.134940 -0.022912 0.711311
v -0.132290 0.176548 0.724426
v -0.135744 0.183201 0.722963
v -0.139242 0.188720 0.717510
v -0.146749 0.267759 0.641964
v -0.134951 0.003909 0.713066
v -0.146749 0.237488 0.665028
v -0.127425 0.154180 0.723083
v -0.124940 0.095513 0.719305
v -0.134969 0.049064 0.716020
v -0.181965 0.040894 0.714332
v -0.153758 0.029198 0.714259
v -0.186800 0.029239 0.713451
v -0.179468 0.020039 0.711057
v -0.155018 0.035511 0.714641
v -0.185540 0.022926 0.713068
v -0.163951 0.013974 0.713013
v -0.179467 0.038401 0.711095
v -0.161115 0.020037 0.711651
v -0.157313 0.029218 0.711793
v -0.170291 0.016235 0.711346
v -0.183268 0.029220 0.710953
v -0.158301 0.034187 0.711771
v -0.175257 0.017224 0.711187
v -0.165325 0.017223 0.711509
v -0.176451 0.023713 0.724252
v -0.176451 0.034743 0.724778
v -0.165414 0.023696 0.724609
v -0.165414 0.034726 0.725134
v -0.163129 0.029207 0.724945
v -0.170933 0.021420 0.724322
v -0.178737 0.029231 0.724441
v -0.163723 0.032193 0.725068
v -0.178143 0.032215 0.724602
v -0.170933 0.029219 0.725434
v -0.182061 0.125698 0.719878
v -0.181932 0.065852 0.715966
v -0.148554 0.125720 0.720702
v -0.148426 0.065875 0.716790
v -0.194299 0.113588 0.718786
v -0.178752 0.118799 0.715507
v -0.192200 0.095473 0.713557
v -0.151778 0.118778 0.716594
v -0.188609 0.108944 0.714515
v -0.165271 0.122399 0.716268
v -0.141845 0.081961 0.714771
v -0.174482 0.111429 0.720120
v -0.183686 0.095467 0.718786
v -0.174430 0.079490 0.718194
v -0.156023 0.111415 0.720864
v -0.146768 0.095438 0.720272
v -0.155971 0.079475 0.718937
v -0.181197 0.086245 0.718329
v -0.181228 0.104685 0.719441
v -0.165257 0.113893 0.720641
v -0.165196 0.077012 0.718417
v -0.149225 0.086220 0.719617
v -0.149256 0.104660 0.720729
v -0.165227 0.095452 0.723165
v 0.000000 0.490115 0.453436
v -0.185861 0.479720 0.476164
v 0.000000 0.487700 0.479262
v -0.173599 0.483583 0.477717
v -0.056752 0.486702 0.478824
v -0.104609 0.485941 0.478414
v -0.188410 0.475096 0.500122
v 0.000000 0.481761 0.503090
v -0.179465 0.477460 0.501545
v -0.056752 0.480580 0.502652
v -0.104609 0.479818 0.502242
v -0.197093 0.462313 0.540863
v 0.000000 0.464430 0.544013
v -0.104610 0.463598 0.543237
v -0.104609 0.472348 0.522011
v -0.185990 0.470963 0.520607
v -0.056752 0.473257 0.522836
v 0.000000 0.473777 0.523718
v -0.191349 0.470173 0.517774
v -0.185154 0.476304 -0.529779
v 0.000000 0.485082 -0.524502
v -0.170263 0.480320 -0.526920
v -0.056752 0.483938 -0.524502
v -0.113511 0.483313 -0.524502
v -0.104609 0.487927 0.453436
v -0.185154 0.480303 0.453398
v -0.056752 0.489126 0.453436
v 0.000000 0.482725 -0.534325
v -0.056752 0.482033 -0.534449
v -0.113512 0.481540 -0.534009
v 0.000000 0.477545 -0.543143
v -0.056752 0.477222 -0.542765
v -0.113511 0.476913 -0.542221
v 0.000000 0.470056 -0.551613
v -0.056752 0.469502 -0.551235
v -0.113510 0.468853 -0.550889
v 0.000000 0.456682 -0.558965
v -0.056752 0.456682 -0.558587
v -0.113486 0.456682 -0.558035
v 0.000000 0.442285 -0.563759
v -0.056752 0.442285 -0.563759
v -0.143555 0.484705 0.478035
v -0.145406 0.478582 0.501863
v -0.146512 0.471588 0.521248
v -0.141887 0.483030 -0.525711
v -0.142364 0.486644 0.453436
v -0.200013 0.469771 -0.535828
v -0.212755 0.442285 -0.552329
v -0.207963 0.456682 -0.545920
v -0.141840 0.442285 -0.563759
v -0.186202 0.442285 -0.563166
v -0.202279 0.442285 -0.559915
v -0.141890 0.476694 -0.542178
v -0.141812 0.456682 -0.558000
v -0.177403 0.475253 -0.540577
v -0.169900 0.475322 -0.541844
v -0.169020 0.456682 -0.557326
v -0.141850 0.468168 -0.550657
v -0.169438 0.468386 -0.549984
v -0.190670 0.468752 -0.546811
v -0.182765 0.456682 -0.556575
v -0.179853 0.468559 -0.548968
v -0.196672 0.456682 -0.553941
v -0.170230 0.479294 -0.534868
v -0.184021 0.475484 -0.537227
v -0.141939 0.481323 -0.534481
v -0.209898 0.456675 -0.541401
v -0.207505 0.458219 0.453183
v -0.206658 0.458416 0.475798
v -0.197452 0.472558 0.475798
v -0.200397 0.464848 0.504863
v -0.204417 0.460929 0.490872
v -0.197101 0.471046 0.490214
v -0.195928 0.469358 -0.544062
v -0.203032 0.456682 -0.550884
v -0.171216 0.485285 0.453436
v -0.209139 0.444766 0.501695
v -0.200072 0.469771 -0.527229
v -0.113511 0.483360 -0.516657
v -0.056752 0.483996 -0.516657
v -0.185154 0.476296 -0.521583
v -0.170263 0.480363 -0.518915
v -0.214884 0.442285 -0.535320
v -0.209932 0.456457 -0.532674
v -0.141887 0.483082 -0.517786
v 0.000000 0.485138 -0.516657
v -0.216581 0.441757 -0.536254
v -0.203434 0.441757 -0.561907
v -0.186608 0.441760 -0.565289
v -0.214361 0.441757 -0.553994
v -0.168594 0.441763 -0.566190
v -0.113511 0.441763 -0.566000
v 0.000000 0.441763 -0.566000
v -0.203434 0.437667 -0.561907
v -0.186608 0.437669 -0.565289
v -0.056752 0.437672 -0.566000
v 0.000000 0.437672 -0.566000
v -0.214455 0.437667 0.453230
v -0.214278 0.441757 0.475892
v -0.212858 0.441757 0.493988
v -0.198744 0.461793 0.542887
v -0.198736 0.458160 0.542942
v -0.197354 0.462457 0.544078
v -0.210893 0.444250 0.502414
v 0.000000 0.464144 0.546726
v 0.000000 0.460510 0.546793
v -0.057065 0.463819 0.546284
v -0.146749 0.459407 0.544937
v -0.197823 0.472921 0.453183
v -0.215592 0.436843 -0.536257
v -0.215646 0.436843 -0.545695
v -0.186485 0.436846 -0.564308
v -0.168573 0.436848 -0.565202
v -0.141843 0.436848 -0.565011
v -0.213466 0.436843 0.453225
v -0.213290 0.436843 0.476080
v -0.197878 0.457336 0.542451
v -0.209933 0.439409 0.502916
v 0.000000 0.459687 0.545805
v -0.114615 0.421147 -0.571575
v -0.114615 0.430780 -0.570591
v -0.109359 0.402771 -0.573718
v -0.054680 0.402771 -0.573718
v -0.057308 0.430780 -0.570591
v -0.057308 0.421147 -0.571575
v -0.206068 0.449558 0.512875
v -0.207724 0.445078 0.514544
v -0.204002 0.450566 0.526867
v -0.221264 0.421367 0.451642
v -0.218915 0.431048 0.450500
v -0.198555 0.471896 0.264373
v -0.056752 0.486320 0.186665
v -0.213915 0.442285 0.186665
v -0.056752 0.487457 0.264373
v -0.142209 0.485485 0.264373
v -0.199053 0.471198 0.186665
v -0.142103 0.484695 0.186665
v -0.213441 0.442285 0.264373
v 0.000000 0.488495 0.264373
v -0.208294 0.457646 0.264373
v -0.113511 0.486320 0.264373
v -0.185154 0.478999 0.264373
v -0.170695 0.482593 0.186665
v 0.000000 0.487392 0.186665
v -0.208832 0.457255 0.186665
v -0.113511 0.485348 0.186665
v -0.185154 0.478111 0.186665
v -0.185154 0.477489 -0.059410
v -0.113511 0.484666 -0.059410
v -0.209209 0.456982 -0.059410
v 0.000000 0.486620 -0.059410
v -0.170547 0.481828 -0.059410
v -0.215948 0.441757 -0.059410
v -0.215948 0.437667 -0.059410
v -0.214959 0.436843 -0.059410
v -0.199403 0.470709 -0.059410
v -0.142029 0.484142 -0.059410
v -0.056752 0.485523 -0.059410
v -0.170393 0.481032 -0.314325
v -0.216292 0.441757 -0.314325
v -0.199767 0.470199 -0.314325
v -0.141952 0.483566 -0.314325
v -0.056752 0.484693 -0.314325
v -0.215303 0.436843 -0.314325
v -0.209023 0.436843 -0.558066
v -0.213504 0.436843 -0.553501
v -0.203115 0.436843 -0.560971
v -0.113511 0.436848 -0.565011
v -0.056752 0.436848 -0.565011
v 0.000000 0.436848 -0.565011
v -0.211880 0.436843 0.494720
v -0.196967 0.458000 0.543238
v -0.146749 0.458584 0.543948
v -0.057055 0.459362 0.545363
v -0.104649 0.458967 0.544711
v -0.203081 0.449771 0.526451
v -0.206779 0.444252 0.514266
v -0.214158 0.436843 0.264373
v -0.214629 0.436843 0.186665
v -0.165324 0.041215 0.711558
v -0.161114 0.038400 0.711689
v -0.182280 0.034189 0.710995
v -0.158301 0.024249 0.711751
v -0.175257 0.041215 0.711237
v -0.182281 0.024251 0.710974
v -0.170291 0.042203 0.711400
v 0.146749 0.267759 0.641964
v 0.054745 0.267721 0.642371
v 0.203518 0.267834 0.638474
v 0.209756 0.267834 0.632236
v 0.214143 0.267885 0.623136
v 0.217660 0.267780 0.610705
v 0.217944 0.421367 0.505007
v 0.213870 0.434378 0.510364
v 0.197249 0.454984 0.541178
v 0.196593 0.455277 0.541613
v 0.208059 0.441817 0.520635
v 0.056670 0.457827 0.544754
v 0.000000 0.458349 0.545287
v 0.104599 0.457164 0.543981
v -0.195285 0.267834 0.641133
v -0.209756 0.267834 0.632236
v -0.223165 0.267848 0.585295
v -0.234122 0.272206 0.510342
v -0.222030 0.385263 0.503591
v -0.217944 0.421367 0.505007
v -0.215511 0.431048 0.507484
v -0.213870 0.434378 0.510364
v -0.202789 0.448177 0.530906
v -0.197249 0.454984 0.541178
v -0.196593 0.455277 0.541613
v -0.208059 0.441817 0.520635
v -0.104599 0.457164 0.543981
v -0.104588 0.267738 0.642194
v 0.216292 0.437667 -0.314325
v 0.216581 0.437667 -0.536254
v 0.214455 0.437667 0.453230
v 0.210891 0.440233 0.503158
v 0.197357 0.458824 0.544146
v 0.104650 0.459791 0.545699
v 0.215147 0.437667 0.264373
v -0.216292 0.437667 -0.314325
v -0.168594 0.437672 -0.566190
v -0.209603 0.437667 -0.558866
v -0.214361 0.437667 -0.553994
v -0.216581 0.437667 -0.536254
v -0.216626 0.437667 -0.545826
v -0.141840 0.437672 -0.566000
v -0.113511 0.437672 -0.566000
v -0.214278 0.437667 0.476121
v -0.212858 0.437667 0.494864
v -0.210891 0.440233 0.503158
v -0.197357 0.458824 0.544146
v -0.057065 0.460186 0.546351
v -0.104650 0.459791 0.545699
v -0.215147 0.437667 0.264373
v -0.215618 0.437667 0.186665
v 0.104610 0.463598 0.543237
v 0.146749 0.463221 0.542623
v 0.056752 0.442285 -0.563759
v 0.141840 0.442285 -0.563759
v 0.168594 0.442285 -0.563949
v 0.186202 0.442285 -0.563166
v 0.202279 0.442285 -0.559915
v 0.214927 0.442285 -0.544498
v 0.212746 0.442285 0.453207
v 0.213441 0.442285 0.264373
v 0.214593 0.442285 -0.314325
v 0.214247 0.442285 -0.059410
v -0.056755 0.463912 0.543788
v -0.195657 0.462726 0.541721
v -0.146749 0.463221 0.542623
v -0.113511 0.442285 -0.563759
v -0.168594 0.442285 -0.563949
v -0.208194 0.442285 -0.557000
v -0.214927 0.442285 -0.544498
v -0.212558 0.442285 0.475787
v -0.212746 0.442285 0.453207
v -0.211110 0.442285 0.493562
v -0.202360 0.454861 0.524977
v -0.214593 0.442285 -0.314325
v -0.214247 0.442285 -0.059410
v 0.215948 0.441757 -0.059410
v 0.186608 0.441760 -0.565289
v 0.209603 0.441757 -0.558866
v 0.216581 0.441757 -0.536254
v 0.216626 0.441757 -0.545826
v 0.141840 0.441763 -0.566000
v 0.214278 0.441757 0.475892
v 0.212858 0.441757 0.493988
v 0.214455 0.441757 0.453230
v 0.210893 0.444250 0.502414
v 0.198744 0.461793 0.542887
v 0.146749 0.463041 0.544869
v 0.104650 0.463424 0.545632
v 0.207716 0.449032 0.514041
v 0.204130 0.454266 0.526302
v -0.209603 0.441757 -0.558866
v -0.216626 0.441757 -0.545826
v -0.141840 0.441763 -0.566000
v -0.056752 0.441763 -0.566000
v -0.214455 0.441757 0.453230
v -0.146749 0.463041 0.544869
v -0.104650 0.463424 0.545632
v -0.207716 0.449032 0.514041
v -0.204130 0.454266 0.526302
v -0.215147 0.441757 0.264373
v -0.215618 0.441757 0.186665
v 0.236570 0.277999 0.474089
v 0.237370 0.276336 0.264577
v 0.223269 0.404699 0.475111
v 0.225684 0.385263 0.475405
v 0.223930 0.404700 0.265718
v 0.226353 0.385263 0.263740
v 0.238447 0.266381 0.275386
v 0.237814 0.269812 0.471606
v 0.222099 0.414367 0.462701
v 0.223070 0.411045 0.268010
v 0.238361 0.266528 0.464000
v 0.238835 0.264191 0.401129
v 0.222693 0.414367 0.276419
v 0.234964 0.300395 -0.077314
v 0.234952 0.300396 -0.042787
v 0.226720 0.385263 -0.042787
v 0.234874 0.300402 0.186286
v 0.226491 0.385263 0.186286
v 0.235017 0.300401 -0.302266
v 0.235022 0.300402 -0.327450
v 0.226663 0.385263 -0.327450
v 0.239244 0.259552 -0.079163
v 0.239385 0.258400 -0.036708
v 0.239153 0.259703 0.184197
v 0.238752 0.263643 0.186286
v 0.239322 0.259258 -0.300834
v 0.223559 0.413131 -0.079458
v 0.223196 0.414367 -0.083473
v 0.223876 0.408447 -0.042787
v 0.222887 0.414367 0.180202
v 0.223559 0.412958 -0.300741
v 0.239357 0.257991 0.180208
v 0.238878 0.263702 -0.302266
v 0.223922 0.408440 -0.077314
v 0.223143 0.414367 -0.036700
v 0.223614 0.408449 0.186286
v 0.235179 0.300418 -0.534557
v 0.226663 0.385263 -0.534557
v 0.239322 0.259352 -0.329693
v 0.223548 0.412676 -0.329910
v 0.223196 0.414367 -0.335403
v 0.239538 0.258012 -0.527031
v 0.223196 0.414367 -0.526603
v 0.228567 0.301242 -0.329679
v 0.220125 0.384249 -0.329679
v 0.217810 0.407017 -0.532327
v 0.232228 0.265245 -0.329679
v 0.217400 0.411042 -0.332174
v 0.217809 0.407017 -0.329679
v -0.234964 0.300395 -0.077314
v -0.236570 0.277999 0.474089
v -0.237370 0.276336 0.264577
v -0.234835 0.300410 0.263736
v -0.226720 0.385263 -0.042787
v -0.226353 0.385263 0.263740
v -0.235017 0.300401 -0.302266
v -0.226663 0.385263 -0.302266
v -0.222420 0.412001 0.472460
v -0.238711 0.264125 0.338258
v -0.238361 0.266528 0.464000
v -0.238835 0.264191 0.401129
v -0.235022 0.300402 -0.327450
v -0.226663 0.385263 -0.327450
v -0.238825 0.263697 -0.077314
v -0.239153 0.259703 0.184197
v -0.238752 0.263643 0.186286
v -0.223559 0.413131 -0.079458
v -0.223510 0.412530 -0.041039
v -0.223251 0.412616 0.184702
v -0.223922 0.408440 -0.302266
v -0.238821 0.263640 -0.042787
v -0.239357 0.257991 0.180208
v -0.223922 0.408440 -0.077314
v -0.235179 0.300418 -0.534557
v -0.220125 0.384249 -0.329679
v -0.239322 0.259352 -0.329693
v -0.238906 0.263497 -0.327450
v -0.223548 0.412676 -0.532096
v -0.223900 0.408620 -0.534557
v -0.217400 0.411042 -0.529832
v -0.217810 0.407017 -0.532327
v -0.232228 0.265245 -0.329679
v -0.232834 0.259297 -0.524801
v -0.223900 0.408620 -0.327450
v -0.239493 0.258007 -0.334975
v -0.223196 0.414367 -0.526603
v -0.222693 0.414367 0.276419
v 0.147093 0.247021 -0.591948
v 0.140476 0.244869 -0.592418
v 0.150610 0.300489 -0.585614
v 0.148190 0.400474 -0.574133
v 0.143703 0.402771 -0.573718
v 0.000000 0.243957 -0.592418
v 0.000000 0.402771 -0.573718
v -0.140476 0.244869 -0.592418
v -0.150610 0.251806 -0.591478
v -0.143703 0.402771 -0.573718
v -0.150610 0.395335 -0.574549
v 0.144271 0.207218 0.688092
v 0.000000 0.207181 0.689175
v 0.251413 0.050323 0.464030
v 0.250937 0.051280 0.472092
v 0.248347 0.010903 -0.174266
v 0.247515 0.006946 -0.176546
v 0.222931 0.190680 0.699371
v 0.207362 0.207464 0.682014
v 0.216566 0.207469 0.671492
v 0.223191 0.207485 0.655285
v 0.249075 0.012171 0.240084
v 0.249034 0.012171 -0.060842
v 0.234164 0.207394 0.603132
v 0.226841 0.189656 0.688103
v 0.234383 0.189021 0.652003
v 0.247208 0.189021 0.539468
v 0.242335 0.207394 0.539468
v 0.246367 0.207394 0.492375
v 0.222445 0.099144 0.709828
v 0.243463 0.052262 0.637467
v 0.241080 0.050356 0.655379
v 0.238587 0.165035 0.652016
v 0.238933 0.144747 0.651164
v 0.234792 0.084666 0.673485
v 0.230968 0.084666 0.688686
v 0.238376 0.084666 0.648134
v 0.222256 0.154685 0.712959
v 0.227489 0.084386 0.701416
v 0.253680 0.084586 -0.060842
v 0.253666 0.084586 -0.327450
v 0.244410 0.084648 0.605919
v 0.248281 0.012171 0.406415
v 0.250844 0.189021 -0.327450
v 0.250853 0.189021 -0.060842
v 0.250127 0.189021 0.492747
v 0.250920 0.189021 0.240084
v 0.253663 0.113709 0.240084
v 0.254133 0.144748 0.240084
v 0.250443 0.049593 0.424263
v 0.250637 0.049167 -0.196292
v 0.249965 0.113709 0.539468
v 0.253199 0.165035 0.492578
v 0.253555 0.113709 -0.060842
v 0.248688 0.018705 -0.538136
v 0.250685 0.049512 -0.538136
v 0.253881 0.165035 -0.060842
v 0.248785 0.018705 -0.577768
v 0.250786 0.189021 -0.578210
v 0.235367 0.165035 -0.596100
v 0.249317 0.084586 -0.591169
v 0.235367 0.084586 -0.596799
v 0.247655 0.049512 -0.590471
v 0.249471 0.144748 -0.591093
v 0.246404 0.018705 -0.590085
v 0.253561 0.084586 -0.578717
v 0.235367 0.018705 -0.594343
v 0.253439 0.113709 -0.578694
v 0.253758 0.165035 -0.578752
v 0.209872 0.084586 -0.599182
v 0.178884 0.113709 -0.599827
v 0.209872 0.049512 -0.598210
v 0.178884 0.049512 -0.599610
v 0.178884 0.144748 -0.599765
v 0.150610 0.018705 -0.598717
v 0.150610 0.189021 -0.597848
v 0.000000 0.049512 -0.599610
v 0.150610 0.165035 -0.599206
v 0.000000 0.018705 -0.598717
v 0.150610 0.113709 -0.599827
v 0.178884 0.165035 -0.599206
v 0.000000 0.113709 -0.599827
v 0.253992 0.165035 0.240084
v 0.235367 0.113709 -0.596721
v -0.144271 0.207218 0.688092
v -0.195285 0.207294 0.685883
v -0.054745 0.207181 0.689175
v -0.251413 0.050323 0.464030
v -0.246308 0.007072 0.442801
v -0.248347 0.010903 -0.174266
v -0.247515 0.006946 -0.176546
v -0.248369 0.018926 -0.385338
v -0.247537 0.013889 -0.383474
v -0.214238 0.190270 0.710580
v -0.216566 0.207469 0.671492
v -0.234164 0.207394 0.603132
v -0.234383 0.189021 0.652003
v -0.247208 0.189021 0.539468
v -0.241002 0.189021 0.606245
v -0.242335 0.207394 0.539468
v -0.252996 0.084586 0.457184
v -0.253789 0.084586 0.240084
v -0.222445 0.099144 0.709828
v -0.227162 0.165463 0.704726
v -0.231387 0.165035 0.691138
v -0.234535 0.165035 0.676538
v -0.241080 0.050356 0.655379
v -0.238587 0.165035 0.652016
v -0.230664 0.113709 0.689511
v -0.234792 0.084666 0.673485
v -0.230968 0.084666 0.688686
v -0.226632 0.143927 0.703857
v -0.250746 0.049167 0.240084
v -0.250092 0.084612 0.539468
v -0.245114 0.144748 0.605919
v -0.250587 0.144748 0.539468
v -0.248281 0.012171 0.406415
v -0.250844 0.189021 -0.327450
v -0.250127 0.189021 0.492747
v -0.252869 0.113709 0.491996
v -0.253663 0.113709 0.240084
v -0.253340 0.144748 0.492578
v -0.250348 0.165035 0.539468
v -0.253555 0.113709 -0.060842
v -0.250685 0.049512 -0.538136
v -0.253881 0.165035 -0.060842
v -0.254004 0.144748 -0.537765
v -0.250629 0.049512 -0.578182
v -0.249317 0.084586 -0.591169
v -0.235367 0.084586 -0.596799
v -0.247655 0.049512 -0.590471
v -0.249471 0.144748 -0.591093
v -0.246404 0.018705 -0.590085
v -0.253561 0.084586 -0.578717
v -0.235115 0.189021 -0.594646
v -0.235367 0.144748 -0.596659
v -0.253439 0.113709 -0.578694
v -0.235367 0.049512 -0.595235
v -0.253758 0.165035 -0.578752
v -0.209872 0.018705 -0.597334
v -0.209734 0.189021 -0.597070
v -0.209872 0.049512 -0.598210
v -0.209872 0.144748 -0.599044
v -0.178884 0.144748 -0.599765
v -0.178884 0.018705 -0.598717
v -0.178884 0.189021 -0.597752
v -0.150610 0.049512 -0.599610
v -0.150610 0.165035 -0.599206
v -0.178884 0.165035 -0.599206
v -0.253992 0.165035 0.240084
v -0.209872 0.165035 -0.598497
v -0.244739 0.165035 0.605919
v 0.227622 0.049364 0.699969
v 0.241595 0.049132 0.655400
v 0.253416 0.051481 0.240084
v 0.253312 0.051481 -0.060842
v 0.255267 0.115257 -0.060842
v 0.238086 0.187583 0.653094
v 0.234939 0.166300 0.676656
v 0.235080 0.143111 0.675680
v 0.226632 0.143927 0.703857
v 0.239270 0.115257 0.649614
v 0.235615 0.115257 0.674646
v 0.254606 0.115257 0.492578
v 0.254255 0.166300 0.492578
v 0.241300 0.083752 0.647958
v 0.245138 0.166300 0.605919
v 0.238841 0.166300 0.652185
v 0.253095 0.050965 0.425306
v 0.255205 0.083832 -0.327450
v 0.253107 0.187574 0.492608
v 0.253900 0.187574 0.240084
v 0.254921 0.166300 -0.060842
v 0.252776 0.015192 -0.538135
v 0.253298 0.051481 -0.327481
v 0.255250 0.115257 -0.537765
v 0.253775 0.187574 -0.327450
v 0.253775 0.187574 -0.537765
v 0.253298 0.051481 -0.537796
v 0.254904 0.166300 -0.537765
v 0.255120 0.115257 -0.579001
v 0.249213 0.051481 -0.591523
v 0.235367 0.051481 -0.597509
v 0.248900 0.015192 -0.591990
v 0.235367 0.015192 -0.598431
v 0.235367 0.083832 -0.597768
v 0.250219 0.115257 -0.591621
v 0.249386 0.166300 -0.591257
v 0.250664 0.143117 -0.591844
v 0.255075 0.083832 -0.578993
v 0.253200 0.051481 -0.578651
v 0.209872 0.015192 -0.601073
v 0.209872 0.115257 -0.600161
v 0.209872 0.051481 -0.599879
v 0.178884 0.051481 -0.600615
v 0.209872 0.166300 -0.599138
v 0.150610 0.051481 -0.600615
v 0.000000 0.051481 -0.600615
v 0.000000 0.166300 -0.599860
v 0.178884 0.187574 -0.599606
v 0.000000 0.083832 -0.600874
v 0.255205 0.083832 -0.537765
v 0.248830 0.187574 -0.591028
v -0.250412 0.007356 0.437328
v -0.249581 0.002859 0.439208
v -0.251688 0.007057 -0.169407
v -0.251181 0.008586 0.403340
v -0.253416 0.051481 0.240084
v -0.253312 0.051481 -0.060842
v -0.255400 0.115257 0.240084
v -0.255267 0.115257 -0.060842
v -0.227622 0.049364 0.699969
v -0.234939 0.166300 0.676656
v -0.231722 0.166300 0.691229
v -0.241595 0.049132 0.655400
v -0.239356 0.143115 0.651014
v -0.231273 0.115257 0.689621
v -0.231719 0.083752 0.688576
v -0.236261 0.083752 0.673349
v -0.227489 0.084386 0.701416
v -0.227377 0.113931 0.702628
v -0.251128 0.166300 0.539468
v -0.238841 0.166300 0.652185
v -0.255205 0.083832 -0.327450
v -0.253107 0.187574 0.492608
v -0.253900 0.187574 0.240084
v -0.254853 0.083805 0.456679
v -0.256195 0.143117 0.240084
v -0.255401 0.143117 0.492578
v -0.251891 0.008586 -0.060842
v -0.256031 0.143117 -0.327450
v -0.255048 0.166300 0.240084
v -0.244513 0.187577 0.606028
v -0.253298 0.051481 -0.327481
v -0.255250 0.115257 -0.327450
v -0.254904 0.166300 -0.537765
v -0.255120 0.115257 -0.579001
v -0.254779 0.166300 -0.578939
v -0.235367 0.051481 -0.597509
v -0.235367 0.015192 -0.598431
v -0.250664 0.143117 -0.591844
v -0.252807 0.015192 -0.578501
v -0.253200 0.051481 -0.578651
v -0.253668 0.187574 -0.578736
v -0.209872 0.015192 -0.601073
v -0.178884 0.015192 -0.602191
v -0.235367 0.143117 -0.598289
v -0.178884 0.051481 -0.600615
v -0.178884 0.166300 -0.599860
v -0.209872 0.187574 -0.598888
v -0.235367 0.187574 -0.596500
v -0.178884 0.115257 -0.600903
v -0.150610 0.115257 -0.600903
v -0.150610 0.051481 -0.600615
v -0.150610 0.187574 -0.599702
v -0.178884 0.187574 -0.599606
v -0.250157 0.187585 0.539468
v -0.252251 0.143117 0.539468
v -0.248830 0.187574 -0.591028
v -0.230856 0.187197 0.691640
v -0.234200 0.187456 0.677430
v 0.226742 0.185850 0.704773
v 0.230856 0.187197 0.691640
v 0.194223 0.078089 0.716465
v 0.181932 0.065852 0.715966
v 0.194299 0.113588 0.718786
v 0.198749 0.095431 0.717488
v 0.165317 0.130191 0.720583
v 0.182061 0.125698 0.719878
v 0.165170 0.062000 0.716125
v 0.136188 0.078128 0.717892
v 0.131736 0.095476 0.719136
v 0.148554 0.125720 0.720702
v 0.148426 0.065875 0.716790
v 0.188564 0.081997 0.712890
v 0.178752 0.118799 0.715507
v 0.141845 0.081961 0.714771
v 0.138253 0.095431 0.715729
v 0.151778 0.118778 0.716594
v 0.151701 0.072106 0.713779
v -0.194223 0.078089 0.716465
v -0.198749 0.095431 0.717488
v -0.165317 0.130191 0.720583
v -0.165170 0.062000 0.716125
v -0.136188 0.078128 0.717892
v -0.131736 0.095476 0.719136
v -0.136263 0.113627 0.720213
v -0.188564 0.081997 0.712890
v -0.178675 0.072127 0.712692
v -0.165182 0.068506 0.713018
v -0.138253 0.095431 0.715729
v -0.141889 0.108907 0.716397
v -0.151701 0.072106 0.713779
v -0.158601 0.040866 0.714904
v -0.176595 0.013989 0.712703
v -0.181956 0.017571 0.712806
v -0.176607 0.044463 0.714697
v -0.155013 0.022888 0.713815
v -0.158592 0.017542 0.713378
v -0.185545 0.035548 0.713894
v -0.163963 0.044447 0.715006
v -0.170273 0.012726 0.712776
v -0.170285 0.045711 0.714934
v 0.155018 0.035511 0.714641
v 0.158601 0.040866 0.714904
v 0.185540 0.022926 0.713068
v 0.181965 0.040894 0.714332
v 0.155013 0.022888 0.713815
v 0.170285 0.045711 0.714934
v 0.167946 0.036420 0.725133
v 0.165414 0.034726 0.725134
v 0.178143 0.032215 0.724602
v 0.176451 0.034743 0.724778
v 0.167946 0.022009 0.724446
v 0.173919 0.036430 0.724940
v 0.178143 0.026246 0.724318
v 0.163723 0.032193 0.725068
v 0.163129 0.029207 0.724945
v 0.170933 0.021420 0.724322
v -0.167946 0.036420 0.725133
v -0.167946 0.022009 0.724446
v -0.163723 0.026223 0.724784
v -0.173919 0.036430 0.724940
v -0.178143 0.026246 0.724318
v -0.173919 0.022018 0.724253
v -0.170933 0.037019 0.725065
v 0.009789 0.225491 0.677346
v 0.010656 0.240926 0.665628
v -0.010656 0.240926 0.665628
v 0.251688 0.007057 -0.169407
v 0.251974 0.008586 0.240084
v 0.251181 0.008586 0.403340
v 0.251891 0.008586 -0.060842
v 0.235807 0.270029 0.268134
v 0.235036 0.277203 0.265952
v 0.236086 0.267269 0.276761
v 0.221363 0.403600 0.267084
v 0.223431 0.384517 0.265126
v 0.232479 0.300861 0.265124
v 0.220131 0.410764 0.470850
v 0.219866 0.413413 0.461331
v 0.235271 0.270799 0.470018
v 0.220687 0.409799 0.269613
v 0.236052 0.265016 0.400686
v 0.235660 0.267355 0.462648
v 0.220284 0.413351 0.277787
v 0.232009 0.300882 0.473598
v 0.227127 0.270968 0.535235
v 0.223480 0.270241 0.558820
v 0.228829 0.272135 0.519693
v 0.229507 0.274138 0.512062
v 0.208701 0.432108 0.511934
v 0.210408 0.429040 0.509156
v 0.218903 0.270257 0.584099
v 0.104588 0.270357 0.632404
v 0.054745 0.270341 0.632581
v 0.200794 0.270454 0.627886
v 0.198335 0.270454 0.629429
v -0.227127 0.270968 0.535235
v -0.223480 0.270241 0.558820
v -0.227075 0.301916 0.504649
v -0.228707 0.287380 0.505663
v -0.216937 0.384876 0.505182
v -0.204694 0.438715 0.520291
v -0.199154 0.444452 0.528355
v 0.211445 0.426200 0.507522
v 0.212409 0.420651 0.506366
v 0.213287 0.413715 0.506137
v 0.193212 0.451780 0.539287
v 0.194237 0.451322 0.538715
v 0.199154 0.444452 0.528355
v 0.204694 0.438715 0.520291
v 0.104490 0.453871 0.541365
v 0.055837 0.454308 0.541874
v 0.000000 0.454745 0.542373
v -0.054745 0.270341 0.632581
v 0.000000 0.270341 0.632581
v -0.229507 0.274138 0.512062
v -0.229472 0.278590 0.507957
v -0.211445 0.426200 0.507522
v -0.212409 0.420651 0.506366
v -0.210408 0.429040 0.509156
v -0.208701 0.432108 0.511934
v -0.213287 0.413715 0.506137
v -0.193212 0.451780 0.539287
v -0.194237 0.451322 0.538715
v -0.104588 0.270357 0.632404
v 0.146749 0.453147 0.540985
v -0.146749 0.270378 0.632174
v -0.146749 0.453147 0.540985
v -0.104490 0.453871 0.541365
v -0.055837 0.454308 0.541874
v -0.218903 0.270257 0.584099
v -0.209860 0.270361 0.612975
v 0.218107 0.407672 -0.041594
v 0.220463 0.384745 -0.041595
v 0.233136 0.261372 -0.039706
v 0.233351 0.259248 -0.035515
v 0.232817 0.264492 -0.041594
v 0.229029 0.300925 -0.300749
v 0.220526 0.384615 -0.300749
v 0.233145 0.260646 -0.080680
v 0.232724 0.264792 -0.078831
v 0.217749 0.411946 -0.299224
v 0.218207 0.407438 -0.300749
v 0.232701 0.264790 -0.300749
v 0.217604 0.413378 -0.294591
v 0.146565 0.254453 -0.585857
v 0.147034 0.301501 -0.580353
v 0.144991 0.396211 -0.569275
v 0.141407 0.398061 -0.569060
v 0.053806 0.398151 -0.569066
v -0.000000 0.398207 -0.569070
v 0.146925 0.392123 -0.569753
v -0.229086 0.300812 -0.041594
v -0.232817 0.264492 -0.041594
v -0.217494 0.411841 0.183509
v -0.217315 0.413612 0.179009
v -0.220284 0.413351 0.277787
v -0.219866 0.413413 0.461331
v -0.236194 0.264988 0.338723
v -0.236086 0.267269 0.276761
v -0.220687 0.409799 0.269613
v -0.235271 0.270799 0.470018
v -0.235660 0.267355 0.462648
v -0.220131 0.410764 0.470850
v -0.220897 0.403620 0.473738
v -0.235807 0.270029 0.268134
v -0.235036 0.277203 0.265952
v -0.221363 0.403600 0.267084
v -0.234390 0.278882 0.472738
v -0.232009 0.300882 0.473598
v -0.229052 0.300927 -0.078831
v -0.220549 0.384608 -0.078831
v -0.229029 0.300925 -0.300749
v -0.220526 0.384615 -0.300749
v -0.233145 0.260646 -0.080680
v -0.232724 0.264792 -0.078831
v -0.217749 0.411946 -0.299224
v -0.218207 0.407438 -0.300749
v -0.232701 0.264790 -0.300749
v -0.233312 0.258993 -0.084975
v -0.146565 0.254453 -0.585857
v -0.147034 0.301501 -0.580353
v 0.220549 0.384608 -0.078831
v 0.233038 0.260542 0.183004
v 0.232631 0.264482 0.185093
v 0.218229 0.407441 -0.078831
v 0.217315 0.413612 0.179009
v 0.217493 0.413605 -0.035507
v 0.233217 0.258828 0.179015
v 0.217687 0.411749 -0.039846
v 0.228567 0.301242 -0.532327
v 0.220125 0.384249 -0.532327
v 0.232647 0.261128 -0.530050
v 0.232834 0.259297 -0.524801
v 0.232833 0.259297 -0.337205
v 0.217224 0.412776 -0.337633
v 0.217224 0.412776 -0.524373
v 0.232229 0.265245 -0.532327
v 0.217400 0.411042 -0.529832
v 0.232647 0.261128 -0.331956
v -0.232479 0.300861 0.265124
v -0.223431 0.384517 0.265126
v -0.233038 0.260542 0.183004
v -0.232631 0.264482 0.185093
v -0.228900 0.300806 0.185093
v -0.217754 0.412119 -0.080975
v -0.218229 0.407441 -0.078831
v -0.138521 0.248906 -0.586507
v -0.228567 0.301242 -0.532327
v -0.220125 0.384249 -0.532327
v -0.217400 0.411042 -0.332174
v -0.217224 0.412776 -0.337633
v -0.217224 0.412776 -0.524373
v -0.232229 0.265245 -0.532327
v -0.232647 0.261128 -0.331956
v -0.232833 0.259297 -0.337205
v -0.232647 0.261128 -0.530050
v -0.217809 0.407017 -0.329679
v -0.146925 0.392123 -0.569753
v -0.107611 0.398096 -0.569062
v -0.141407 0.398061 -0.569060
v -0.053806 0.398151 -0.569066
v 0.228567 0.301242 -0.329679
v 0.220125 0.384249 -0.329679
v 0.232228 0.265245 -0.329679
v 0.217809 0.407017 -0.329679
v 0.217400 0.411042 -0.332174
v -0.217400 0.411042 -0.529832
v -0.217810 0.407017 -0.532327
v 0.220276 0.384749 0.185093
v 0.217920 0.407681 0.185093
v 0.217494 0.411841 0.183509
v 0.233152 0.260345 -0.299317
v 0.233327 0.258635 -0.294605
v 0.143780 0.250642 -0.586303
v 0.138521 0.248906 -0.586507
v -0.233217 0.258828 0.179015
v -0.220276 0.384749 0.185093
v -0.217687 0.411749 -0.039846
v -0.222960 0.384537 0.474010
v -0.217625 0.413380 -0.084989
v -0.144991 0.396211 -0.569275
v 0.217810 0.407017 -0.532327
v -0.228567 0.301242 -0.329679
v -0.220125 0.384249 -0.329679
v -0.232228 0.265245 -0.329679
v -0.232834 0.259297 -0.524801
v -0.018429 0.074984 -0.604918
v -0.016182 0.069560 -0.604965
v -0.035779 0.069522 -0.600572
v -0.023853 0.057596 -0.600675
v -0.029277 0.064183 -0.610412
v -0.031524 0.069607 -0.610365
v -0.016769 0.074863 -0.611856
v -0.014311 0.069615 -0.611311
v -0.016769 0.064377 -0.611947
v -0.023853 0.061936 -0.610432
v -0.025221 0.064260 -0.619384
v -0.026938 0.069697 -0.620786
v -0.018786 0.076945 -0.616390
v -0.018786 0.062373 -0.616516
v -0.018044 0.064819 -0.621178
v -0.018685 0.069714 -0.622821
v -0.018101 0.074312 -0.621246
v -0.004903 0.065767 -0.621092
v -0.005461 0.069709 -0.622176
v -0.004953 0.073415 -0.621125
v -0.003558 0.075236 -0.618311
v -0.002213 0.073584 -0.615627
v -0.001655 0.069643 -0.614543
v -0.002213 0.065720 -0.615695
v -0.003558 0.064115 -0.618407
v 0.037459 0.072367 -0.616852
v 0.035640 0.065368 -0.615593
v 0.037394 0.066562 -0.617111
v 0.038121 0.069530 -0.617605
v 0.035640 0.073812 -0.615131
v 0.033886 0.072617 -0.613613
v 0.033159 0.069649 -0.613119
v 0.033886 0.066647 -0.613940
v 0.039974 0.072525 -0.610890
v 0.037536 0.073934 -0.610512
v -0.029277 0.064136 -0.605012
v -0.031524 0.069560 -0.604965
v -0.023853 0.077231 -0.604899
v -0.018429 0.064136 -0.605012
v -0.023853 0.061890 -0.605031
v -0.023853 0.077277 -0.610299
v -0.029476 0.074732 -0.610321
v -0.025373 0.074810 -0.619422
v -0.029476 0.074685 -0.604921
v 0.039888 0.066719 -0.611197
v 0.040862 0.069701 -0.611154
v 0.034100 0.069716 -0.610625
v 0.037536 0.065491 -0.610974
v -0.032699 0.077723 -0.600501
v -0.023765 0.081448 -0.600469
v -0.011926 0.069522 -0.600572
v -0.015419 0.061089 -0.600645
v -0.032312 0.061128 -0.600645
v -0.015419 0.077955 -0.600500
v 0.034983 0.066761 -0.610845
v 0.034983 0.072667 -0.610522
v 0.201483 -0.053789 0.440124
v 0.221772 -0.053711 0.441260
v 0.201483 -0.073905 0.443503
v 0.221772 -0.073608 0.444602
v 0.201483 -0.092976 0.450742
v 0.221772 -0.092470 0.451762
v 0.201483 -0.110269 0.461562
v 0.221772 -0.109573 0.462464
v 0.201483 -0.125118 0.475548
v 0.221772 -0.124259 0.476297
v 0.201483 -0.136953 0.492162
v 0.221772 -0.135965 0.492729
v 0.201483 -0.145320 0.510766
v 0.221772 -0.144240 0.511129
v 0.201483 -0.149896 0.530645
v 0.221772 -0.148767 0.530790
v 0.201483 -0.150507 0.551035
v 0.221772 -0.149370 0.550957
v 0.201483 -0.147127 0.571151
v 0.221772 -0.146028 0.570853
v 0.201483 -0.139889 0.590222
v 0.221772 -0.138868 0.589716
v 0.201483 -0.129068 0.607515
v 0.221772 -0.128167 0.606819
v 0.201483 -0.115082 0.622364
v 0.221772 -0.114334 0.621505
v 0.201483 -0.098468 0.634199
v 0.221772 -0.097901 0.633211
v 0.201483 -0.079864 0.642566
v 0.221772 -0.079501 0.641486
v 0.201483 -0.059985 0.647142
v 0.221772 -0.059840 0.646012
v 0.201483 -0.039596 0.647752
v 0.221772 -0.039674 0.646616
v 0.201483 -0.019479 0.644373
v 0.221772 -0.019777 0.643274
v 0.201483 -0.000408 0.637134
v 0.221772 -0.000915 0.636114
v 0.201483 0.016884 0.626314
v 0.221772 0.016188 0.625412
v 0.201483 0.031733 0.612328
v 0.221772 0.030875 0.611579
v 0.201483 0.043569 0.595714
v 0.221772 0.042581 0.595147
v 0.201483 0.051935 0.577110
v 0.221772 0.050856 0.576747
v 0.201483 0.056512 0.557231
v 0.221772 0.055382 0.557086
v 0.201483 0.057122 0.536842
v 0.221772 0.055986 0.536919
v 0.201483 0.053743 0.516725
v 0.221772 0.052643 0.517023
v 0.201483 0.046504 0.497654
v 0.221772 0.045484 0.498160
v 0.201483 0.035684 0.480361
v 0.221772 0.034782 0.481057
v 0.201483 0.021698 0.465512
v 0.221772 0.020949 0.466371
v 0.201483 0.005083 0.453677
v 0.221772 0.004517 0.454665
v 0.201483 -0.013521 0.445311
v 0.221772 -0.013884 0.446390
v 0.201483 -0.033399 0.440734
v 0.221772 -0.033545 0.441864
v 0.182683 -0.053699 0.441436
v 0.182683 -0.073561 0.444773
v 0.182683 -0.092391 0.451920
v 0.182683 -0.109465 0.462604
v 0.182683 -0.124126 0.476413
v 0.182683 -0.135812 0.492817
v 0.182683 -0.144073 0.511186
v 0.182683 -0.148591 0.530813
v 0.182683 -0.149194 0.550945
v 0.182683 -0.145857 0.570807
v 0.182683 -0.138710 0.589637
v 0.182683 -0.128027 0.606711
v 0.182683 -0.114218 0.621372
v 0.182683 -0.097813 0.633058
v 0.182683 -0.079445 0.641319
v 0.182683 -0.059817 0.645837
v 0.182683 -0.039686 0.646440
v 0.182683 -0.019823 0.643103
v 0.182683 -0.000993 0.635956
v 0.182683 0.016080 0.625273
v 0.182683 0.030742 0.611463
v 0.182683 0.042427 0.595059
v 0.182683 0.050688 0.576690
v 0.182683 0.055207 0.557063
v 0.182683 0.055809 0.536931
v 0.182683 0.052473 0.517069
v 0.182683 0.045325 0.498239
v 0.182683 0.034642 0.481165
v 0.182683 0.020833 0.466504
v 0.182683 0.004429 0.454818
v 0.182683 -0.013940 0.446558
v 0.182683 -0.033567 0.442039
v 0.177640 -0.053514 0.444139
v 0.177640 -0.072853 0.447388
v 0.177640 -0.141505 0.512049
v 0.177640 -0.146491 0.550760
v 0.177640 -0.136284 0.588432
v 0.177640 -0.125882 0.605056
v 0.177640 -0.112437 0.619330
v 0.177640 -0.078581 0.638751
v 0.177640 -0.002198 0.633530
v 0.177640 0.014425 0.623128
v 0.177640 0.040078 0.593711
v 0.177640 0.048121 0.575827
v 0.177640 0.052520 0.556717
v 0.177640 0.049858 0.517777
v 0.177640 0.032497 0.482821
v 0.177640 0.019052 0.468546
v 0.177640 -0.014804 0.449125
v 0.177134 -0.048618 0.515771
v 0.177134 -0.054076 0.516688
v 0.177134 -0.059250 0.518652
v 0.177134 -0.063942 0.521588
v 0.177134 -0.067971 0.525382
v 0.177134 -0.071182 0.529890
v 0.177134 -0.073452 0.534938
v 0.177134 -0.074694 0.540331
v 0.177134 -0.074860 0.545864
v 0.177134 -0.073943 0.551322
v 0.177134 -0.071979 0.556496
v 0.177134 -0.069043 0.561188
v 0.177134 -0.065248 0.565217
v 0.177134 -0.060740 0.568428
v 0.177134 -0.055693 0.570698
v 0.177134 -0.050299 0.571940
v 0.177134 -0.044767 0.572105
v 0.177134 -0.039309 0.571188
v 0.177134 -0.034134 0.569224
v 0.177134 -0.029443 0.566289
v 0.177134 -0.025414 0.562494
v 0.177134 -0.022202 0.557986
v 0.177134 -0.019932 0.552938
v 0.177134 -0.018691 0.547545
v 0.177134 -0.018525 0.542013
v 0.177134 -0.019442 0.536555
v 0.177134 -0.021406 0.531380
v 0.177134 -0.024342 0.526688
v 0.177134 -0.028137 0.522659
v 0.177134 -0.032644 0.519448
v 0.177134 -0.037692 0.517178
v 0.177134 -0.043086 0.515936
v 0.168209 -0.048585 0.516252
v 0.168209 -0.053950 0.517153
v 0.168209 -0.059036 0.519084
v 0.168209 -0.063647 0.521969
v 0.168209 -0.067608 0.525699
v 0.168209 -0.070764 0.530130
v 0.168209 -0.072995 0.535092
v 0.168209 -0.074216 0.540393
v 0.168209 -0.074378 0.545831
v 0.168209 -0.073477 0.551196
v 0.168209 -0.071547 0.556282
v 0.168209 -0.068661 0.560893
v 0.168209 -0.064931 0.564853
v 0.168209 -0.060500 0.568010
v 0.168209 -0.055539 0.570241
v 0.168209 -0.050237 0.571461
v 0.168209 -0.044800 0.571624
v 0.168209 -0.039435 0.570723
v 0.168209 -0.034349 0.568793
v 0.168209 -0.029737 0.565907
v 0.168209 -0.025777 0.562177
v 0.168209 -0.022621 0.557746
v 0.168209 -0.020389 0.552785
v 0.168209 -0.019169 0.547483
v 0.168209 -0.019006 0.542046
v 0.168209 -0.019907 0.536681
v 0.168209 -0.021838 0.531595
v 0.168209 -0.024724 0.526983
v 0.168209 -0.028454 0.523023
v 0.168209 -0.032884 0.519866
v 0.168209 -0.037846 0.517635
v 0.168209 -0.043147 0.516415
v 0.165692 -0.046692 0.543938
v 0.225785 -0.053573 0.443285
v 0.225785 -0.073077 0.446561
v 0.225785 -0.091567 0.453579
v 0.225785 -0.108333 0.464070
v 0.225785 -0.122730 0.477630
v 0.225785 -0.134205 0.493739
v 0.225785 -0.142317 0.511776
v 0.225785 -0.146754 0.531050
v 0.225785 -0.147346 0.550818
v 0.225785 -0.144069 0.570323
v 0.225785 -0.137051 0.588813
v 0.225785 -0.126560 0.605579
v 0.225785 -0.113000 0.619976
v 0.225785 -0.096892 0.631451
v 0.225785 -0.078854 0.639563
v 0.225785 -0.059581 0.644000
v 0.225785 -0.039812 0.644592
v 0.225785 -0.020308 0.641315
v 0.225785 -0.001817 0.634297
v 0.225785 0.014949 0.623806
v 0.225785 0.029346 0.610246
v 0.225785 0.040820 0.594137
v 0.225785 0.048932 0.576100
v 0.225785 0.053369 0.556826
v 0.225785 0.053961 0.537058
v 0.225785 0.050685 0.517553
v 0.225785 0.043666 0.499063
v 0.225785 0.033175 0.482297
v 0.225785 0.019615 0.467900
v 0.225785 0.003507 0.456425
v 0.225785 -0.014531 0.448313
v 0.225785 -0.033804 0.443876
v 0.228519 -0.053139 0.449621
v 0.228519 -0.071416 0.452691
v 0.228519 -0.088742 0.459267
v 0.228519 -0.104453 0.469098
v 0.228519 -0.117944 0.481804
v 0.228519 -0.128696 0.496899
v 0.228519 -0.136298 0.513801
v 0.228519 -0.140455 0.531861
v 0.228519 -0.141010 0.550385
v 0.228519 -0.137940 0.568662
v 0.228519 -0.131363 0.585988
v 0.228519 -0.121533 0.601699
v 0.228519 -0.108826 0.615190
v 0.228519 -0.093732 0.625942
v 0.228519 -0.076830 0.633543
v 0.228519 -0.058769 0.637701
v 0.228519 -0.040245 0.638256
v 0.228519 -0.021969 0.635185
v 0.228519 -0.004642 0.628609
v 0.228519 0.011068 0.618778
v 0.228519 0.024559 0.606072
v 0.228519 0.035312 0.590977
v 0.228519 0.042913 0.574075
v 0.228519 0.047071 0.556015
v 0.228519 0.047625 0.537491
v 0.228519 0.044555 0.519214
v 0.228519 0.037978 0.501888
v 0.228519 0.028148 0.486177
v 0.228519 0.015441 0.472687
v 0.228519 0.000347 0.461934
v 0.228519 -0.016555 0.454333
v 0.228519 -0.034615 0.450175
v 0.230822 -0.052989 0.451821
v 0.230822 -0.070839 0.454819
v 0.230822 -0.087762 0.461242
v 0.230822 -0.103106 0.470843
v 0.230822 -0.116282 0.483254
v 0.230822 -0.126783 0.497996
v 0.230822 -0.134207 0.514504
v 0.230822 -0.138268 0.532143
v 0.230822 -0.138810 0.550235
v 0.230822 -0.135811 0.568085
v 0.230822 -0.129388 0.585007
v 0.230822 -0.119787 0.600351
v 0.230822 -0.107377 0.613527
v 0.230822 -0.092634 0.624029
v 0.230822 -0.076127 0.631453
v 0.230822 -0.058488 0.635514
v 0.230822 -0.040395 0.636056
v 0.230822 -0.022545 0.633057
v 0.230822 -0.005623 0.626634
v 0.230822 0.009721 0.617033
v 0.230822 0.022897 0.604622
v 0.230822 0.033399 0.589880
v 0.230822 0.040823 0.573372
v 0.230822 0.044884 0.555733
v 0.230822 0.045425 0.537641
v 0.230822 0.042427 0.519791
v 0.230822 0.036003 0.502869
v 0.230822 0.026402 0.487525
v 0.230822 0.013992 0.474349
v 0.230822 -0.000750 0.463847
v 0.230822 -0.017258 0.456423
v 0.230822 -0.034897 0.452362
v 0.229912 -0.051702 0.470653
v 0.229912 -0.065903 0.473038
v 0.229912 -0.079366 0.478148
v 0.229912 -0.091573 0.485786
v 0.229912 -0.102055 0.495660
v 0.229912 -0.110410 0.507388
v 0.229912 -0.116316 0.520521
v 0.229912 -0.119547 0.534554
v 0.229912 -0.119978 0.548948
v 0.229912 -0.117592 0.563149
v 0.229912 -0.112482 0.576611
v 0.229912 -0.104844 0.588819
v 0.229912 -0.094971 0.599301
v 0.229912 -0.083242 0.607656
v 0.229912 -0.070109 0.613562
v 0.229912 -0.056076 0.616793
v 0.229912 -0.041683 0.617224
v 0.229912 -0.027482 0.614838
v 0.229912 -0.014019 0.609728
v 0.229912 -0.001812 0.602090
v 0.229912 0.008671 0.592217
v 0.229912 0.017026 0.580488
v 0.229912 0.022932 0.567355
v 0.229912 0.026162 0.553322
v 0.229912 0.026593 0.538929
v 0.229912 0.024208 0.524727
v 0.229912 0.019098 0.511265
v 0.229912 0.011459 0.499057
v 0.229912 0.001586 0.488575
v 0.229912 -0.010142 0.480220
v 0.229912 -0.023275 0.474314
v 0.229912 -0.037308 0.471083
v 0.227629 -0.051299 0.476546
v 0.227629 -0.064358 0.478739
v 0.227629 -0.076738 0.483438
v 0.227629 -0.087964 0.490463
v 0.227629 -0.097603 0.499542
v 0.227629 -0.105286 0.510327
v 0.227629 -0.110718 0.522404
v 0.227629 -0.113689 0.535309
v 0.227629 -0.114085 0.548545
v 0.227629 -0.111891 0.561604
v 0.227629 -0.107192 0.573984
v 0.227629 -0.100168 0.585210
v 0.227629 -0.091089 0.594849
v 0.227629 -0.080303 0.602532
v 0.227629 -0.068226 0.607964
v 0.227629 -0.055322 0.610934
v 0.227629 -0.042086 0.611331
v 0.227629 -0.029026 0.609137
v 0.227629 -0.016646 0.604438
v 0.227629 -0.005421 0.597414
v 0.227629 0.004219 0.588334
v 0.227629 0.011902 0.577549
v 0.227629 0.017333 0.565472
v 0.227629 0.020304 0.552567
v 0.227629 0.020700 0.539331
v 0.227629 0.018507 0.526272
v 0.227629 0.013807 0.513892
v 0.227629 0.006783 0.502666
v 0.227629 -0.002296 0.493027
v 0.227629 -0.013081 0.485344
v 0.227629 -0.025158 0.479913
v 0.227629 -0.038063 0.476942
v 0.222372 -0.050764 0.484368
v 0.222372 -0.062307 0.486307
v 0.222372 -0.073251 0.490461
v 0.222372 -0.083173 0.496670
v 0.222372 -0.091694 0.504695
v 0.222372 -0.098485 0.514229
v 0.222372 -0.103286 0.524904
v 0.222372 -0.105912 0.536310
v 0.222372 -0.106262 0.548010
v 0.222372 -0.104323 0.559553
v 0.222372 -0.100169 0.570496
v 0.222372 -0.093960 0.580419
v 0.222372 -0.085935 0.588939
v 0.222372 -0.076402 0.595731
v 0.222372 -0.065727 0.600532
v 0.222372 -0.054320 0.603158
v 0.222372 -0.042620 0.603508
v 0.222372 -0.031077 0.601569
v 0.222372 -0.020134 0.597415
v 0.222372 -0.010211 0.591206
v 0.222372 -0.001691 0.583181
v 0.222372 0.005100 0.573648
v 0.222372 0.009901 0.562972
v 0.222372 0.012527 0.551566
v 0.222372 0.012877 0.539866
v 0.222372 0.010938 0.528323
v 0.222372 0.006785 0.517380
v 0.222372 0.000576 0.507457
v 0.222372 -0.007450 0.498937
v 0.222372 -0.016983 0.492145
v 0.222372 -0.027658 0.487345
v 0.222372 -0.039065 0.484719
v 0.218240 -0.050175 0.492992
v 0.218240 -0.060047 0.494650
v 0.218240 -0.069406 0.498203
v 0.218241 -0.077892 0.503513
v 0.218241 -0.085179 0.510376
v 0.218241 -0.090987 0.518529
v 0.218241 -0.095093 0.527659
v 0.218241 -0.097339 0.537414
v 0.218241 -0.097639 0.547421
v 0.218240 -0.095980 0.557293
v 0.218240 -0.092428 0.566652
v 0.218240 -0.087118 0.575138
v 0.218240 -0.080254 0.582425
v 0.218240 -0.072101 0.588233
v 0.218240 -0.062971 0.592339
v 0.218240 -0.053216 0.594585
v 0.218240 -0.043210 0.594884
v 0.218240 -0.033338 0.593226
v 0.218240 -0.023979 0.589674
v 0.218240 -0.015492 0.584364
v 0.218240 -0.008205 0.577500
v 0.218240 -0.002397 0.569347
v 0.218240 0.001709 0.560217
v 0.218240 0.003954 0.550462
v 0.218241 0.004254 0.540456
v 0.218240 0.002596 0.530583
v 0.218240 -0.000957 0.521224
v 0.218240 -0.006267 0.512738
v 0.218240 -0.013130 0.505451
v 0.218240 -0.021284 0.499643
v 0.218240 -0.030413 0.495537
v 0.218241 -0.040169 0.493291
v 0.209344 -0.073901 0.508684
v 0.209344 -0.090860 0.538249
v 0.209344 -0.091121 0.546975
v 0.209344 -0.075961 0.577502
v 0.209344 -0.068851 0.582567
v 0.209344 -0.052381 0.588106
v 0.209344 -0.019484 0.579192
v 0.209344 -0.008064 0.566096
v 0.209344 -0.002524 0.549627
v 0.209344 -0.002263 0.540901
v 0.209344 -0.011438 0.516729
v 0.209344 -0.032496 0.501729
v 0.210052 -0.049591 0.501532
v 0.210052 -0.057808 0.502912
v 0.210052 -0.065598 0.505869
v 0.210052 -0.072662 0.510289
v 0.210052 -0.078728 0.516002
v 0.210052 -0.083562 0.522789
v 0.210052 -0.086980 0.530388
v 0.210052 -0.088849 0.538508
v 0.210052 -0.089098 0.546837
v 0.210052 -0.087718 0.555054
v 0.210052 -0.084761 0.562844
v 0.210052 -0.080341 0.569908
v 0.210052 -0.074628 0.575973
v 0.210052 -0.067842 0.580808
v 0.210052 -0.060242 0.584226
v 0.210052 -0.052122 0.586095
v 0.210052 -0.043794 0.586344
v 0.210052 -0.035576 0.584964
v 0.210052 -0.027786 0.582007
v 0.210052 -0.020723 0.577587
v 0.210052 -0.014657 0.571874
v 0.210052 -0.009822 0.565087
v 0.210052 -0.006405 0.557488
v 0.210052 -0.004536 0.549368
v 0.210052 -0.004286 0.541039
v 0.210052 -0.005667 0.532822
v 0.210052 -0.008623 0.525032
v 0.210052 -0.013043 0.517968
v 0.210052 -0.018756 0.511903
v 0.210052 -0.025543 0.507068
v 0.210052 -0.033142 0.503651
v 0.210052 -0.041262 0.501781
v 0.214512 -0.049437 0.503782
v 0.214512 -0.057218 0.505089
v 0.214512 -0.064595 0.507889
v 0.214512 -0.071284 0.512075
v 0.214512 -0.077028 0.517485
v 0.214512 -0.081606 0.523911
v 0.214512 -0.084842 0.531107
v 0.214512 -0.086612 0.538796
v 0.214512 -0.086848 0.546683
v 0.214512 -0.085541 0.554464
v 0.214512 -0.082741 0.561841
v 0.214512 -0.078556 0.568530
v 0.214512 -0.073146 0.574273
v 0.214512 -0.066719 0.578851
v 0.214512 -0.059523 0.582088
v 0.214512 -0.051834 0.583858
v 0.214512 -0.043947 0.584094
v 0.214512 -0.036166 0.582787
v 0.214512 -0.028789 0.579987
v 0.214512 -0.022101 0.575801
v 0.214512 -0.016357 0.570392
v 0.214512 -0.011779 0.563965
v 0.214512 -0.008543 0.556769
v 0.214512 -0.006773 0.549080
v 0.214512 -0.006537 0.541193
v 0.214512 -0.007844 0.533412
v 0.214512 -0.010644 0.526035
v 0.214512 -0.014829 0.519346
v 0.214512 -0.020239 0.513603
v 0.214512 -0.026665 0.509025
v 0.214512 -0.033861 0.505789
v 0.214512 -0.041551 0.504018
v 0.219501 -0.067968 0.516371
v 0.219501 -0.076898 0.526612
v 0.219501 -0.079698 0.532837
v 0.219501 -0.081229 0.539490
v 0.219501 -0.081433 0.546313
v 0.219501 -0.080302 0.553045
v 0.219501 -0.074259 0.565214
v 0.219501 -0.069579 0.570183
v 0.219501 -0.064019 0.574143
v 0.219501 -0.057793 0.576943
v 0.219501 -0.051141 0.578475
v 0.219501 -0.044318 0.578679
v 0.219501 -0.031204 0.575126
v 0.219501 -0.020448 0.566824
v 0.219501 -0.016487 0.561265
v 0.219501 -0.012156 0.548387
v 0.219501 -0.013082 0.534831
v 0.219501 -0.015505 0.528449
v 0.219501 -0.023806 0.517693
v 0.219501 -0.035592 0.510933
v 0.222589 -0.049055 0.509369
v 0.222589 -0.055754 0.510494
v 0.222589 -0.062105 0.512904
v 0.222589 -0.067863 0.516508
v 0.222589 -0.072807 0.521165
v 0.222589 -0.076748 0.526697
v 0.222589 -0.079534 0.532892
v 0.222589 -0.081058 0.539512
v 0.222589 -0.081262 0.546301
v 0.222589 -0.080136 0.553000
v 0.222589 -0.077726 0.559350
v 0.222589 -0.074123 0.565108
v 0.222589 -0.069466 0.570053
v 0.222589 -0.063933 0.573994
v 0.222589 -0.057738 0.576780
v 0.222589 -0.051119 0.578304
v 0.222589 -0.044329 0.578507
v 0.222589 -0.037631 0.577382
v 0.222589 -0.031280 0.574972
v 0.222589 -0.025522 0.571369
v 0.222589 -0.020577 0.566711
v 0.222589 -0.016636 0.561179
v 0.222589 -0.013850 0.554984
v 0.222589 -0.012326 0.548365
v 0.222589 -0.012123 0.541575
v 0.222589 -0.013248 0.534876
v 0.222589 -0.015659 0.528526
v 0.222589 -0.019262 0.522768
v 0.222589 -0.023919 0.517823
v 0.222589 -0.029451 0.513882
v 0.222589 -0.035646 0.511096
v 0.222589 -0.042266 0.509572
v 0.228567 -0.047331 0.534600
v 0.228567 -0.049140 0.534904
v 0.228567 -0.050855 0.535555
v 0.228567 -0.052411 0.536529
v 0.228567 -0.053747 0.537787
v 0.228567 -0.054811 0.539281
v 0.228567 -0.055564 0.540954
v 0.228567 -0.055975 0.542742
v 0.228567 -0.056030 0.544576
v 0.228567 -0.055726 0.546386
v 0.228567 -0.055075 0.548101
v 0.228567 -0.054102 0.549657
v 0.228567 -0.052844 0.550992
v 0.228567 -0.051349 0.552057
v 0.228567 -0.049676 0.552809
v 0.228567 -0.047888 0.553221
v 0.228567 -0.046054 0.553276
v 0.228567 -0.044245 0.552972
v 0.228567 -0.042529 0.552321
v 0.228567 -0.040974 0.551348
v 0.228567 -0.039638 0.550090
v 0.228567 -0.038574 0.548595
v 0.228567 -0.037821 0.546922
v 0.228567 -0.037409 0.545134
v 0.228567 -0.037354 0.543300
v 0.228567 -0.037658 0.541490
v 0.228567 -0.038309 0.539775
v 0.228567 -0.039283 0.538219
v 0.228567 -0.040541 0.536884
v 0.228567 -0.042035 0.535819
v 0.228567 -0.043709 0.535067
v 0.228567 -0.045497 0.534655
v 0.225924 -0.046692 0.543938
v 0.177640 -0.091186 0.454346
v 0.177640 -0.107810 0.464748
v 0.177640 -0.122085 0.478193
v 0.177640 -0.133462 0.494165
v 0.177640 -0.145905 0.531159
v 0.177640 -0.143243 0.570099
v 0.177640 -0.096465 0.630708
v 0.177640 -0.059471 0.643150
v 0.177640 -0.039870 0.643737
v 0.177640 -0.020532 0.640489
v 0.177640 0.028700 0.609683
v 0.177640 0.053107 0.537116
v 0.177640 0.042899 0.499444
v 0.177640 0.003081 0.457168
v 0.177640 -0.033913 0.444726
v 0.209344 -0.058339 0.500955
v 0.209344 -0.049729 0.499509
v 0.209344 -0.066500 0.504053
v 0.209344 -0.080256 0.514669
v 0.209344 -0.085321 0.521780
v 0.209344 -0.088902 0.529742
v 0.209344 -0.089675 0.555584
v 0.209344 -0.086577 0.563746
v 0.209344 -0.081947 0.571147
v 0.209344 -0.060889 0.586147
v 0.209344 -0.043655 0.588367
v 0.209344 -0.035046 0.586921
v 0.209344 -0.026884 0.583823
v 0.209344 -0.013129 0.573207
v 0.209344 -0.004483 0.558134
v 0.209344 -0.003709 0.532292
v 0.209344 -0.006807 0.524130
v 0.209344 -0.017424 0.510374
v 0.209344 -0.024534 0.505309
v 0.209344 -0.041003 0.499770
v 0.219501 -0.055799 0.510328
v 0.219501 -0.049067 0.509197
v 0.219501 -0.062181 0.512750
v 0.219501 -0.072937 0.521052
v 0.219501 -0.077880 0.559427
v 0.219501 -0.037586 0.577548
v 0.219501 -0.025417 0.571505
v 0.219501 -0.013687 0.555039
v 0.219501 -0.011951 0.541563
v 0.219501 -0.019126 0.522663
v 0.219501 -0.029366 0.513733
v 0.219501 -0.042244 0.509401
v 0.226527 -0.063277 0.529476
v 0.226527 -0.065780 0.532989
v 0.226527 -0.052447 0.522699
v 0.226527 -0.056480 0.524230
v 0.226527 -0.039678 0.523081
v 0.226527 -0.043881 0.522114
v 0.226527 -0.029272 0.530494
v 0.226527 -0.032230 0.527353
v 0.226527 -0.024739 0.542437
v 0.226527 -0.025453 0.538183
v 0.226527 -0.027605 0.554887
v 0.226527 -0.025836 0.550953
v 0.226527 -0.036905 0.563646
v 0.226527 -0.033248 0.561358
v 0.226527 -0.049503 0.565763
v 0.226527 -0.045192 0.565892
v 0.226527 -0.061155 0.560523
v 0.226527 -0.057641 0.563026
v 0.226527 -0.067931 0.549693
v 0.226527 -0.066401 0.553726
v 0.226527 -0.067549 0.536923
v 0.226527 -0.068517 0.541127
v 0.226527 -0.060137 0.526518
v 0.226527 -0.048193 0.521984
v 0.226527 -0.035743 0.524851
v 0.226527 -0.026984 0.534150
v 0.226527 -0.024868 0.546749
v 0.226527 -0.030108 0.558400
v 0.226527 -0.040938 0.565177
v 0.226527 -0.053707 0.564795
v 0.226527 -0.064112 0.557383
v 0.226527 -0.068646 0.545439
v 0.177640 -0.053514 0.444139
v 0.177640 -0.072853 0.447388
v 0.177640 -0.136284 0.588432
v 0.177640 -0.125882 0.605056
v 0.177640 -0.112437 0.619330
v 0.177640 -0.002198 0.633530
v 0.177640 0.014425 0.623128
v 0.177640 0.040078 0.593711
v 0.177640 0.048121 0.575827
v 0.177640 0.052520 0.556717
v 0.177640 0.032497 0.482821
v 0.177640 0.019052 0.468546
v 0.177640 -0.091186 0.454346
v 0.177640 -0.107810 0.464748
v 0.177640 -0.122085 0.478193
v 0.177640 -0.133462 0.494165
v 0.177640 -0.059471 0.643150
v 0.177640 -0.039870 0.643737
v 0.177640 -0.020532 0.640489
v 0.177640 -0.141505 0.512049
v 0.177640 -0.145905 0.531159
v 0.177640 -0.146491 0.550760
v 0.177640 -0.143243 0.570099
v 0.177640 -0.096465 0.630708
v 0.177640 -0.078581 0.638751
v 0.177640 0.028700 0.609683
v 0.177640 0.053107 0.537116
v 0.177640 0.049858 0.517777
v 0.177640 0.042899 0.499444
v 0.177640 0.003081 0.457168
v 0.177640 -0.014804 0.449125
v 0.177640 -0.033913 0.444726
v 0.201483 -0.053789 -0.386842
v 0.221772 -0.053711 -0.385706
v 0.201483 -0.073905 -0.383463
v 0.221772 -0.073608 -0.382364
v 0.201483 -0.092976 -0.376224
v 0.221772 -0.092470 -0.375204
v 0.201483 -0.110269 -0.365404
v 0.221772 -0.109573 -0.364502
v 0.201483 -0.125118 -0.351418
v 0.221772 -0.124259 -0.350669
v 0.201483 -0.136953 -0.334804
v 0.221772 -0.135965 -0.334237
v 0.201483 -0.145320 -0.316200
v 0.221772 -0.144240 -0.315837
v 0.201483 -0.149896 -0.296321
v 0.221772 -0.148767 -0.296176
v 0.201483 -0.150507 -0.275931
v 0.221772 -0.149370 -0.276009
v 0.201483 -0.147127 -0.255815
v 0.221772 -0.146028 -0.256113
v 0.201483 -0.139889 -0.236744
v 0.221772 -0.138868 -0.237250
v 0.201483 -0.129068 -0.219451
v 0.221772 -0.128167 -0.220147
v 0.201483 -0.115082 -0.204602
v 0.221772 -0.114334 -0.205461
v 0.201483 -0.098468 -0.192767
v 0.221772 -0.097901 -0.193755
v 0.201483 -0.079864 -0.184400
v 0.221772 -0.079501 -0.185480
v 0.201483 -0.059985 -0.179824
v 0.221772 -0.059840 -0.180954
v 0.201483 -0.039596 -0.179213
v 0.221772 -0.039674 -0.180350
v 0.201483 -0.019479 -0.182593
v 0.221772 -0.019777 -0.183692
v 0.201483 -0.000408 -0.189832
v 0.221772 -0.000915 -0.190852
v 0.201483 0.016884 -0.200652
v 0.221772 0.016188 -0.201554
v 0.201483 0.031733 -0.214638
v 0.221772 0.030875 -0.215387
v 0.201483 0.043569 -0.231252
v 0.221772 0.042581 -0.231819
v 0.201483 0.051935 -0.249856
v 0.221772 0.050856 -0.250219
v 0.201483 0.056512 -0.269735
v 0.221772 0.055382 -0.269880
v 0.201483 0.057122 -0.290124
v 0.221772 0.055986 -0.290047
v 0.201483 0.053743 -0.310241
v 0.221772 0.052643 -0.309943
v 0.201483 0.046504 -0.329312
v 0.221772 0.045484 -0.328806
v 0.201483 0.035684 -0.346605
v 0.221772 0.034782 -0.345909
v 0.201483 0.021698 -0.361454
v 0.221772 0.020949 -0.360595
v 0.201483 0.005083 -0.373289
v 0.221772 0.004517 -0.372301
v 0.201483 -0.013521 -0.381655
v 0.221772 -0.013884 -0.380576
v 0.201483 -0.033399 -0.386232
v 0.221772 -0.033545 -0.385102
v 0.182683 -0.053699 -0.385529
v 0.182683 -0.073561 -0.382193
v 0.182683 -0.092391 -0.375046
v 0.182683 -0.109465 -0.364362
v 0.182683 -0.124126 -0.350553
v 0.182683 -0.135812 -0.334149
v 0.182683 -0.144073 -0.315780
v 0.182683 -0.148591 -0.296153
v 0.182683 -0.149194 -0.276021
v 0.182683 -0.145857 -0.256159
v 0.182683 -0.138710 -0.237329
v 0.182683 -0.128027 -0.220255
v 0.182683 -0.114218 -0.205594
v 0.182683 -0.097813 -0.193908
v 0.182683 -0.079445 -0.185647
v 0.182683 -0.059817 -0.181129
v 0.182683 -0.039686 -0.180526
v 0.182683 -0.019823 -0.183863
v 0.182683 -0.000993 -0.191010
v 0.182683 0.016080 -0.201693
v 0.182683 0.030742 -0.215503
v 0.182683 0.042427 -0.231907
v 0.182683 0.050688 -0.250275
v 0.182683 0.055207 -0.269903
v 0.182683 0.055809 -0.290035
v 0.182683 0.052473 -0.309897
v 0.182683 0.045325 -0.328727
v 0.182683 0.034642 -0.345801
v 0.182683 0.020833 -0.360462
v 0.182683 0.004429 -0.372148
v 0.182683 -0.013940 -0.380408
v 0.182683 -0.033567 -0.384927
v 0.177640 -0.053514 -0.382827
v 0.177640 -0.072853 -0.379578
v 0.177640 -0.141505 -0.314917
v 0.177640 -0.146491 -0.276206
v 0.177640 -0.136284 -0.238534
v 0.177640 -0.125882 -0.221910
v 0.177640 -0.112437 -0.207636
v 0.177640 -0.078581 -0.188215
v 0.177640 -0.002198 -0.193436
v 0.177640 0.014425 -0.203838
v 0.177640 0.040078 -0.233255
v 0.177640 0.048121 -0.251139
v 0.177640 0.052520 -0.270249
v 0.177640 0.049858 -0.309189
v 0.177640 0.032497 -0.344145
v 0.177640 0.019052 -0.358420
v 0.177640 -0.014804 -0.377841
v 0.177134 -0.048618 -0.311195
v 0.177134 -0.054076 -0.310278
v 0.177134 -0.059250 -0.308314
v 0.177134 -0.063942 -0.305378
v 0.177134 -0.067971 -0.301584
v 0.177134 -0.071182 -0.297076
v 0.177134 -0.073452 -0.292028
v 0.177134 -0.074694 -0.286635
v 0.177134 -0.074860 -0.281102
v 0.177134 -0.073943 -0.275644
v 0.177134 -0.071979 -0.270470
v 0.177134 -0.069043 -0.265778
v 0.177134 -0.065248 -0.261749
v 0.177134 -0.060740 -0.258538
v 0.177134 -0.055693 -0.256268
v 0.177134 -0.050299 -0.255026
v 0.177134 -0.044767 -0.254861
v 0.177134 -0.039309 -0.255778
v 0.177134 -0.034134 -0.257742
v 0.177134 -0.029443 -0.260677
v 0.177134 -0.025414 -0.264472
v 0.177134 -0.022202 -0.268980
v 0.177134 -0.019932 -0.274028
v 0.177134 -0.018691 -0.279421
v 0.177134 -0.018525 -0.284953
v 0.177134 -0.019442 -0.290411
v 0.177134 -0.021406 -0.295586
v 0.177134 -0.024342 -0.300278
v 0.177134 -0.028137 -0.304307
v 0.177134 -0.032644 -0.307518
v 0.177134 -0.037692 -0.309788
v 0.177134 -0.043086 -0.311030
v 0.168209 -0.048585 -0.310714
v 0.168209 -0.053950 -0.309813
v 0.168209 -0.059036 -0.307882
v 0.168209 -0.063647 -0.304997
v 0.168209 -0.067608 -0.301267
v 0.168209 -0.070764 -0.296836
v 0.168209 -0.072995 -0.291874
v 0.168209 -0.074216 -0.286573
v 0.168209 -0.074378 -0.281135
v 0.168209 -0.073477 -0.275770
v 0.168209 -0.071547 -0.270684
v 0.168209 -0.068661 -0.266073
v 0.168209 -0.064931 -0.262113
v 0.168209 -0.060500 -0.258956
v 0.168209 -0.055539 -0.256725
v 0.168209 -0.050237 -0.255505
v 0.168209 -0.044800 -0.255342
v 0.168209 -0.039435 -0.256243
v 0.168209 -0.034349 -0.258173
v 0.168209 -0.029737 -0.261059
v 0.168209 -0.025777 -0.264789
v 0.168209 -0.022621 -0.269220
v 0.168209 -0.020389 -0.274181
v 0.168209 -0.019169 -0.279483
v 0.168209 -0.019006 -0.284920
v 0.168209 -0.019907 -0.290285
v 0.168209 -0.021838 -0.295371
v 0.168209 -0.024724 -0.299983
v 0.168209 -0.028454 -0.303943
v 0.168209 -0.032884 -0.307099
v 0.168209 -0.037846 -0.309331
v 0.168209 -0.043147 -0.310551
v 0.165692 -0.046692 -0.283028
v 0.225785 -0.053573 -0.383681
v 0.225785 -0.073077 -0.380405
v 0.225785 -0.091567 -0.373387
v 0.225785 -0.108333 -0.362896
v 0.225785 -0.122730 -0.349335
v 0.225785 -0.134205 -0.333227
v 0.225785 -0.142317 -0.315190
v 0.225785 -0.146754 -0.295916
v 0.225785 -0.147346 -0.276148
v 0.225785 -0.144069 -0.256643
v 0.225785 -0.137051 -0.238153
v 0.225785 -0.126560 -0.221387
v 0.225785 -0.113000 -0.206990
v 0.225785 -0.096892 -0.195515
v 0.225785 -0.078854 -0.187403
v 0.225785 -0.059581 -0.182966
v 0.225785 -0.039812 -0.182374
v 0.225785 -0.020308 -0.185651
v 0.225785 -0.001817 -0.192669
v 0.225785 0.014949 -0.203160
v 0.225785 0.029346 -0.216720
v 0.225785 0.040820 -0.232829
v 0.225785 0.048932 -0.250866
v 0.225785 0.053369 -0.270140
v 0.225785 0.053961 -0.289908
v 0.225785 0.050685 -0.309413
v 0.225785 0.043666 -0.327903
v 0.225785 0.033175 -0.344669
v 0.225785 0.019615 -0.359066
v 0.225785 0.003507 -0.370541
v 0.225785 -0.014531 -0.378653
v 0.225785 -0.033804 -0.383090
v 0.228519 -0.053139 -0.377345
v 0.228519 -0.071416 -0.374275
v 0.228519 -0.088742 -0.367699
v 0.228519 -0.104453 -0.357868
v 0.228519 -0.117944 -0.345162
v 0.228519 -0.128696 -0.330067
v 0.228519 -0.136298 -0.313165
v 0.228519 -0.140455 -0.295105
v 0.228519 -0.141010 -0.276581
v 0.228519 -0.137940 -0.258304
v 0.228519 -0.131363 -0.240978
v 0.228519 -0.121533 -0.225267
v 0.228519 -0.108826 -0.211776
v 0.228519 -0.093732 -0.201024
v 0.228519 -0.076830 -0.193423
v 0.228519 -0.058769 -0.189265
v 0.228519 -0.040245 -0.188710
v 0.228519 -0.021969 -0.191780
v 0.228519 -0.004642 -0.198357
v 0.228519 0.011068 -0.208188
v 0.228519 0.024559 -0.220894
v 0.228519 0.035312 -0.235988
v 0.228519 0.042913 -0.252891
v 0.228519 0.047071 -0.270951
v 0.228519 0.047625 -0.289475
v 0.228519 0.044555 -0.307752
v 0.228519 0.037978 -0.325078
v 0.228519 0.028148 -0.340789
v 0.228519 0.015441 -0.354279
v 0.228519 0.000347 -0.365032
v 0.228519 -0.016555 -0.372633
v 0.228519 -0.034615 -0.376791
v 0.230822 -0.052989 -0.375145
v 0.230822 -0.070839 -0.372147
v 0.230822 -0.087762 -0.365724
v 0.230822 -0.103106 -0.356122
v 0.230822 -0.116282 -0.343712
v 0.230822 -0.126783 -0.328970
v 0.230822 -0.134207 -0.312462
v 0.230822 -0.138268 -0.294823
v 0.230822 -0.138810 -0.276731
v 0.230822 -0.135811 -0.258881
v 0.230822 -0.129388 -0.241959
v 0.230822 -0.119787 -0.226615
v 0.230822 -0.107377 -0.213439
v 0.230822 -0.092634 -0.202937
v 0.230822 -0.076127 -0.195513
v 0.230822 -0.058488 -0.191452
v 0.230822 -0.040395 -0.190910
v 0.230822 -0.022545 -0.193909
v 0.230822 -0.005623 -0.200332
v 0.230822 0.009721 -0.209933
v 0.230822 0.022897 -0.222344
v 0.230822 0.033399 -0.237086
v 0.230822 0.040823 -0.253594
v 0.230822 0.044884 -0.271233
v 0.230822 0.045425 -0.289325
v 0.230822 0.042427 -0.307175
v 0.230822 0.036003 -0.324097
v 0.230822 0.026402 -0.339441
v 0.230822 0.013992 -0.352617
v 0.230822 -0.000750 -0.363119
v 0.230822 -0.017258 -0.370543
v 0.230822 -0.034897 -0.374604
v 0.229912 -0.051702 -0.356313
v 0.229912 -0.065903 -0.353928
v 0.229912 -0.079366 -0.348818
v 0.229912 -0.091573 -0.341179
v 0.229912 -0.102055 -0.331306
v 0.229912 -0.110410 -0.319578
v 0.229912 -0.116316 -0.306445
v 0.229912 -0.119547 -0.292412
v 0.229912 -0.119978 -0.278018
v 0.229912 -0.117592 -0.263817
v 0.229912 -0.112482 -0.250355
v 0.229912 -0.104844 -0.238147
v 0.229912 -0.094971 -0.227665
v 0.229912 -0.083242 -0.219310
v 0.229912 -0.070109 -0.213404
v 0.229912 -0.056076 -0.210173
v 0.229912 -0.041683 -0.209742
v 0.229912 -0.027482 -0.212128
v 0.229912 -0.014019 -0.217238
v 0.229912 -0.001812 -0.224876
v 0.229912 0.008671 -0.234749
v 0.229912 0.017026 -0.246478
v 0.229912 0.022932 -0.259611
v 0.229912 0.026162 -0.273644
v 0.229912 0.026593 -0.288037
v 0.229912 0.024208 -0.302239
v 0.229912 0.019098 -0.315701
v 0.229912 0.011459 -0.327909
v 0.229912 0.001586 -0.338391
v 0.229912 -0.010142 -0.346746
v 0.229912 -0.023275 -0.352652
v 0.229912 -0.037308 -0.355883
v 0.227629 -0.051299 -0.350420
v 0.227629 -0.064358 -0.348227
v 0.227629 -0.076738 -0.343528
v 0.227629 -0.087964 -0.336503
v 0.227629 -0.097603 -0.327424
v 0.227629 -0.105286 -0.316639
v 0.227629 -0.110718 -0.304562
v 0.227629 -0.113689 -0.291657
v 0.227629 -0.114085 -0.278421
v 0.227629 -0.111891 -0.265362
v 0.227629 -0.107192 -0.252982
v 0.227629 -0.100168 -0.241756
v 0.227629 -0.091089 -0.232117
v 0.227629 -0.080303 -0.224434
v 0.227629 -0.068226 -0.219002
v 0.227629 -0.055322 -0.216032
v 0.227629 -0.042086 -0.215635
v 0.227629 -0.029026 -0.217829
v 0.227629 -0.016646 -0.222528
v 0.227629 -0.005421 -0.229552
v 0.227629 0.004219 -0.238632
v 0.227629 0.011902 -0.249417
v 0.227629 0.017333 -0.261494
v 0.227629 0.020304 -0.274398
v 0.227629 0.020700 -0.287635
v 0.227629 0.018507 -0.300694
v 0.227629 0.013807 -0.313074
v 0.227629 0.006783 -0.324300
v 0.227629 -0.002296 -0.333939
v 0.227629 -0.013081 -0.341622
v 0.227629 -0.025158 -0.347053
v 0.227629 -0.038063 -0.350024
v 0.222372 -0.050764 -0.342598
v 0.222372 -0.062307 -0.340659
v 0.222372 -0.073251 -0.336505
v 0.222372 -0.083173 -0.330296
v 0.222372 -0.091694 -0.322271
v 0.222372 -0.098485 -0.312737
v 0.222372 -0.103286 -0.302062
v 0.222372 -0.105912 -0.290656
v 0.222372 -0.106262 -0.278956
v 0.222372 -0.104323 -0.267413
v 0.222372 -0.100169 -0.256470
v 0.222372 -0.093960 -0.246547
v 0.222372 -0.085935 -0.238027
v 0.222372 -0.076402 -0.231235
v 0.222372 -0.065727 -0.226434
v 0.222372 -0.054320 -0.223808
v 0.222372 -0.042620 -0.223458
v 0.222372 -0.031077 -0.225397
v 0.222372 -0.020134 -0.229551
v 0.222372 -0.010211 -0.235760
v 0.222372 -0.001691 -0.243785
v 0.222372 0.005100 -0.253318
v 0.222372 0.009901 -0.263994
v 0.222372 0.012527 -0.275400
v 0.222372 0.012877 -0.287100
v 0.222372 0.010938 -0.298643
v 0.222372 0.006785 -0.309586
v 0.222372 0.000576 -0.319509
v 0.222372 -0.007450 -0.328029
v 0.222372 -0.016983 -0.334821
v 0.222372 -0.027658 -0.339621
v 0.222372 -0.039065 -0.342247
v 0.218240 -0.050175 -0.333974
v 0.218240 -0.060047 -0.332316
v 0.218240 -0.069406 -0.328763
v 0.218241 -0.077892 -0.323453
v 0.218241 -0.085179 -0.316590
v 0.218241 -0.090987 -0.308437
v 0.218241 -0.095093 -0.299307
v 0.218241 -0.097339 -0.289551
v 0.218241 -0.097639 -0.279545
v 0.218240 -0.095980 -0.269673
v 0.218240 -0.092428 -0.260314
v 0.218240 -0.087118 -0.251828
v 0.218240 -0.080254 -0.244541
v 0.218240 -0.072101 -0.238733
v 0.218240 -0.062971 -0.234627
v 0.218240 -0.053216 -0.232381
v 0.218240 -0.043210 -0.232082
v 0.218240 -0.033338 -0.233740
v 0.218240 -0.023979 -0.237292
v 0.218240 -0.015492 -0.242602
v 0.218240 -0.008205 -0.249466
v 0.218240 -0.002397 -0.257619
v 0.218240 0.001709 -0.266749
v 0.218240 0.003954 -0.276504
v 0.218241 0.004254 -0.286510
v 0.218240 0.002596 -0.296383
v 0.218240 -0.000957 -0.305742
v 0.218240 -0.006267 -0.314228
v 0.218240 -0.013130 -0.321515
v 0.218240 -0.021284 -0.327323
v 0.218240 -0.030413 -0.331429
v 0.218241 -0.040169 -0.333675
v 0.209344 -0.073901 -0.318282
v 0.209344 -0.090860 -0.288717
v 0.209344 -0.091121 -0.279991
v 0.209344 -0.075961 -0.249464
v 0.209344 -0.068851 -0.244399
v 0.209344 -0.052381 -0.238860
v 0.209344 -0.019484 -0.247774
v 0.209344 -0.008064 -0.260870
v 0.209344 -0.002524 -0.277339
v 0.209344 -0.002263 -0.286065
v 0.209344 -0.011438 -0.310237
v 0.209344 -0.032496 -0.325237
v 0.210052 -0.049591 -0.325434
v 0.210052 -0.057808 -0.324054
v 0.210052 -0.065598 -0.321097
v 0.210052 -0.072662 -0.316677
v 0.210052 -0.078728 -0.310964
v 0.210052 -0.083562 -0.304177
v 0.210052 -0.086980 -0.296578
v 0.210052 -0.088849 -0.288458
v 0.210052 -0.089098 -0.280129
v 0.210052 -0.087718 -0.271912
v 0.210052 -0.084761 -0.264122
v 0.210052 -0.080341 -0.257058
v 0.210052 -0.074628 -0.250993
v 0.210052 -0.067842 -0.246158
v 0.210052 -0.060242 -0.242740
v 0.210052 -0.052122 -0.240871
v 0.210052 -0.043794 -0.240622
v 0.210052 -0.035576 -0.242002
v 0.210052 -0.027786 -0.244959
v 0.210052 -0.020723 -0.249379
v 0.210052 -0.014657 -0.255092
v 0.210052 -0.009822 -0.261878
v 0.210052 -0.006405 -0.269478
v 0.210052 -0.004536 -0.277598
v 0.210052 -0.004286 -0.285927
v 0.210052 -0.005667 -0.294144
v 0.210052 -0.008623 -0.301934
v 0.210052 -0.013043 -0.308998
v 0.210052 -0.018756 -0.315063
v 0.210052 -0.025543 -0.319898
v 0.210052 -0.033142 -0.323315
v 0.210052 -0.041262 -0.325185
v 0.214512 -0.049437 -0.323184
v 0.214512 -0.057218 -0.321877
v 0.214512 -0.064595 -0.319077
v 0.214512 -0.071284 -0.314891
v 0.214512 -0.077028 -0.309481
v 0.214512 -0.081606 -0.303055
v 0.214512 -0.084842 -0.295859
v 0.214512 -0.086612 -0.288170
v 0.214512 -0.086848 -0.280283
v 0.214512 -0.085541 -0.272502
v 0.214512 -0.082741 -0.265125
v 0.214512 -0.078556 -0.258436
v 0.214512 -0.073146 -0.252693
v 0.214512 -0.066719 -0.248115
v 0.214512 -0.059523 -0.244878
v 0.214512 -0.051834 -0.243108
v 0.214512 -0.043947 -0.242872
v 0.214512 -0.036166 -0.244179
v 0.214512 -0.028789 -0.246979
v 0.214512 -0.022101 -0.251165
v 0.214512 -0.016357 -0.256574
v 0.214512 -0.011779 -0.263001
v 0.214512 -0.008543 -0.270197
v 0.214512 -0.006773 -0.277886
v 0.214512 -0.006537 -0.285773
v 0.214512 -0.007844 -0.293554
v 0.214512 -0.010644 -0.300931
v 0.214512 -0.014829 -0.307620
v 0.214512 -0.020239 -0.313363
v 0.214512 -0.026665 -0.317941
v 0.214512 -0.033861 -0.321177
v 0.214512 -0.041551 -0.322948
v 0.219501 -0.067968 -0.310595
v 0.219501 -0.076898 -0.300354
v 0.219501 -0.079698 -0.294129
v 0.219501 -0.081229 -0.287476
v 0.219501 -0.081433 -0.280653
v 0.219501 -0.080302 -0.273921
v 0.219501 -0.074259 -0.261752
v 0.219501 -0.069579 -0.256783
v 0.219501 -0.064019 -0.252823
v 0.219501 -0.057793 -0.250023
v 0.219501 -0.051141 -0.248491
v 0.219501 -0.044318 -0.248287
v 0.219501 -0.031204 -0.251840
v 0.219501 -0.020448 -0.260142
v 0.219501 -0.016487 -0.265701
v 0.219501 -0.012156 -0.278579
v 0.219501 -0.013082 -0.292135
v 0.219501 -0.015505 -0.298517
v 0.219501 -0.023806 -0.309273
v 0.219501 -0.035592 -0.316033
v 0.222589 -0.049055 -0.317597
v 0.222589 -0.055754 -0.316472
v 0.222589 -0.062105 -0.314061
v 0.222589 -0.067863 -0.310458
v 0.222589 -0.072807 -0.305801
v 0.222589 -0.076748 -0.300269
v 0.222589 -0.079534 -0.294074
v 0.222589 -0.081058 -0.287454
v 0.222589 -0.081262 -0.280665
v 0.222589 -0.080136 -0.273966
v 0.222589 -0.077726 -0.267616
v 0.222589 -0.074123 -0.261857
v 0.222589 -0.069466 -0.256913
v 0.222589 -0.063933 -0.252972
v 0.222589 -0.057738 -0.250186
v 0.222589 -0.051119 -0.248662
v 0.222589 -0.044329 -0.248459
v 0.222589 -0.037631 -0.249584
v 0.222589 -0.031280 -0.251994
v 0.222589 -0.025522 -0.255597
v 0.222589 -0.020577 -0.260255
v 0.222589 -0.016636 -0.265787
v 0.222589 -0.013850 -0.271982
v 0.222589 -0.012326 -0.278601
v 0.222589 -0.012123 -0.285391
v 0.222589 -0.013248 -0.292090
v 0.222589 -0.015659 -0.298440
v 0.222589 -0.019262 -0.304198
v 0.222589 -0.023919 -0.309143
v 0.222589 -0.029451 -0.313084
v 0.222589 -0.035646 -0.315870
v 0.222589 -0.042266 -0.317394
v 0.228567 -0.047331 -0.292366
v 0.228567 -0.049140 -0.292062
v 0.228567 -0.050855 -0.291411
v 0.228567 -0.052411 -0.290437
v 0.228567 -0.053747 -0.289179
v 0.228567 -0.054811 -0.287685
v 0.228567 -0.055564 -0.286012
v 0.228567 -0.055975 -0.284224
v 0.228567 -0.056030 -0.282390
v 0.228567 -0.055726 -0.280580
v 0.228567 -0.055075 -0.278865
v 0.228567 -0.054102 -0.277309
v 0.228567 -0.052844 -0.275974
v 0.228567 -0.051349 -0.274909
v 0.228567 -0.049676 -0.274157
v 0.228567 -0.047888 -0.273745
v 0.228567 -0.046054 -0.273690
v 0.228567 -0.044245 -0.273994
v 0.228567 -0.042529 -0.274645
v 0.228567 -0.040974 -0.275618
v 0.228567 -0.039638 -0.276876
v 0.228567 -0.038574 -0.278371
v 0.228567 -0.037821 -0.280044
v 0.228567 -0.037409 -0.281832
v 0.228567 -0.037354 -0.283666
v 0.228567 -0.037658 -0.285476
v 0.228567 -0.038309 -0.287191
v 0.228567 -0.039283 -0.288747
v 0.228567 -0.040541 -0.290082
v 0.228567 -0.042035 -0.291147
v 0.228567 -0.043709 -0.291899
v 0.228567 -0.045497 -0.292311
v 0.225924 -0.046692 -0.283028
v 0.177640 -0.091186 -0.372620
v 0.177640 -0.107810 -0.362218
v 0.177640 -0.122085 -0.348773
v 0.177640 -0.133462 -0.332801
v 0.177640 -0.145905 -0.295807
v 0.177640 -0.143243 -0.256867
v 0.177640 -0.096465 -0.196258
v 0.177640 -0.059471 -0.183816
v 0.177640 -0.039870 -0.183229
v 0.177640 -0.020532 -0.186477
v 0.177640 0.028700 -0.217283
v 0.177640 0.053107 -0.289850
v 0.177640 0.042899 -0.327522
v 0.177640 0.003081 -0.369798
v 0.177640 -0.033913 -0.382240
v 0.209344 -0.058339 -0.326011
v 0.209344 -0.049729 -0.327457
v 0.209344 -0.066500 -0.322913
v 0.209344 -0.080256 -0.312296
v 0.209344 -0.085321 -0.305186
v 0.209344 -0.088902 -0.297224
v 0.209344 -0.089675 -0.271382
v 0.209344 -0.086577 -0.263220
v 0.209344 -0.081947 -0.255819
v 0.209344 -0.060889 -0.240819
v 0.209344 -0.043655 -0.238599
v 0.209344 -0.035046 -0.240045
v 0.209344 -0.026884 -0.243143
v 0.209344 -0.013129 -0.253759
v 0.209344 -0.004483 -0.268832
v 0.209344 -0.003709 -0.294674
v 0.209344 -0.006807 -0.302836
v 0.209344 -0.017424 -0.316592
v 0.209344 -0.024534 -0.321657
v 0.209344 -0.041003 -0.327196
v 0.219501 -0.055799 -0.316638
v 0.219501 -0.049067 -0.317769
v 0.219501 -0.062181 -0.314216
v 0.219501 -0.072937 -0.305914
v 0.219501 -0.077880 -0.267539
v 0.219501 -0.037586 -0.249418
v 0.219501 -0.025417 -0.255461
v 0.219501 -0.013687 -0.271927
v 0.219501 -0.011951 -0.285403
v 0.219501 -0.019126 -0.304303
v 0.219501 -0.029366 -0.313233
v 0.219501 -0.042244 -0.317565
v 0.226527 -0.063277 -0.297490
v 0.226527 -0.065780 -0.293977
v 0.226527 -0.052447 -0.304267
v 0.226527 -0.056480 -0.302736
v 0.226527 -0.039678 -0.303885
v 0.226527 -0.043881 -0.304852
v 0.226527 -0.029272 -0.296472
v 0.226527 -0.032230 -0.299613
v 0.226527 -0.024739 -0.284529
v 0.226527 -0.025453 -0.288783
v 0.226527 -0.027605 -0.272079
v 0.226527 -0.025836 -0.276013
v 0.226527 -0.036905 -0.263320
v 0.226527 -0.033248 -0.265608
v 0.226527 -0.049503 -0.261203
v 0.226527 -0.045192 -0.261074
v 0.226527 -0.061155 -0.266443
v 0.226527 -0.057641 -0.263940
v 0.226527 -0.067931 -0.277273
v 0.226527 -0.066401 -0.273240
v 0.226527 -0.067549 -0.290043
v 0.226527 -0.068517 -0.285839
v 0.226527 -0.060137 -0.300448
v 0.226527 -0.048193 -0.304982
v 0.226527 -0.035743 -0.302115
v 0.226527 -0.026984 -0.292816
v 0.226527 -0.024868 -0.280217
v 0.226527 -0.030108 -0.268566
v 0.226527 -0.040938 -0.261789
v 0.226527 -0.053707 -0.262171
v 0.226527 -0.064112 -0.269583
v 0.226527 -0.068646 -0.281527
v 0.177640 -0.053514 -0.382827
v 0.177640 -0.072853 -0.379578
v 0.177640 -0.136284 -0.238534
v 0.177640 -0.125882 -0.221910
v 0.177640 -0.112437 -0.207636
v 0.177640 -0.002198 -0.193436
v 0.177640 0.014425 -0.203838
v 0.177640 0.040078 -0.233255
v 0.177640 0.048121 -0.251139
v 0.177640 0.052520 -0.270249
v 0.177640 0.032497 -0.344145
v 0.177640 0.019052 -0.358420
v 0.177640 -0.091186 -0.372620
v 0.177640 -0.107810 -0.362218
v 0.177640 -0.122085 -0.348773
v 0.177640 -0.133462 -0.332801
v 0.177640 -0.059471 -0.183816
v 0.177640 -0.039870 -0.183229
v 0.177640 -0.020532 -0.186477
v 0.177640 -0.141505 -0.314917
v 0.177640 -0.145905 -0.295807
v 0.177640 -0.146491 -0.276206
v 0.177640 -0.143243 -0.256867
v 0.177640 -0.096465 -0.196258
v 0.177640 -0.078581 -0.188215
v 0.177640 0.028700 -0.217283
v 0.177640 0.053107 -0.289850
v 0.177640 0.049858 -0.309189
v 0.177640 0.042899 -0.327522
v 0.177640 0.003081 -0.369798
v 0.177640 -0.014804 -0.377841
v 0.177640 -0.033913 -0.382240
v -0.201483 -0.053789 0.440124
v -0.221772 -0.053711 0.441260
v -0.201483 -0.073905 0.443503
v -0.221772 -0.073608 0.444602
v -0.201483 -0.092976 0.450742
v -0.221772 -0.092470 0.451762
v -0.201483 -0.110269 0.461562
v -0.221772 -0.109573 0.462464
v -0.201483 -0.125118 0.475548
v -0.221772 -0.124259 0.476297
v -0.201483 -0.136953 0.492162
v -0.221772 -0.135965 0.492729
v -0.201483 -0.145320 0.510766
v -0.221772 -0.144240 0.511129
v -0.201483 -0.149896 0.530645
v -0.221772 -0.148767 0.530790
v -0.201483 -0.150507 0.551035
v -0.221772 -0.149370 0.550957
v -0.201483 -0.147127 0.571151
v -0.221772 -0.146028 0.570853
v -0.201483 -0.139889 0.590222
v -0.221772 -0.138868 0.589716
v -0.201483 -0.129068 0.607515
v -0.221772 -0.128167 0.606819
v -0.201483 -0.115082 0.622364
v -0.221772 -0.114334 0.621505
v -0.201483 -0.098468 0.634199
v -0.221772 -0.097901 0.633211
v -0.201483 -0.079864 0.642566
v -0.221772 -0.079501 0.641486
v -0.201483 -0.059985 0.647142
v -0.221772 -0.059840 0.646012
v -0.201483 -0.039596 0.647752
v -0.221772 -0.039674 0.646616
v -0.201483 -0.019479 0.644373
v -0.221772 -0.019777 0.643274
v -0.201483 -0.000408 0.637134
v -0.221772 -0.000915 0.636114
v -0.201483 0.016884 0.626314
v -0.221772 0.016188 0.625412
v -0.201483 0.031733 0.612328
v -0.221772 0.030875 0.611579
v -0.201483 0.043569 0.595714
v -0.221772 0.042581 0.595147
v -0.201483 0.051935 0.577110
v -0.221772 0.050856 0.576747
v -0.201483 0.056512 0.557231
v -0.221772 0.055382 0.557086
v -0.201483 0.057122 0.536842
v -0.221772 0.055986 0.536919
v -0.201483 0.053743 0.516725
v -0.221772 0.052643 0.517023
v -0.201483 0.046504 0.497654
v -0.221772 0.045484 0.498160
v -0.201483 0.035684 0.480361
v -0.221772 0.034782 0.481057
v -0.201483 0.021698 0.465512
v -0.221772 0.020949 0.466371
v -0.201483 0.005083 0.453677
v -0.221772 0.004517 0.454665
v -0.201483 -0.013521 0.445311
v -0.221772 -0.013884 0.446390
v -0.201483 -0.033399 0.440734
v -0.221772 -0.033545 0.441864
v -0.182683 -0.053699 0.441436
v -0.182683 -0.073561 0.444773
v -0.182683 -0.092391 0.451920
v -0.182683 -0.109465 0.462604
v -0.182683 -0.124126 0.476413
v -0.182683 -0.135812 0.492817
v -0.182683 -0.144073 0.511186
v -0.182683 -0.148591 0.530813
v -0.182683 -0.149194 0.550945
v -0.182683 -0.145857 0.570807
v -0.182683 -0.138710 0.589637
v -0.182683 -0.128027 0.606711
v -0.182683 -0.114218 0.621372
v -0.182683 -0.097813 0.633058
v -0.182683 -0.079445 0.641319
v -0.182683 -0.059817 0.645837
v -0.182683 -0.039686 0.646440
v -0.182683 -0.019823 0.643103
v -0.182683 -0.000993 0.635956
v -0.182683 0.016080 0.625273
v -0.182683 0.030742 0.611463
v -0.182683 0.042427 0.595059
v -0.182683 0.050688 0.576690
v -0.182683 0.055207 0.557063
v -0.182683 0.055809 0.536931
v -0.182683 0.052473 0.517069
v -0.182683 0.045325 0.498239
v -0.182683 0.034642 0.481165
v -0.182683 0.020833 0.466504
v -0.182683 0.004429 0.454818
v -0.182683 -0.013940 0.446558
v -0.182683 -0.033567 0.442039
v -0.177640 -0.053514 0.444139
v -0.177640 -0.072853 0.447388
v -0.177640 -0.141505 0.512049
v -0.177640 -0.146491 0.550760
v -0.177640 -0.136284 0.588432
v -0.177640 -0.125882 0.605056
v -0.177640 -0.112437 0.619330
v -0.177640 -0.078581 0.638751
v -0.177640 -0.002198 0.633530
v -0.177640 0.014425 0.623128
v -0.177640 0.040078 0.593711
v -0.177640 0.048121 0.575827
v -0.177640 0.052520 0.556717
v -0.177640 0.049858 0.517777
v -0.177640 0.032497 0.482821
v -0.177640 0.019052 0.468546
v -0.177640 -0.014804 0.449125
v -0.177134 -0.048618 0.515771
v -0.177134 -0.054076 0.516688
v -0.177134 -0.059250 0.518652
v -0.177134 -0.063942 0.521588
v -0.177134 -0.067971 0.525382
v -0.177134 -0.071182 0.529890
v -0.177134 -0.073452 0.534938
v -0.177134 -0.074694 0.540331
v -0.177134 -0.074860 0.545864
v -0.177134 -0.073943 0.551322
v -0.177134 -0.071979 0.556496
v -0.177134 -0.069043 0.561188
v -0.177134 -0.065248 0.565217
v -0.177134 -0.060740 0.568428
v -0.177134 -0.055693 0.570698
v -0.177134 -0.050299 0.571940
v -0.177134 -0.044767 0.572105
v -0.177134 -0.039309 0.571188
v -0.177134 -0.034134 0.569224
v -0.177134 -0.029443 0.566289
v -0.177134 -0.025414 0.562494
v -0.177134 -0.022202 0.557986
v -0.177134 -0.019932 0.552938
v -0.177134 -0.018691 0.547545
v -0.177134 -0.018525 0.542013
v -0.177134 -0.019442 0.536555
v -0.177134 -0.021406 0.531380
v -0.177134 -0.024342 0.526688
v -0.177134 -0.028137 0.522659
v -0.177134 -0.032644 0.519448
v -0.177134 -0.037692 0.517178
v -0.177134 -0.043086 0.515936
v -0.168209 -0.048585 0.516252
v -0.168209 -0.053950 0.517153
v -0.168209 -0.059036 0.519084
v -0.168209 -0.063647 0.521969
v -0.168209 -0.067608 0.525699
v -0.168209 -0.070764 0.530130
v -0.168209 -0.072995 0.535092
v -0.168209 -0.074216 0.540393
v -0.168209 -0.074378 0.545831
v -0.168209 -0.073477 0.551196
v -0.168209 -0.071547 0.556282
v -0.168209 -0.068661 0.560893
v -0.168209 -0.064931 0.564853
v -0.168209 -0.060500 0.568010
v -0.168209 -0.055539 0.570241
v -0.168209 -0.050237 0.571461
v -0.168209 -0.044800 0.571624
v -0.168209 -0.039435 0.570723
v -0.168209 -0.034349 0.568793
v -0.168209 -0.029737 0.565907
v -0.168209 -0.025777 0.562177
v -0.168209 -0.022621 0.557746
v -0.168209 -0.020389 0.552785
v -0.168209 -0.019169 0.547483
v -0.168209 -0.019006 0.542046
v -0.168209 -0.019907 0.536681
v -0.168209 -0.021838 0.531595
v -0.168209 -0.024724 0.526983
v -0.168209 -0.028454 0.523023
v -0.168209 -0.032884 0.519866
v -0.168209 -0.037846 0.517635
v -0.168209 -0.043147 0.516415
v -0.165692 -0.046692 0.543938
v -0.225785 -0.053573 0.443285
v -0.225785 -0.073077 0.446561
v -0.225785 -0.091567 0.453579
v -0.225785 -0.108333 0.464070
v -0.225785 -0.122730 0.477630
v -0.225785 -0.134205 0.493739
v -0.225785 -0.142317 0.511776
v -0.225785 -0.146754 0.531050
v -0.225785 -0.147346 0.550818
v -0.225785 -0.144069 0.570323
v -0.225785 -0.137051 0.588813
v -0.225785 -0.126560 0.605579
v -0.225785 -0.113000 0.619976
v -0.225785 -0.096892 0.631451
v -0.225785 -0.078854 0.639563
v -0.225785 -0.059581 0.644000
v -0.225785 -0.039812 0.644592
v -0.225785 -0.020308 0.641315
v -0.225785 -0.001817 0.634297
v -0.225785 0.014949 0.623806
v -0.225785 0.029346 0.610246
v -0.225785 0.040820 0.594137
v -0.225785 0.048932 0.576100
v -0.225785 0.053369 0.556826
v -0.225785 0.053961 0.537058
v -0.225785 0.050685 0.517553
v -0.225785 0.043666 0.499063
v -0.225785 0.033175 0.482297
v -0.225785 0.019615 0.467900
v -0.225785 0.003507 0.456425
v -0.225785 -0.014531 0.448313
v -0.225785 -0.033804 0.443876
v -0.228519 -0.053139 0.449621
v -0.228519 -0.071416 0.452691
v -0.228519 -0.088742 0.459267
v -0.228519 -0.104453 0.469098
v -0.228519 -0.117944 0.481804
v -0.228519 -0.128696 0.496899
v -0.228519 -0.136298 0.513801
v -0.228519 -0.140455 0.531861
v -0.228519 -0.141010 0.550385
v -0.228519 -0.137940 0.568662
v -0.228519 -0.131363 0.585988
v -0.228519 -0.121533 0.601699
v -0.228519 -0.108826 0.615190
v -0.228519 -0.093732 0.625942
v -0.228519 -0.076830 0.633543
v -0.228519 -0.058769 0.637701
v -0.228519 -0.040245 0.638256
v -0.228519 -0.021969 0.635185
v -0.228519 -0.004642 0.628609
v -0.228519 0.011068 0.618778
v -0.228519 0.024559 0.606072
v -0.228519 0.035312 0.590977
v -0.228519 0.042913 0.574075
v -0.228519 0.047071 0.556015
v -0.228519 0.047625 0.537491
v -0.228519 0.044555 0.519214
v -0.228519 0.037978 0.501888
v -0.228519 0.028148 0.486177
v -0.228519 0.015441 0.472687
v -0.228519 0.000347 0.461934
v -0.228519 -0.016555 0.454333
v -0.228519 -0.034615 0.450175
v -0.230822 -0.052989 0.451821
v -0.230822 -0.070839 0.454819
v -0.230822 -0.087762 0.461242
v -0.230822 -0.103106 0.470843
v -0.230822 -0.116282 0.483254
v -0.230822 -0.126783 0.497996
v -0.230822 -0.134207 0.514504
v -0.230822 -0.138268 0.532143
v -0.230822 -0.138810 0.550235
v -0.230822 -0.135811 0.568085
v -0.230822 -0.129388 0.585007
v -0.230822 -0.119787 0.600351
v -0.230822 -0.107377 0.613527
v -0.230822 -0.092634 0.624029
v -0.230822 -0.076127 0.631453
v -0.230822 -0.058488 0.635514
v -0.230822 -0.040395 0.636056
v -0.230822 -0.022545 0.633057
v -0.230822 -0.005623 0.626634
v -0.230822 0.009721 0.617033
v -0.230822 0.022897 0.604622
v -0.230822 0.033399 0.589880
v -0.230822 0.040823 0.573372
v -0.230822 0.044884 0.555733
v -0.230822 0.045425 0.537641
v -0.230822 0.042427 0.519791
v -0.230822 0.036003 0.502869
v -0.230822 0.026402 0.487525
v -0.230822 0.013992 0.474349
v -0.230822 -0.000750 0.463847
v -0.230822 -0.017258 0.456423
v -0.230822 -0.034897 0.452362
v -0.229912 -0.051702 0.470653
v -0.229912 -0.065903 0.473038
v -0.229912 -0.079366 0.478148
v -0.229912 -0.091573 0.485786
v -0.229912 -0.102055 0.495660
v -0.229912 -0.110410 0.507388
v -0.229912 -0.116316 0.520521
v -0.229912 -0.119547 0.534554
v -0.229912 -0.119978 0.548948
v -0.229912 -0.117592 0.563149
v -0.229912 -0.112482 0.576611
v -0.229912 -0.104844 0.588819
v -0.229912 -0.094971 0.599301
v -0.229912 -0.083242 0.607656
v -0.229912 -0.070109 0.613562
v -0.229912 -0.056076 0.616793
v -0.229912 -0.041683 0.617224
v -0.229912 -0.027482 0.614838
v -0.229912 -0.014019 0.609728
v -0.229912 -0.001812 0.602090
v -0.229912 0.008671 0.592217
v -0.229912 0.017026 0.580488
v -0.229912 0.022932 0.567355
v -0.229912 0.026162 0.553322
v -0.229912 0.026593 0.538929
v -0.229912 0.024208 0.524727
v -0.229912 0.019098 0.511265
v -0.229912 0.011459 0.499057
v -0.229912 0.001586 0.488575
v -0.229912 -0.010142 0.480220
v -0.229912 -0.023275 0.474314
v -0.229912 -0.037308 0.471083
v -0.227629 -0.051299 0.476546
v -0.227629 -0.064358 0.478739
v -0.227629 -0.076738 0.483438
v -0.227629 -0.087964 0.490463
v -0.227629 -0.097603 0.499542
v -0.227629 -0.105286 0.510327
v -0.227629 -0.110718 0.522404
v -0.227629 -0.113689 0.535309
v -0.227629 -0.114085 0.548545
v -0.227629 -0.111891 0.561604
v -0.227629 -0.107192 0.573984
v -0.227629 -0.100168 0.585210
v -0.227629 -0.091089 0.594849
v -0.227629 -0.080303 0.602532
v -0.227629 -0.068226 0.607964
v -0.227629 -0.055322 0.610934
v -0.227629 -0.042086 0.611331
v -0.227629 -0.029026 0.609137
v -0.227629 -0.016646 0.604438
v -0.227629 -0.005421 0.597414
v -0.227629 0.004219 0.588334
v -0.227629 0.011902 0.577549
v -0.227629 0.017333 0.565472
v -0.227629 0.020304 0.552567
v -0.227629 0.020700 0.539331
v -0.227629 0.018507 0.526272
v -0.227629 0.013807 0.513892
v -0.227629 0.006783 0.502666
v -0.227629 -0.002296 0.493027
v -0.227629 -0.013081 0.485344
v -0.227629 -0.025158 0.479913
v -0.227629 -0.038063 0.476942
v -0.222372 -0.050764 0.484368
v -0.222372 -0.062307 0.486307
v -0.222372 -0.073251 0.490461
v -0.222372 -0.083173 0.496670
v -0.222372 -0.091694 0.504695
v -0.222372 -0.098485 0.514229
v -0.222372 -0.103286 0.524904
v -0.222372 -0.105912 0.536310
v -0.222372 -0.106262 0.548010
v -0.222372 -0.104323 0.559553
v -0.222372 -0.100169 0.570496
v -0.222372 -0.093960 0.580419
v -0.222372 -0.085935 0.588939
v -0.222372 -0.076402 0.595731
v -0.222372 -0.065727 0.600532
v -0.222372 -0.054320 0.603158
v -0.222372 -0.042620 0.603508
v -0.222372 -0.031077 0.601569
v -0.222372 -0.020134 0.597415
v -0.222372 -0.010211 0.591206
v -0.222372 -0.001691 0.583181
v -0.222372 0.005100 0.573648
v -0.222372 0.009901 0.562972
v -0.222372 0.012527 0.551566
v -0.222372 0.012877 0.539866
v -0.222372 0.010938 0.528323
v -0.222372 0.006785 0.517380
v -0.222372 0.000576 0.507457
v -0.222372 -0.007450 0.498937
v -0.222372 -0.016983 0.492145
v -0.222372 -0.027658 0.487345
v -0.222372 -0.039065 0.484719
v -0.218240 -0.050175 0.492992
v -0.218240 -0.060047 0.494650
v -0.218240 -0.069406 0.498203
v -0.218241 -0.077892 0.503513
v -0.218241 -0.085179 0.510376
v -0.218241 -0.090987 0.518529
v -0.218241 -0.095093 0.527659
v -0.218241 -0.097339 0.537414
v -0.218241 -0.097639 0.547421
v -0.218240 -0.095980 0.557293
v -0.218240 -0.092428 0.566652
v -0.218240 -0.087118 0.575138
v -0.218240 -0.080254 0.582425
v -0.218240 -0.072101 0.588233
v -0.218240 -0.062971 0.592339
v -0.218240 -0.053216 0.594585
v -0.218240 -0.043210 0.594884
v -0.218240 -0.033338 0.593226
v -0.218240 -0.023979 0.589674
v -0.218240 -0.015492 0.584364
v -0.218240 -0.008205 0.577500
v -0.218240 -0.002397 0.569347
v -0.218240 0.001709 0.560217
v -0.218240 0.003954 0.550462
v -0.218241 0.004254 0.540456
v -0.218240 0.002596 0.530583
v -0.218240 -0.000957 0.521224
v -0.218240 -0.006267 0.512738
v -0.218240 -0.013130 0.505451
v -0.218240 -0.021284 0.499643
v -0.218240 -0.030413 0.495537
v -0.218241 -0.040169 0.493291
v -0.209344 -0.073901 0.508684
v -0.209344 -0.090860 0.538249
v -0.209344 -0.091121 0.546975
v -0.209344 -0.075961 0.577502
v -0.209344 -0.068851 0.582567
v -0.209344 -0.052381 0.588106
v -0.209344 -0.019484 0.579192
v -0.209344 -0.008064 0.566096
v -0.209344 -0.002524 0.549627
v -0.209344 -0.002263 0.540901
v -0.209344 -0.011438 0.516729
v -0.209344 -0.032496 0.501729
v -0.210052 -0.049591 0.501532
v -0.210052 -0.057808 0.502912
v -0.210052 -0.065598 0.505869
v -0.210052 -0.072662 0.510289
v -0.210052 -0.078728 0.516002
v -0.210052 -0.083562 0.522789
v -0.210052 -0.086980 0.530388
v -0.210052 -0.088849 0.538508
v -0.210052 -0.089098 0.546837
v -0.210052 -0.087718 0.555054
v -0.210052 -0.084761 0.562844
v -0.210052 -0.080341 0.569908
v -0.210052 -0.074628 0.575973
v -0.210052 -0.067842 0.580808
v -0.210052 -0.060242 0.584226
v -0.210052 -0.052122 0.586095
v -0.210052 -0.043794 0.586344
v -0.210052 -0.035576 0.584964
v -0.210052 -0.027786 0.582007
v -0.210052 -0.020723 0.577587
v -0.210052 -0.014657 0.571874
v -0.210052 -0.009822 0.565087
v -0.210052 -0.006405 0.557488
v -0.210052 -0.004536 0.549368
v -0.210052 -0.004286 0.541039
v -0.210052 -0.005667 0.532822
v -0.210052 -0.008623 0.525032
v -0.210052 -0.013043 0.517968
v -0.210052 -0.018756 0.511903
v -0.210052 -0.025543 0.507068
v -0.210052 -0.033142 0.503651
v -0.210052 -0.041262 0.501781
v -0.214512 -0.049437 0.503782
v -0.214512 -0.057218 0.505089
v -0.214512 -0.064595 0.507889
v -0.214512 -0.071284 0.512075
v -0.214512 -0.077028 0.517485
v -0.214512 -0.081606 0.523911
v -0.214512 -0.084842 0.531107
v -0.214512 -0.086612 0.538796
v -0.214512 -0.086848 0.546683
v -0.214512 -0.085541 0.554464
v -0.214512 -0.082741 0.561841
v -0.214512 -0.078556 0.568530
v -0.214512 -0.073146 0.574273
v -0.214512 -0.066719 0.578851
v -0.214512 -0.059523 0.582088
v -0.214512 -0.051834 0.583858
v -0.214512 -0.043947 0.584094
v -0.214512 -0.036166 0.582787
v -0.214512 -0.028789 0.579987
v -0.214512 -0.022101 0.575801
v -0.214512 -0.016357 0.570392
v -0.214512 -0.011779 0.563965
v -0.214512 -0.008543 0.556769
v -0.214512 -0.006773 0.549080
v -0.214512 -0.006537 0.541193
v -0.214512 -0.007844 0.533412
v -0.214512 -0.010644 0.526035
v -0.214512 -0.014829 0.519346
v -0.214512 -0.020239 0.513603
v -0.214512 -0.026665 0.509025
v -0.214512 -0.033861 0.505789
v -0.214512 -0.041551 0.504018
v -0.219501 -0.067968 0.516371
v -0.219501 -0.076898 0.526612
v -0.219501 -0.079698 0.532837
v -0.219501 -0.081229 0.539490
v -0.219501 -0.081433 0.546313
v -0.219501 -0.080302 0.553045
v -0.219501 -0.074259 0.565214
v -0.219501 -0.069579 0.570183
v -0.219501 -0.064019 0.574143
v -0.219501 -0.057793 0.576943
v -0.219501 -0.051141 0.578475
v -0.219501 -0.044318 0.578679
v -0.219501 -0.031204 0.575126
v -0.219501 -0.020448 0.566824
v -0.219501 -0.016487 0.561265
v -0.219501 -0.012156 0.548387
v -0.219501 -0.013082 0.534831
v -0.219501 -0.015505 0.528449
v -0.219501 -0.023806 0.517693
v -0.219501 -0.035592 0.510933
v -0.222589 -0.049055 0.509369
v -0.222589 -0.055754 0.510494
v -0.222589 -0.062105 0.512904
v -0.222589 -0.067863 0.516508
v -0.222589 -0.072807 0.521165
v -0.222589 -0.076748 0.526697
v -0.222589 -0.079534 0.532892
v -0.222589 -0.081058 0.539512
v -0.222589 -0.081262 0.546301
v -0.222589 -0.080136 0.553000
v -0.222589 -0.077726 0.559350
v -0.222589 -0.074123 0.565108
v -0.222589 -0.069466 0.570053
v -0.222589 -0.063933 0.573994
v -0.222589 -0.057738 0.576780
v -0.222589 -0.051119 0.578304
v -0.222589 -0.044329 0.578507
v -0.222589 -0.037631 0.577382
v -0.222589 -0.031280 0.574972
v -0.222589 -0.025522 0.571369
v -0.222589 -0.020577 0.566711
v -0.222589 -0.016636 0.561179
v -0.222589 -0.013850 0.554984
v -0.222589 -0.012326 0.548365
v -0.222589 -0.012123 0.541575
v -0.222589 -0.013248 0.534876
v -0.222589 -0.015659 0.528526
v -0.222589 -0.019262 0.522768
v -0.222589 -0.023919 0.517823
v -0.222589 -0.029451 0.513882
v -0.222589 -0.035646 0.511096
v -0.222589 -0.042266 0.509572
v -0.228567 -0.047331 0.534600
v -0.228567 -0.049140 0.534904
v -0.228567 -0.050855 0.535555
v -0.228567 -0.052411 0.536529
v -0.228567 -0.053747 0.537787
v -0.228567 -0.054811 0.539281
v -0.228567 -0.055564 0.540954
v -0.228567 -0.055975 0.542742
v -0.228567 -0.056030 0.544576
v -0.228567 -0.055726 0.546386
v -0.228567 -0.055075 0.548101
v -0.228567 -0.054102 0.549657
v -0.228567 -0.052844 0.550992
v -0.228567 -0.051349 0.552057
v -0.228567 -0.049676 0.552809
v -0.228567 -0.047888 0.553221
v -0.228567 -0.046054 0.553276
v -0.228567 -0.044245 0.552972
v -0.228567 -0.042529 0.552321
v -0.228567 -0.040974 0.551348
v -0.228567 -0.039638 0.550090
v -0.228567 -0.038574 0.548595
v -0.228567 -0.037821 0.546922
v -0.228567 -0.037409 0.545134
v -0.228567 -0.037354 0.543300
v -0.228567 -0.037658 0.541490
v -0.228567 -0.038309 0.539775
v -0.228567 -0.039283 0.538219
v -0.228567 -0.040541 0.536884
v -0.228567 -0.042035 0.535819
v -0.228567 -0.043709 0.535067
v -0.228567 -0.045497 0.534655
v -0.225924 -0.046692 0.543938
v -0.177640 -0.091186 0.454346
v -0.177640 -0.107810 0.464748
v -0.177640 -0.122085 0.478193
v -0.177640 -0.133462 0.494165
v -0.177640 -0.145905 0.531159
v -0.177640 -0.143243 0.570099
v -0.177640 -0.096465 0.630708
v -0.177640 -0.059471 0.643150
v -0.177640 -0.039870 0.643737
v -0.177640 -0.020532 0.640489
v -0.177640 0.028700 0.609683
v -0.177640 0.053107 0.537116
v -0.177640 0.042899 0.499444
v -0.177640 0.003081 0.457168
v -0.177640 -0.033913 0.444726
v -0.209344 -0.058339 0.500955
v -0.209344 -0.049729 0.499509
v -0.209344 -0.066500 0.504053
v -0.209344 -0.080256 0.514669
v -0.209344 -0.085321 0.521780
v -0.209344 -0.088902 0.529742
v -0.209344 -0.089675 0.555584
v -0.209344 -0.086577 0.563746
v -0.209344 -0.081947 0.571147
v -0.209344 -0.060889 0.586147
v -0.209344 -0.043655 0.588367
v -0.209344 -0.035046 0.586921
v -0.209344 -0.026884 0.583823
v -0.209344 -0.013129 0.573207
v -0.209344 -0.004483 0.558134
v -0.209344 -0.003709 0.532292
v -0.209344 -0.006807 0.524130
v -0.209344 -0.017424 0.510374
v -0.209344 -0.024534 0.505309
v -0.209344 -0.041003 0.499770
v -0.219501 -0.055799 0.510328
v -0.219501 -0.049067 0.509197
v -0.219501 -0.062181 0.512750
v -0.219501 -0.072937 0.521052
v -0.219501 -0.077880 0.559427
v -0.219501 -0.037586 0.577548
v -0.219501 -0.025417 0.571505
v -0.219501 -0.013687 0.555039
v -0.219501 -0.011951 0.541563
v -0.219501 -0.019126 0.522663
v -0.219501 -0.029366 0.513733
v -0.219501 -0.042244 0.509401
v -0.226527 -0.063277 0.529476
v -0.226527 -0.065780 0.532989
v -0.226527 -0.052447 0.522699
v -0.226527 -0.056480 0.524230
v -0.226527 -0.039678 0.523081
v -0.226527 -0.043881 0.522114
v -0.226527 -0.029272 0.530494
v -0.226527 -0.032230 0.527353
v -0.226527 -0.024739 0.542437
v -0.226527 -0.025453 0.538183
v -0.226527 -0.027605 0.554887
v -0.226527 -0.025836 0.550953
v -0.226527 -0.036905 0.563646
v -0.226527 -0.033248 0.561358
v -0.226527 -0.049503 0.565763
v -0.226527 -0.045192 0.565892
v -0.226527 -0.061155 0.560523
v -0.226527 -0.057641 0.563026
v -0.226527 -0.067931 0.549693
v -0.226527 -0.066401 0.553726
v -0.226527 -0.067549 0.536923
v -0.226527 -0.068517 0.541127
v -0.226527 -0.060137 0.526518
v -0.226527 -0.048193 0.521984
v -0.226527 -0.035743 0.524851
v -0.226527 -0.026984 0.534150
v -0.226527 -0.024868 0.546749
v -0.226527 -0.030108 0.558400
v -0.226527 -0.040938 0.565177
v -0.226527 -0.053707 0.564795
v -0.226527 -0.064112 0.557383
v -0.226527 -0.068646 0.545439
v -0.177640 -0.053514 0.444139
v -0.177640 -0.072853 0.447388
v -0.177640 -0.136284 0.588432
v -0.177640 -0.125882 0.605056
v -0.177640 -0.112437 0.619330
v -0.177640 -0.002198 0.633530
v -0.177640 0.014425 0.623128
v -0.177640 0.040078 0.593711
v -0.177640 0.048121 0.575827
v -0.177640 0.052520 0.556717
v -0.177640 0.032497 0.482821
v -0.177640 0.019052 0.468546
v -0.177640 -0.091186 0.454346
v -0.177640 -0.107810 0.464748
v -0.177640 -0.122085 0.478193
v -0.177640 -0.133462 0.494165
v -0.177640 -0.059471 0.643150
v -0.177640 -0.039870 0.643737
v -0.177640 -0.020532 0.640489
v -0.177640 -0.141505 0.512049
v -0.177640 -0.145905 0.531159
v -0.177640 -0.146491 0.550760
v -0.177640 -0.143243 0.570099
v -0.177640 -0.096465 0.630708
v -0.177640 -0.078581 0.638751
v -0.177640 0.028700 0.609683
v -0.177640 0.053107 0.537116
v -0.177640 0.049858 0.517777
v -0.177640 0.042899 0.499444
v -0.177640 0.003081 0.457168
v -0.177640 -0.014804 0.449125
v -0.177640 -0.033913 0.444726
v -0.201483 -0.053789 -0.386842
v -0.221772 -0.053711 -0.385706
v -0.201483 -0.073905 -0.383463
v -0.221772 -0.073608 -0.382364
v -0.201483 -0.092976 -0.376224
v -0.221772 -0.092470 -0.375204
v -0.201483 -0.110269 -0.365404
v -0.221772 -0.109573 -0.364502
v -0.201483 -0.125118 -0.351418
v -0.221772 -0.124259 -0.350669
v -0.201483 -0.136953 -0.334804
v -0.221772 -0.135965 -0.334237
v -0.201483 -0.145320 -0.316200
v -0.221772 -0.144240 -0.315837
v -0.201483 -0.149896 -0.296321
v -0.221772 -0.148767 -0.296176
v -0.201483 -0.150507 -0.275931
v -0.221772 -0.149370 -0.276009
v -0.201483 -0.147127 -0.255815
v -0.221772 -0.146028 -0.256113
v -0.201483 -0.139889 -0.236744
v -0.221772 -0.138868 -0.237250
v -0.201483 -0.129068 -0.219451
v -0.221772 -0.128167 -0.220147
v -0.201483 -0.115082 -0.204602
v -0.221772 -0.114334 -0.205461
v -0.201483 -0.098468 -0.192767
v -0.221772 -0.097901 -0.193755
v -0.201483 -0.079864 -0.184400
v -0.221772 -0.079501 -0.185480
v -0.201483 -0.059985 -0.179824
v -0.221772 -0.059840 -0.180954
v -0.201483 -0.039596 -0.179213
v -0.221772 -0.039674 -0.180350
v -0.201483 -0.019479 -0.182593
v -0.221772 -0.019777 -0.183692
v -0.201483 -0.000408 -0.189832
v -0.221772 -0.000915 -0.190852
v -0.201483 0.016884 -0.200652
v -0.221772 0.016188 -0.201554
v -0.201483 0.031733 -0.214638
v -0.221772 0.030875 -0.215387
v -0.201483 0.043569 -0.231252
v -0.221772 0.042581 -0.231819
v -0.201483 0.051935 -0.249856
v -0.221772 0.050856 -0.250219
v -0.201483 0.056512 -0.269735
v -0.221772 0.055382 -0.269880
v -0.201483 0.057122 -0.290124
v -0.221772 0.055986 -0.290047
v -0.201483 0.053743 -0.310241
v -0.221772 0.052643 -0.309943
v -0.201483 0.046504 -0.329312
v -0.221772 0.045484 -0.328806
v -0.201483 0.035684 -0.346605
v -0.221772 0.034782 -0.345909
v -0.201483 0.021698 -0.361454
v -0.221772 0.020949 -0.360595
v -0.201483 0.005083 -0.373289
v -0.221772 0.004517 -0.372301
v -0.201483 -0.013521 -0.381655
v -0.221772 -0.013884 -0.380576
v -0.201483 -0.033399 -0.386232
v -0.221772 -0.033545 -0.385102
v -0.182683 -0.053699 -0.385529
v -0.182683 -0.073561 -0.382193
v -0.182683 -0.092391 -0.375046
v -0.182683 -0.109465 -0.364362
v -0.182683 -0.124126 -0.350553
v -0.182683 -0.135812 -0.334149
v -0.182683 -0.144073 -0.315780
v -0.182683 -0.148591 -0.296153
v -0.182683 -0.149194 -0.276021
v -0.182683 -0.145857 -0.256159
v -0.182683 -0.138710 -0.237329
v -0.182683 -0.128027 -0.220255
v -0.182683 -0.114218 -0.205594
v -0.182683 -0.097813 -0.193908
v -0.182683 -0.079445 -0.185647
v -0.182683 -0.059817 -0.181129
v -0.182683 -0.039686 -0.180526
v -0.182683 -0.019823 -0.183863
v -0.182683 -0.000993 -0.191010
v -0.182683 0.016080 -0.201693
v -0.182683 0.030742 -0.215503
v -0.182683 0.042427 -0.231907
v -0.182683 0.050688 -0.250275
v -0.182683 0.055207 -0.269903
v -0.182683 0.055809 -0.290035
v -0.182683 0.052473 -0.309897
v -0.182683 0.045325 -0.328727
v -0.182683 0.034642 -0.345801
v -0.182683 0.020833 -0.360462
v -0.182683 0.004429 -0.372148
v -0.182683 -0.013940 -0.380408
v -0.182683 -0.033567 -0.384927
v -0.177640 -0.053514 -0.382827
v -0.177640 -0.072853 -0.379578
v -0.177640 -0.141505 -0.314917
v -0.177640 -0.146491 -0.276206
v -0.177640 -0.136284 -0.238534
v -0.177640 -0.125882 -0.221910
v -0.177640 -0.112437 -0.207636
v -0.177640 -0.078581 -0.188215
v -0.177640 -0.002198 -0.193436
v -0.177640 0.014425 -0.203838
v -0.177640 0.040078 -0.233255
v -0.177640 0.048121 -0.251139
v -0.177640 0.052520 -0.270249
v -0.177640 0.049858 -0.309189
v -0.177640 0.032497 -0.344145
v -0.177640 0.019052 -0.358420
v -0.177640 -0.014804 -0.377841
v -0.177134 -0.048618 -0.311195
v -0.177134 -0.054076 -0.310278
v -0.177134 -0.059250 -0.308314
v -0.177134 -0.063942 -0.305378
v -0.177134 -0.067971 -0.301584
v -0.177134 -0.071182 -0.297076
v -0.177134 -0.073452 -0.292028
v -0.177134 -0.074694 -0.286635
v -0.177134 -0.074860 -0.281102
v -0.177134 -0.073943 -0.275644
v -0.177134 -0.071979 -0.270470
v -0.177134 -0.069043 -0.265778
v -0.177134 -0.065248 -0.261749
v -0.177134 -0.060740 -0.258538
v -0.177134 -0.055693 -0.256268
v -0.177134 -0.050299 -0.255026
v -0.177134 -0.044767 -0.254861
v -0.177134 -0.039309 -0.255778
v -0.177134 -0.034134 -0.257742
v -0.177134 -0.029443 -0.260677
v -0.177134 -0.025414 -0.264472
v -0.177134 -0.022202 -0.268980
v -0.177134 -0.019932 -0.274028
v -0.177134 -0.018691 -0.279421
v -0.177134 -0.018525 -0.284953
v -0.177134 -0.019442 -0.290411
v -0.177134 -0.021406 -0.295586
v -0.177134 -0.024342 -0.300278
v -0.177134 -0.028137 -0.304307
v -0.177134 -0.032644 -0.307518
v -0.177134 -0.037692 -0.309788
v -0.177134 -0.043086 -0.311030
v -0.168209 -0.048585 -0.310714
v -0.168209 -0.053950 -0.309813
v -0.168209 -0.059036 -0.307882
v -0.168209 -0.063647 -0.304997
v -0.168209 -0.067608 -0.301267
v -0.168209 -0.070764 -0.296836
v -0.168209 -0.072995 -0.291874
v -0.168209 -0.074216 -0.286573
v -0.168209 -0.074378 -0.281135
v -0.168209 -0.073477 -0.275770
v -0.168209 -0.071547 -0.270684
v -0.168209 -0.068661 -0.266073
v -0.168209 -0.064931 -0.262113
v -0.168209 -0.060500 -0.258956
v -0.168209 -0.055539 -0.256725
v -0.168209 -0.050237 -0.255505
v -0.168209 -0.044800 -0.255342
v -0.168209 -0.039435 -0.256243
v -0.168209 -0.034349 -0.258173
v -0.168209 -0.029737 -0.261059
v -0.168209 -0.025777 -0.264789
v -0.168209 -0.022621 -0.269220
v -0.168209 -0.020389 -0.274181
v -0.168209 -0.019169 -0.279483
v -0.168209 -0.019006 -0.284920
v -0.168209 -0.019907 -0.290285
v -0.168209 -0.021838 -0.295371
v -0.168209 -0.024724 -0.299983
v -0.168209 -0.028454 -0.303943
v -0.168209 -0.032884 -0.307099
v -0.168209 -0.037846 -0.309331
v -0.168209 -0.043147 -0.310551
v -0.165692 -0.046692 -0.283028
v -0.225785 -0.053573 -0.383681
v -0.225785 -0.073077 -0.380405
v -0.225785 -0.091567 -0.373387
v -0.225785 -0.108333 -0.362896
v -0.225785 -0.122730 -0.349335
v -0.225785 -0.134205 -0.333227
v -0.225785 -0.142317 -0.315190
v -0.225785 -0.146754 -0.295916
v -0.225785 -0.147346 -0.276148
v -0.225785 -0.144069 -0.256643
v -0.225785 -0.137051 -0.238153
v -0.225785 -0.126560 -0.221387
v -0.225785 -0.113000 -0.206990
v -0.225785 -0.096892 -0.195515
v -0.225785 -0.078854 -0.187403
v -0.225785 -0.059581 -0.182966
v -0.225785 -0.039812 -0.182374
v -0.225785 -0.020308 -0.185651
v -0.225785 -0.001817 -0.192669
v -0.225785 0.014949 -0.203160
v -0.225785 0.029346 -0.216720
v -0.225785 0.040820 -0.232829
v -0.225785 0.048932 -0.250866
v -0.225785 0.053369 -0.270140
v -0.225785 0.053961 -0.289908
v -0.225785 0.050685 -0.309413
v -0.225785 0.043666 -0.327903
v -0.225785 0.033175 -0.344669
v -0.225785 0.019615 -0.359066
v -0.225785 0.003507 -0.370541
v -0.225785 -0.014531 -0.378653
v -0.225785 -0.033804 -0.383090
v -0.228519 -0.053139 -0.377345
v -0.228519 -0.071416 -0.374275
v -0.228519 -0.088742 -0.367699
v -0.228519 -0.104453 -0.357868
v -0.228519 -0.117944 -0.345162
v -0.228519 -0.128696 -0.330067
v -0.228519 -0.136298 -0.313165
v -0.228519 -0.140455 -0.295105
v -0.228519 -0.141010 -0.276581
v -0.228519 -0.137940 -0.258304
v -0.228519 -0.131363 -0.240978
v -0.228519 -0.121533 -0.225267
v -0.228519 -0.108826 -0.211776
v -0.228519 -0.093732 -0.201024
v -0.228519 -0.076830 -0.193423
v -0.228519 -0.058769 -0.189265
v -0.228519 -0.040245 -0.188710
v -0.228519 -0.021969 -0.191780
v -0.228519 -0.004642 -0.198357
v -0.228519 0.011068 -0.208188
v -0.228519 0.024559 -0.220894
v -0.228519 0.035312 -0.235988
v -0.228519 0.042913 -0.252891
v -0.228519 0.047071 -0.270951
v -0.228519 0.047625 -0.289475
v -0.228519 0.044555 -0.307752
v -0.228519 0.037978 -0.325078
v -0.228519 0.028148 -0.340789
v -0.228519 0.015441 -0.354279
v -0.228519 0.000347 -0.365032
v -0.228519 -0.016555 -0.372633
v -0.228519 -0.034615 -0.376791
v -0.230822 -0.052989 -0.375145
v -0.230822 -0.070839 -0.372147
v -0.230822 -0.087762 -0.365724
v -0.230822 -0.103106 -0.356122
v -0.230822 -0.116282 -0.343712
v -0.230822 -0.126783 -0.328970
v -0.230822 -0.134207 -0.312462
v -0.230822 -0.138268 -0.294823
v -0.230822 -0.138810 -0.276731
v -0.230822 -0.135811 -0.258881
v -0.230822 -0.129388 -0.241959
v -0.230822 -0.119787 -0.226615
v -0.230822 -0.107377 -0.213439
v -0.230822 -0.092634 -0.202937
v -0.230822 -0.076127 -0.195513
v -0.230822 -0.058488 -0.191452
v -0.230822 -0.040395 -0.190910
v -0.230822 -0.022545 -0.193909
v -0.230822 -0.005623 -0.200332
v -0.230822 0.009721 -0.209933
v -0.230822 0.022897 -0.222344
v -0.230822 0.033399 -0.237086
v -0.230822 0.040823 -0.253594
v -0.230822 0.044884 -0.271233
v -0.230822 0.045425 -0.289325
v -0.230822 0.042427 -0.307175
v -0.230822 0.036003 -0.324097
v -0.230822 0.026402 -0.339441
v -0.230822 0.013992 -0.352617
v -0.230822 -0.000750 -0.363119
v -0.230822 -0.017258 -0.370543
v -0.230822 -0.034897 -0.374604
v -0.229912 -0.051702 -0.356313
v -0.229912 -0.065903 -0.353928
v -0.229912 -0.079366 -0.348818
v -0.229912 -0.091573 -0.341179
v -0.229912 -0.102055 -0.331306
v -0.229912 -0.110410 -0.319578
v -0.229912 -0.116316 -0.306445
v -0.229912 -0.119547 -0.292412
v -0.229912 -0.119978 -0.278018
v -0.229912 -0.117592 -0.263817
v -0.229912 -0.112482 -0.250355
v -0.229912 -0.104844 -0.238147
v -0.229912 -0.094971 -0.227665
v -0.229912 -0.083242 -0.219310
v -0.229912 -0.070109 -0.213404
v -0.229912 -0.056076 -0.210173
v -0.229912 -0.041683 -0.209742
v -0.229912 -0.027482 -0.212128
v -0.229912 -0.014019 -0.217238
v -0.229912 -0.001812 -0.224876
v -0.229912 0.008671 -0.234749
v -0.229912 0.017026 -0.246478
v -0.229912 0.022932 -0.259611
v -0.229912 0.026162 -0.273644
v -0.229912 0.026593 -0.288037
v -0.229912 0.024208 -0.302239
v -0.229912 0.019098 -0.315701
v -0.229912 0.011459 -0.327909
v -0.229912 0.001586 -0.338391
v -0.229912 -0.010142 -0.346746
v -0.229912 -0.023275 -0.352652
v -0.229912 -0.037308 -0.355883
v -0.227629 -0.051299 -0.350420
v -0.227629 -0.064358 -0.348227
v -0.227629 -0.076738 -0.343528
v -0.227629 -0.087964 -0.336503
v -0.227629 -0.097603 -0.327424
v -0.227629 -0.105286 -0.316639
v -0.227629 -0.110718 -0.304562
v -0.227629 -0.113689 -0.291657
v -0.227629 -0.114085 -0.278421
v -0.227629 -0.111891 -0.265362
v -0.227629 -0.107192 -0.252982
v -0.227629 -0.100168 -0.241756
v -0.227629 -0.091089 -0.232117
v -0.227629 -0.080303 -0.224434
v -0.227629 -0.068226 -0.219002
v -0.227629 -0.055322 -0.216032
v -0.227629 -0.042086 -0.215635
v -0.227629 -0.029026 -0.217829
v -0.227629 -0.016646 -0.222528
v -0.227629 -0.005421 -0.229552
v -0.227629 0.004219 -0.238632
v -0.227629 0.011902 -0.249417
v -0.227629 0.017333 -0.261494
v -0.227629 0.020304 -0.274398
v -0.227629 0.020700 -0.287635
v -0.227629 0.018507 -0.300694
v -0.227629 0.013807 -0.313074
v -0.227629 0.006783 -0.324300
v -0.227629 -0.002296 -0.333939
v -0.227629 -0.013081 -0.341622
v -0.227629 -0.025158 -0.347053
v -0.227629 -0.038063 -0.350024
v -0.222372 -0.050764 -0.342598
v -0.222372 -0.062307 -0.340659
v -0.222372 -0.073251 -0.336505
v -0.222372 -0.083173 -0.330296
v -0.222372 -0.091694 -0.322271
v -0.222372 -0.098485 -0.312737
v -0.222372 -0.103286 -0.302062
v -0.222372 -0.105912 -0.290656
v -0.222372 -0.106262 -0.278956
v -0.222372 -0.104323 -0.267413
v -0.222372 -0.100169 -0.256470
v -0.222372 -0.093960 -0.246547
v -0.222372 -0.085935 -0.238027
v -0.222372 -0.076402 -0.231235
v -0.222372 -0.065727 -0.226434
v -0.222372 -0.054320 -0.223808
v -0.222372 -0.042620 -0.223458
v -0.222372 -0.031077 -0.225397
v -0.222372 -0.020134 -0.229551
v -0.222372 -0.010211 -0.235760
v -0.222372 -0.001691 -0.243785
v -0.222372 0.005100 -0.253318
v -0.222372 0.009901 -0.263994
v -0.222372 0.012527 -0.275400
v -0.222372 0.012877 -0.287100
v -0.222372 0.010938 -0.298643
v -0.222372 0.006785 -0.309586
v -0.222372 0.000576 -0.319509
v -0.222372 -0.007450 -0.328029
v -0.222372 -0.016983 -0.334821
v -0.222372 -0.027658 -0.339621
v -0.222372 -0.039065 -0.342247
v -0.218240 -0.050175 -0.333974
v -0.218240 -0.060047 -0.332316
v -0.218240 -0.069406 -0.328763
v -0.218241 -0.077892 -0.323453
v -0.218241 -0.085179 -0.316590
v -0.218241 -0.090987 -0.308437
v -0.218241 -0.095093 -0.299307
v -0.218241 -0.097339 -0.289551
v -0.218241 -0.097639 -0.279545
v -0.218240 -0.095980 -0.269673
v -0.218240 -0.092428 -0.260314
v -0.218240 -0.087118 -0.251828
v -0.218240 -0.080254 -0.244541
v -0.218240 -0.072101 -0.238733
v -0.218240 -0.062971 -0.234627
v -0.218240 -0.053216 -0.232381
v -0.218240 -0.043210 -0.232082
v -0.218240 -0.033338 -0.233740
v -0.218240 -0.023979 -0.237292
v -0.218240 -0.015492 -0.242602
v -0.218240 -0.008205 -0.249466
v -0.218240 -0.002397 -0.257619
v -0.218240 0.001709 -0.266749
v -0.218240 0.003954 -0.276504
v -0.218241 0.004254 -0.286510
v -0.218240 0.002596 -0.296383
v -0.218240 -0.000957 -0.305742
v -0.218240 -0.006267 -0.314228
v -0.218240 -0.013130 -0.321515
v -0.218240 -0.021284 -0.327323
v -0.218240 -0.030413 -0.331429
v -0.218241 -0.040169 -0.333675
v -0.209344 -0.073901 -0.318282
v -0.209344 -0.090860 -0.288717
v -0.209344 -0.091121 -0.279991
v -0.209344 -0.075961 -0.249464
v -0.209344 -0.068851 -0.244399
v -0.209344 -0.052381 -0.238860
v -0.209344 -0.019484 -0.247774
v -0.209344 -0.008064 -0.260870
v -0.209344 -0.002524 -0.277339
v -0.209344 -0.002263 -0.286065
v -0.209344 -0.011438 -0.310237
v -0.209344 -0.032496 -0.325237
v -0.210052 -0.049591 -0.325434
v -0.210052 -0.057808 -0.324054
v -0.210052 -0.065598 -0.321097
v -0.210052 -0.072662 -0.316677
v -0.210052 -0.078728 -0.310964
v -0.210052 -0.083562 -0.304177
v -0.210052 -0.086980 -0.296578
v -0.210052 -0.088849 -0.288458
v -0.210052 -0.089098 -0.280129
v -0.210052 -0.087718 -0.271912
v -0.210052 -0.084761 -0.264122
v -0.210052 -0.080341 -0.257058
v -0.210052 -0.074628 -0.250993
v -0.210052 -0.067842 -0.246158
v -0.210052 -0.060242 -0.242740
v -0.210052 -0.052122 -0.240871
v -0.210052 -0.043794 -0.240622
v -0.210052 -0.035576 -0.242002
v -0.210052 -0.027786 -0.244959
v -0.210052 -0.020723 -0.249379
v -0.210052 -0.014657 -0.255092
v -0.210052 -0.009822 -0.261878
v -0.210052 -0.006405 -0.269478
v -0.210052 -0.004536 -0.277598
v -0.210052 -0.004286 -0.285927
v -0.210052 -0.005667 -0.294144
v -0.210052 -0.008623 -0.301934
v -0.210052 -0.013043 -0.308998
v -0.210052 -0.018756 -0.315063
v -0.210052 -0.025543 -0.319898
v -0.210052 -0.033142 -0.323315
v -0.210052 -0.041262 -0.325185
v -0.214512 -0.049437 -0.323184
v -0.214512 -0.057218 -0.321877
v -0.214512 -0.064595 -0.319077
v -0.214512 -0.071284 -0.314891
v -0.214512 -0.077028 -0.309481
v -0.214512 -0.081606 -0.303055
v -0.214512 -0.084842 -0.295859
v -0.214512 -0.086612 -0.288170
v -0.214512 -0.086848 -0.280283
v -0.214512 -0.085541 -0.272502
v -0.214512 -0.082741 -0.265125
v -0.214512 -0.078556 -0.258436
v -0.214512 -0.073146 -0.252693
v -0.214512 -0.066719 -0.248115
v -0.214512 -0.059523 -0.244878
v -0.214512 -0.051834 -0.243108
v -0.214512 -0.043947 -0.242872
v -0.214512 -0.036166 -0.244179
v -0.214512 -0.028789 -0.246979
v -0.214512 -0.022101 -0.251165
v -0.214512 -0.016357 -0.256574
v -0.214512 -0.011779 -0.263001
v -0.214512 -0.008543 -0.270197
v -0.214512 -0.006773 -0.277886
v -0.214512 -0.006537 -0.285773
v -0.214512 -0.007844 -0.293554
v -0.214512 -0.010644 -0.300931
v -0.214512 -0.014829 -0.307620
v -0.214512 -0.020239 -0.313363
v -0.214512 -0.026665 -0.317941
v -0.214512 -0.033861 -0.321177
v -0.214512 -0.041551 -0.322948
v -0.219501 -0.067968 -0.310595
v -0.219501 -0.076898 -0.300354
v -0.219501 -0.079698 -0.294129
v -0.219501 -0.081229 -0.287476
v -0.219501 -0.081433 -0.280653
v -0.219501 -0.080302 -0.273921
v -0.219501 -0.074259 -0.261752
v -0.219501 -0.069579 -0.256783
v -0.219501 -0.064019 -0.252823
v -0.219501 -0.057793 -0.250023
v -0.219501 -0.051141 -0.248491
v -0.219501 -0.044318 -0.248287
v -0.219501 -0.031204 -0.251840
v -0.219501 -0.020448 -0.260142
v -0.219501 -0.016487 -0.265701
v -0.219501 -0.012156 -0.278579
v -0.219501 -0.013082 -0.292135
v -0.219501 -0.015505 -0.298517
v -0.219501 -0.023806 -0.309273
v -0.219501 -0.035592 -0.316033
v -0.222589 -0.049055 -0.317597
v -0.222589 -0.055754 -0.316472
v -0.222589 -0.062105 -0.314061
v -0.222589 -0.067863 -0.310458
v -0.222589 -0.072807 -0.305801
v -0.222589 -0.076748 -0.300269
v -0.222589 -0.079534 -0.294074
v -0.222589 -0.081058 -0.287454
v -0.222589 -0.081262 -0.280665
v -0.222589 -0.080136 -0.273966
v -0.222589 -0.077726 -0.267616
v -0.222589 -0.074123 -0.261857
v -0.222589 -0.069466 -0.256913
v -0.222589 -0.063933 -0.252972
v -0.222589 -0.057738 -0.250186
v -0.222589 -0.051119 -0.248662
v -0.222589 -0.044329 -0.248459
v -0.222589 -0.037631 -0.249584
v -0.222589 -0.031280 -0.251994
v -0.222589 -0.025522 -0.255597
v -0.222589 -0.020577 -0.260255
v -0.222589 -0.016636 -0.265787
v -0.222589 -0.013850 -0.271982
v -0.222589 -0.012326 -0.278601
v -0.222589 -0.012123 -0.285391
v -0.222589 -0.013248 -0.292090
v -0.222589 -0.015659 -0.298440
v -0.222589 -0.019262 -0.304198
v -0.222589 -0.023919 -0.309143
v -0.222589 -0.029451 -0.313084
v -0.222589 -0.035646 -0.315870
v -0.222589 -0.042266 -0.317394
v -0.228567 -0.047331 -0.292366
v -0.228567 -0.049140 -0.292062
v -0.228567 -0.050855 -0.291411
v -0.228567 -0.052411 -0.290437
v -0.228567 -0.053747 -0.289179
v -0.228567 -0.054811 -0.287685
v -0.228567 -0.055564 -0.286012
v -0.228567 -0.055975 -0.284224
v -0.228567 -0.056030 -0.282390
v -0.228567 -0.055726 -0.280580
v -0.228567 -0.055075 -0.278865
v -0.228567 -0.054102 -0.277309
v -0.228567 -0.052844 -0.275974
v -0.228567 -0.051349 -0.274909
v -0.228567 -0.049676 -0.274157
v -0.228567 -0.047888 -0.273745
v -0.228567 -0.046054 -0.273690
v -0.228567 -0.044245 -0.273994
v -0.228567 -0.042529 -0.274645
v -0.228567 -0.040974 -0.275618
v -0.228567 -0.039638 -0.276876
v -0.228567 -0.038574 -0.278371
v -0.228567 -0.037821 -0.280044
v -0.228567 -0.037409 -0.281832
v -0.228567 -0.037354 -0.283666
v -0.228567 -0.037658 -0.285476
v -0.228567 -0.038309 -0.287191
v -0.228567 -0.039283 -0.288747
v -0.228567 -0.040541 -0.290082
v -0.228567 -0.042035 -0.291147
v -0.228567 -0.043709 -0.291899
v -0.228567 -0.045497 -0.292311
v -0.225924 -0.046692 -0.283028
v -0.177640 -0.091186 -0.372620
v -0.177640 -0.107810 -0.362218
v -0.177640 -0.122085 -0.348773
v -0.177640 -0.133462 -0.332801
v -0.177640 -0.145905 -0.295807
v -0.177640 -0.143243 -0.256867
v -0.177640 -0.096465 -0.196258
v -0.177640 -0.059471 -0.183816
v -0.177640 -0.039870 -0.183229
v -0.177640 -0.020532 -0.186477
v -0.177640 0.028700 -0.217283
v -0.177640 0.053107 -0.289850
v -0.177640 0.042899 -0.327522
v -0.177640 0.003081 -0.369798
v -0.177640 -0.033913 -0.382240
v -0.209344 -0.058339 -0.326011
v -0.209344 -0.049729 -0.327457
v -0.209344 -0.066500 -0.322913
v -0.209344 -0.080256 -0.312296
v -0.209344 -0.085321 -0.305186
v -0.209344 -0.088902 -0.297224
v -0.209344 -0.089675 -0.271382
v -0.209344 -0.086577 -0.263220
v -0.209344 -0.081947 -0.255819
v -0.209344 -0.060889 -0.240819
v -0.209344 -0.043655 -0.238599
v -0.209344 -0.035046 -0.240045
v -0.209344 -0.026884 -0.243143
v -0.209344 -0.013129 -0.253759
v -0.209344 -0.004483 -0.268832
v -0.209344 -0.003709 -0.294674
v -0.209344 -0.006807 -0.302836
v -0.209344 -0.017424 -0.316592
v -0.209344 -0.024534 -0.321657
v -0.209344 -0.041003 -0.327196
v -0.219501 -0.055799 -0.316638
v -0.219501 -0.049067 -0.317769
v -0.219501 -0.062181 -0.314216
v -0.219501 -0.072937 -0.305914
v -0.219501 -0.077880 -0.267539
v -0.219501 -0.037586 -0.249418
v -0.219501 -0.025417 -0.255461
v -0.219501 -0.013687 -0.271927
v -0.219501 -0.011951 -0.285403
v -0.219501 -0.019126 -0.304303
v -0.219501 -0.029366 -0.313233
v -0.219501 -0.042244 -0.317565
v -0.226527 -0.063277 -0.297490
v -0.226527 -0.065780 -0.293977
v -0.226527 -0.052447 -0.304267
v -0.226527 -0.056480 -0.302736
v -0.226527 -0.039678 -0.303885
v -0.226527 -0.043881 -0.304852
v -0.226527 -0.029272 -0.296472
v -0.226527 -0.032230 -0.299613
v -0.226527 -0.024739 -0.284529
v -0.226527 -0.025453 -0.288783
v -0.226527 -0.027605 -0.272079
v -0.226527 -0.025836 -0.276013
v -0.226527 -0.036905 -0.263320
v -0.226527 -0.033248 -0.265608
v -0.226527 -0.049503 -0.261203
v -0.226527 -0.045192 -0.261074
v -0.226527 -0.061155 -0.266443
v -0.226527 -0.057641 -0.263940
v -0.226527 -0.067931 -0.277273
v -0.226527 -0.066401 -0.273240
v -0.226527 -0.067549 -0.290043
v -0.226527 -0.068517 -0.285839
v -0.226527 -0.060137 -0.300448
v -0.226527 -0.048193 -0.304982
v -0.226527 -0.035743 -0.302115
v -0.226527 -0.026984 -0.292816
v -0.226527 -0.024868 -0.280217
v -0.226527 -0.030108 -0.268566
v -0.226527 -0.040938 -0.261789
v -0.226527 -0.053707 -0.262171
v -0.226527 -0.064112 -0.269583
v -0.226527 -0.068646 -0.281527
v -0.177640 -0.053514 -0.382827
v -0.177640 -0.072853 -0.379578
v -0.177640 -0.136284 -0.238534
v -0.177640 -0.125882 -0.221910
v -0.177640 -0.112437 -0.207636
v -0.177640 -0.002198 -0.193436
v -0.177640 0.014425 -0.203838
v -0.177640 0.040078 -0.233255
v -0.177640 0.048121 -0.251139
v -0.177640 0.052520 -0.270249
v -0.177640 0.032497 -0.344145
v -0.177640 0.019052 -0.358420
v -0.177640 -0.091186 -0.372620
v -0.177640 -0.107810 -0.362218
v -0.177640 -0.122085 -0.348773
v -0.177640 -0.133462 -0.332801
v -0.177640 -0.059471 -0.183816
v -0.177640 -0.039870 -0.183229
v -0.177640 -0.020532 -0.186477
v -0.177640 -0.141505 -0.314917
v -0.177640 -0.145905 -0.295807
v -0.177640 -0.146491 -0.276206
v -0.177640 -0.143243 -0.256867
v -0.177640 -0.096465 -0.196258
v -0.177640 -0.078581 -0.188215
v -0.177640 0.028700 -0.217283
v -0.177640 0.053107 -0.289850
v -0.177640 0.049858 -0.309189
v -0.177640 0.042899 -0.327522
v -0.177640 0.003081 -0.369798
v -0.177640 -0.014804 -0.377841
v -0.177640 -0.033913 -0.382240
vn -0.3328 0.9427 0.0233
vn 0.8728 0.3592 -0.3304
vn 0.7855 0.1656 -0.5963
vn 0.7864 0.1755 -0.5923
vn 0.5071 -0.4347 0.7442
vn -0.8406 -0.2654 0.4722
vn -0.8816 -0.4325 0.1891
vn -0.8785 -0.4411 0.1833
vn 0.7377 0.1088 -0.6663
vn 0.7537 0.1109 -0.6478
vn 0.7531 0.1115 -0.6484
vn 0.1861 0.5423 0.8193
vn -0.3434 0.9392 -0.0023
vn 0.2197 0.4851 0.8464
vn 0.1640 0.5777 0.7996
vn 0.7358 0.0961 -0.6703
vn 0.7310 0.1082 -0.6737
vn 0.7307 0.1086 -0.6740
vn -0.8736 -0.4786 0.0884
vn -0.8686 -0.4888 0.0813
vn -0.8696 -0.4808 0.1126
vn -0.8700 -0.4802 0.1119
vn -0.8610 -0.4928 0.1257
vn 0.1051 0.6636 0.7407
vn 0.7651 0.1000 -0.6361
vn 0.2022 0.5154 0.8328
vn 0.2546 0.4205 0.8708
vn -0.8755 -0.4769 0.0785
vn -0.8752 -0.4774 0.0787
vn 0.1472 0.6033 0.7838
vn 0.5098 -0.5654 0.6484
vn 0.7237 0.1198 -0.6797
vn -0.8820 -0.4655 0.0725
vn -0.8706 -0.4790 0.1122
vn -0.8712 -0.4779 0.1123
vn -0.8684 -0.4831 0.1117
vn 0.1716 0.5657 0.8066
vn 0.1646 0.5767 0.8002
vn 0.7730 0.1490 -0.6166
vn 0.7694 0.1430 -0.6225
vn 0.7557 0.1212 -0.6436
vn 0.2077 0.5060 0.8372
vn 0.2075 0.5063 0.8370
vn 0.2176 0.4887 0.8449
vn 0.7472 0.1436 -0.6489
vn 0.7569 0.1504 -0.6360
vn 0.7079 0.1170 -0.6966
vn -0.8702 -0.4803 0.1102
vn -0.8690 -0.4825 0.1096
vn -0.8647 -0.4907 0.1073
vn -0.8738 -0.4730 0.1127
vn 0.1881 0.5391 0.8210
vn 0.7882 0.1728 -0.5906
vn 0.8530 0.2812 -0.4396
vn 0.8193 0.3128 -0.4804
vn 0.8162 0.3156 -0.4840
vn -0.1179 0.4715 0.8739
vn -0.1227 0.4705 0.8738
vn -0.0328 0.4590 0.8879
vn -0.0360 0.4602 0.8871
vn -0.8545 -0.4840 0.1885
vn -0.8667 -0.3421 0.3632
vn -0.8464 -0.5108 0.1504
vn -0.5594 0.6592 -0.5026
vn 0.1595 0.5317 0.8318
vn 0.0648 0.5050 0.8607
vn -0.0088 0.4808 0.8768
vn 0.7661 0.5395 -0.3492
vn 0.7669 0.5383 -0.3494
vn 0.7115 0.6153 -0.3395
vn 0.6864 0.6451 -0.3357
vn -0.7115 -0.7024 -0.0204
vn -0.7163 -0.6978 -0.0044
vn -0.7849 -0.5703 0.2423
vn -0.7732 -0.6021 0.1989
vn 0.9451 0.2894 -0.1518
vn 0.9012 0.3870 -0.1950
vn 0.9103 -0.3270 0.2539
vn 0.9032 -0.3380 0.2645
vn -0.5399 -0.7292 0.4205
vn -0.4321 -0.7847 0.4443
vn -0.1636 0.4278 0.8890
vn -0.1592 0.4291 0.8891
vn -0.1864 0.4373 0.8798
vn -0.1856 0.4379 0.8796
vn 0.7831 0.3857 -0.4878
vn 0.7840 0.4002 -0.4745
vn 0.7834 0.4777 -0.3976
vn 0.7832 0.4804 -0.3947
vn -0.5767 -0.7154 -0.3944
vn -0.6154 -0.7095 -0.3433
vn -0.5256 -0.7482 -0.4049
vn -0.5182 -0.7474 -0.4157
vn 0.0129 0.4407 0.8975
vn 0.3204 -0.7891 0.5241
vn 0.3401 -0.7809 0.5239
vn 0.1206 0.9823 -0.1434
vn 0.1273 0.8754 -0.4664
vn 0.1217 0.8802 -0.4586
vn 0.8636 0.0088 0.5040
vn -0.1253 -0.9419 0.3116
vn -0.1177 -0.9929 -0.0157
vn -0.1115 -0.9935 -0.0244
vn 0.1192 0.8238 -0.5542
vn 0.1329 0.8335 -0.5362
vn 0.1319 0.8335 -0.5366
vn -0.0273 0.2334 0.9720
vn 0.0438 0.2246 0.9735
vn -0.0731 0.2384 0.9684
vn 0.1263 0.8167 -0.5630
vn 0.1134 0.8199 -0.5612
vn 0.1128 0.8199 -0.5613
vn -0.1120 -0.9857 -0.1262
vn -0.1040 -0.9851 -0.1369
vn -0.1000 -0.9894 -0.1051
vn -0.1010 -0.9893 -0.1055
vn -0.0818 -0.9918 -0.0981
vn -0.1908 0.2490 0.9495
vn 0.1515 0.8344 -0.5300
vn 0.0065 0.2294 0.9733
vn 0.1203 0.2139 0.9694
vn -0.1177 -0.9839 -0.1346
vn -0.1171 -0.9840 -0.1346
vn -0.1072 0.2418 0.9644
vn 0.9313 -0.0332 0.3629
vn 0.0984 0.8213 -0.5619
vn -0.1320 -0.9820 -0.1354
vn -0.1022 -0.9892 -0.1047
vn -0.1033 -0.9892 -0.1041
vn -0.0980 -0.9894 -0.1068
vn -0.0574 0.2367 0.9699
vn -0.0718 0.2383 0.9685
vn 0.1258 0.8615 -0.4919
vn 0.1262 0.8569 -0.4998
vn 0.1277 0.8395 -0.5281
vn 0.0182 0.2279 0.9735
vn 0.0177 0.2280 0.9735
vn 0.0394 0.2252 0.9735
vn 0.1044 0.8454 -0.5238
vn 0.1091 0.8537 -0.5092
vn 0.0859 0.8110 -0.5787
vn -0.1016 -0.9891 -0.1070
vn -0.0995 -0.9891 -0.1085
vn -0.0916 -0.9893 -0.1140
vn -0.1083 -0.9889 -0.1019
vn -0.0232 0.2329 0.9722
vn 0.1253 0.8799 -0.4583
vn 0.1253 0.8799 -0.4582
vn 0.1314 0.9523 -0.2753
vn 0.2694 0.9136 -0.3047
vn 0.2850 0.9078 -0.3077
vn -0.1068 0.3769 0.9201
vn -0.1005 0.3779 0.9204
vn -0.0382 0.3897 0.9201
vn -0.0397 0.3893 0.9202
vn -0.2303 -0.9727 -0.0272
vn -0.1190 -0.9764 0.1804
vn -0.2488 -0.9664 -0.0640
vn -0.0305 0.2030 0.9787
vn -0.0826 0.1586 0.9839
vn -0.1004 0.1431 0.9846
vn 0.4759 0.7838 -0.3989
vn 0.4772 0.7811 -0.4027
vn 0.4219 0.8268 -0.3720
vn 0.3919 0.8460 -0.3615
vn -0.4341 -0.9008 -0.0101
vn -0.4487 -0.8932 0.0303
vn -0.5311 -0.7987 0.2829
vn -0.5158 -0.8248 0.2317
vn 0.7758 0.5833 -0.2407
vn 0.6929 0.6680 -0.2715
vn 0.9939 -0.0185 0.1090
vn 0.9923 -0.0317 0.1194
vn -0.2225 -0.8798 0.4200
vn -0.0906 -0.9001 0.4261
vn -0.1951 0.1598 0.9677
vn -0.1889 0.1516 0.9702
vn -0.1858 0.3006 0.9355
vn -0.1958 0.2816 0.9393
vn 0.4428 0.8138 -0.3764
vn 0.4473 0.8074 -0.3848
vn 0.4749 0.7721 -0.4223
vn 0.4763 0.7727 -0.4196
vn -0.2355 -0.8386 -0.4912
vn -0.2410 -0.8425 -0.4817
vn -0.2692 -0.8698 -0.4134
vn -0.2685 -0.8693 -0.4150
vn -0.0198 0.3940 0.9189
vn 0.6296 -0.6598 0.4101
vn 0.6455 -0.6456 0.4081
vn 0.0002 -0.0049 -1.0000
vn -0.0000 -0.0557 0.9984
vn -0.0037 -0.4699 0.8827
vn 0.7481 -0.5190 0.4136
vn -0.1101 -0.2921 0.9500
vn 0.6485 0.4408 0.6206
vn -0.1589 0.3140 0.9360
vn 0.6937 0.6289 0.3509
vn -0.1372 0.5109 0.8486
vn 0.6902 -0.3488 0.6340
vn 0.2498 -0.0614 0.9664
vn 0.5776 -0.0971 0.8106
vn 0.5687 -0.0425 0.8214
vn 0.8541 0.2463 0.4580
vn 0.7453 0.1500 0.6496
vn 0.7431 -0.0676 0.6657
vn -0.4658 -0.1023 -0.8790
vn -0.4745 0.0414 -0.8793
vn -0.9310 0.1454 -0.3349
vn 0.0077 0.1168 0.9931
vn -0.0010 -0.1013 0.9949
vn -0.2378 0.1814 0.9542
vn -0.3422 0.2494 0.9059
vn -0.2145 -0.2044 0.9551
vn 0.5593 0.1144 0.8211
vn 0.2251 0.1497 0.9628
vn 0.2403 0.0955 0.9660
vn -0.4122 -0.0270 -0.9107
vn -0.4911 -0.0397 -0.8702
vn -0.3290 -0.0301 -0.9438
vn -0.1707 0.7069 -0.6864
vn -0.3547 0.0486 -0.9337
vn -0.3460 -0.0952 -0.9334
vn 0.3664 -0.1824 -0.9124
vn 0.4867 0.6429 0.5914
vn 0.5906 0.6513 0.4764
vn -0.0917 0.6108 0.7865
vn -0.3300 -0.0140 -0.9439
vn -0.4921 -0.0237 -0.8702
vn -0.3870 -0.7434 -0.5455
vn 0.3090 -0.3448 0.8864
vn 0.1049 -0.2612 0.9596
vn 0.5013 -0.3280 0.8007
vn 0.2629 0.3780 0.8877
vn 0.4538 0.3948 0.7989
vn 0.6453 0.3104 0.6980
vn 0.0633 0.6178 0.7838
vn 0.1371 -0.6021 0.7866
vn 0.5604 -0.5770 0.5942
vn 0.6646 -0.5732 0.4792
vn 0.9116 -0.2121 0.3521
vn 0.3420 0.2210 -0.9133
vn -0.0788 -0.1278 -0.9887
vn -0.2103 -0.3083 -0.9277
vn -0.9066 -0.2580 -0.3340
vn -0.6931 0.0772 -0.7167
vn -0.5646 0.2576 -0.7842
vn -0.0177 -0.6138 0.7893
vn 0.8794 0.3219 0.3509
vn 0.8774 -0.1395 0.4589
vn -0.3099 -0.2846 0.9072
vn -0.0933 0.1129 -0.9892
vn -0.5292 -0.3273 -0.7828
vn -0.6786 -0.1634 -0.7161
vn -0.2456 0.2765 -0.9291
vn -0.4735 0.6889 -0.5488
vn -0.0841 -0.7254 -0.6831
vn -0.3012 0.5564 -0.7744
vn 0.2190 0.5476 -0.8076
vn -0.3505 -0.2413 -0.9049
vn 0.0667 0.6142 0.7863
vn 0.0708 0.6042 0.7937
vn 0.3131 -0.4602 0.8308
vn 0.2245 -0.9744 0.0080
vn -0.0704 -0.5564 -0.8280
vn -0.5235 -0.8276 0.2027
vn -0.2006 0.9792 0.0293
vn -0.2009 0.9792 0.0277
vn -0.3722 0.4556 -0.8087
vn -0.4572 0.1159 -0.8818
vn 0.0298 -0.5963 -0.8022
vn 0.0337 0.5125 0.8580
vn 0.0492 0.4825 0.8745
vn 0.4091 -0.5731 0.7101
vn 0.3565 -0.9341 -0.0176
vn 0.4288 -0.3782 -0.8204
vn -0.3362 0.9401 0.0561
vn -0.3633 0.4154 -0.8339
vn -0.8479 0.4884 0.2062
vn 0.5457 0.5901 0.5949
vn 0.1149 -0.1431 0.9830
vn 0.7509 -0.3074 0.5845
vn 0.8475 -0.5072 -0.1563
vn 0.5512 0.8222 -0.1420
vn -0.3006 0.5496 -0.7794
vn 0.2228 -0.9749 0.0021
vn -0.0667 -0.5656 -0.8220
vn -0.0031 0.1749 0.9846
vn 0.3985 -0.5110 0.7616
vn 0.0645 -0.6542 -0.7536
vn 0.3559 -0.9343 -0.0212
vn 0.3147 -0.4839 0.8166
vn -0.3377 0.9397 0.0535
vn 0.0037 -0.4699 0.8827
vn 0.1101 -0.2921 0.9500
vn -0.7481 -0.5190 0.4136
vn -0.6485 0.4408 0.6206
vn 0.1589 0.3140 0.9360
vn -0.6937 0.6289 0.3509
vn 0.1372 0.5109 0.8486
vn -0.6902 -0.3488 0.6340
vn -0.2498 -0.0614 0.9664
vn -0.5687 -0.0425 0.8214
vn -0.5776 -0.0971 0.8106
vn -0.8541 0.2463 0.4580
vn -0.7431 -0.0676 0.6657
vn -0.7453 0.1500 0.6496
vn 0.4658 -0.1023 -0.8790
vn 0.9310 0.1454 -0.3349
vn 0.4745 0.0414 -0.8793
vn -0.0077 0.1168 0.9931
vn 0.0010 -0.1013 0.9949
vn 0.2378 0.1814 0.9542
vn 0.2145 -0.2044 0.9551
vn 0.3422 0.2494 0.9059
vn -0.5593 0.1144 0.8211
vn -0.2403 0.0955 0.9660
vn -0.2251 0.1497 0.9628
vn 0.4122 -0.0270 -0.9107
vn 0.4911 -0.0397 -0.8702
vn 0.1707 0.7069 -0.6864
vn 0.3290 -0.0301 -0.9438
vn 0.3547 0.0486 -0.9337
vn -0.3664 -0.1824 -0.9124
vn 0.3460 -0.0952 -0.9334
vn -0.4867 0.6429 0.5914
vn 0.0917 0.6108 0.7865
vn -0.5906 0.6513 0.4764
vn 0.3300 -0.0140 -0.9439
vn 0.3870 -0.7434 -0.5455
vn 0.4921 -0.0237 -0.8702
vn -0.1049 -0.2612 0.9596
vn -0.3090 -0.3448 0.8864
vn -0.5013 -0.3280 0.8007
vn -0.2629 0.3780 0.8877
vn -0.6453 0.3104 0.6980
vn -0.4538 0.3948 0.7989
vn -0.0633 0.6178 0.7838
vn -0.1371 -0.6021 0.7866
vn -0.5604 -0.5770 0.5942
vn -0.9116 -0.2121 0.3521
vn -0.6646 -0.5732 0.4792
vn -0.3420 0.2210 -0.9133
vn 0.2103 -0.3083 -0.9277
vn 0.0788 -0.1278 -0.9887
vn 0.9066 -0.2580 -0.3340
vn 0.5646 0.2576 -0.7842
vn 0.6931 0.0772 -0.7167
vn 0.0177 -0.6138 0.7893
vn -0.8794 0.3219 0.3509
vn -0.8774 -0.1395 0.4589
vn 0.3099 -0.2846 0.9072
vn 0.0933 0.1129 -0.9892
vn 0.5292 -0.3273 -0.7828
vn 0.6786 -0.1634 -0.7161
vn 0.2456 0.2765 -0.9291
vn 0.4735 0.6889 -0.5488
vn 0.0841 -0.7254 -0.6831
vn 0.3012 0.5564 -0.7744
vn 0.3505 -0.2413 -0.9049
vn -0.2190 0.5476 -0.8076
vn -0.0667 0.6142 0.7863
vn -0.3131 -0.4602 0.8308
vn -0.0708 0.6042 0.7937
vn -0.2245 -0.9744 0.0080
vn 0.5235 -0.8276 0.2027
vn 0.0704 -0.5564 -0.8280
vn 0.2006 0.9792 0.0293
vn 0.2009 0.9792 0.0277
vn 0.3722 0.4556 -0.8087
vn -0.0298 -0.5963 -0.8022
vn 0.4572 0.1159 -0.8818
vn -0.0337 0.5125 0.8580
vn -0.4091 -0.5731 0.7101
vn -0.0492 0.4825 0.8745
vn -0.3565 -0.9341 -0.0176
vn -0.4288 -0.3782 -0.8204
vn 0.3362 0.9401 0.0561
vn 0.3633 0.4154 -0.8339
vn 0.8479 0.4884 0.2062
vn -0.5457 0.5901 0.5949
vn -0.7509 -0.3074 0.5845
vn -0.1149 -0.1431 0.9830
vn -0.8475 -0.5072 -0.1563
vn -0.5512 0.8222 -0.1420
vn 0.3006 0.5496 -0.7794
vn -0.2228 -0.9749 0.0021
vn 0.0667 -0.5656 -0.8220
vn 0.0031 0.1749 0.9846
vn -0.3985 -0.5110 0.7616
vn -0.0645 -0.6542 -0.7536
vn -0.3559 -0.9343 -0.0212
vn -0.3147 -0.4839 0.8166
vn 0.3377 0.9397 0.0535
vn -0.4254 -0.7232 0.5441
vn -0.4389 -0.3438 0.8302
vn -0.8982 -0.4388 0.0268
vn -0.8939 -0.4482 0.0133
vn -0.7194 -0.0146 0.6944
vn -0.7676 0.0923 0.6342
vn -0.7676 0.0923 -0.6342
vn -0.7194 -0.0146 -0.6944
vn 0.4254 -0.7232 -0.5441
vn 0.8939 -0.4482 -0.0133
vn 0.8939 -0.4482 0.0133
vn 0.4254 -0.7232 0.5441
vn -0.5971 -0.6099 0.5210
vn -0.5971 -0.6099 -0.5210
vn 0.4389 -0.3438 0.8302
vn 0.4389 -0.3438 -0.8302
vn 0.8982 -0.4388 0.0268
vn -0.0000 -0.8481 -0.5298
vn -0.0000 -0.8481 0.5298
vn -0.4233 -0.7293 0.5376
vn -0.4233 -0.7293 -0.5376
vn 0.8982 -0.4388 -0.0268
vn -0.0000 -0.1800 -0.9837
vn -0.6773 -0.4362 -0.5924
vn -0.6773 -0.4362 0.5924
vn -0.0000 -0.1800 0.9837
vn 0.0422 -0.9991 -0.0018
vn -0.6562 -0.7465 -0.1102
vn -0.5633 -0.7100 -0.4225
vn 0.0614 -0.9977 -0.0276
vn -0.9584 -0.2438 -0.1482
vn -0.7949 -0.2404 -0.5571
vn -0.3826 -0.2016 -0.9016
vn -0.2486 -0.6891 -0.6807
vn -0.0310 -0.1738 -0.9843
vn 0.0309 -0.6779 -0.7345
vn 0.1018 -0.1471 -0.9839
vn 0.3721 -0.5304 -0.7618
vn 0.7297 -0.1040 0.6758
vn 0.4287 -0.8330 0.3498
vn 0.3402 -0.5827 0.7380
vn 0.1349 -0.0908 0.9867
vn 0.9474 -0.0650 0.3133
vn 0.7446 -0.6211 0.2445
vn 0.5163 -0.6041 0.6071
vn 0.7886 -0.0469 0.6131
vn -0.4377 -0.8051 -0.4003
vn -0.9233 -0.0580 -0.3796
vn -0.8193 -0.0478 0.5714
vn -0.5207 -0.6093 0.5981
vn -0.2067 -0.0564 -0.9768
vn 0.2043 -0.4628 -0.8626
vn 0.5941 -0.8040 -0.0241
vn 0.1556 -0.9878 0.0023
vn 0.3716 -0.3989 0.8383
vn 0.5065 -0.5581 0.6573
vn 0.0261 -0.9996 0.0144
vn 0.0010 -0.9163 0.4005
vn 0.5799 -0.0448 0.8134
vn 0.7053 -0.6611 -0.2558
vn 0.0049 -1.0000 0.0003
vn -0.0080 -1.0000 0.0016
vn 0.6837 -0.6888 -0.2411
vn -0.6824 -0.6730 0.2853
vn -0.9200 -0.0520 0.3886
vn -0.9441 -0.0526 0.3253
vn -0.7144 -0.6550 0.2463
vn -0.6898 -0.7115 0.1339
vn -0.9797 -0.0530 0.1932
vn 0.9883 -0.0612 -0.1393
vn 0.7544 -0.6477 -0.1069
vn 0.9386 -0.0608 -0.3397
vn 0.0145 -0.9999 -0.0031
vn 0.9411 -0.0609 -0.3327
vn -0.0127 -0.9999 0.0027
vn -0.7551 -0.6480 0.0996
vn -0.4071 -0.8441 0.3489
vn 0.0258 -0.9996 -0.0130
vn 0.9893 -0.0609 -0.1325
vn 0.7524 -0.6514 -0.0981
vn 0.6500 -0.6204 -0.4389
vn 0.8287 -0.0626 -0.5561
vn 0.7045 -0.7030 -0.0970
vn -0.9902 -0.0499 0.1304
vn -0.7543 -0.0583 0.6539
vn 0.2883 -0.6288 -0.7221
vn 0.3689 -0.0613 -0.9274
vn -0.6769 -0.0853 -0.7311
vn -0.7048 -0.5142 -0.4886
vn 0.3702 -0.7472 -0.5519
vn 0.3603 -0.1020 -0.9272
vn -0.5236 -0.8520 -0.0046
vn -0.0884 -0.9870 0.1344
vn 0.7417 -0.6570 -0.1352
vn 0.9313 0.0322 -0.3629
vn -0.0247 -0.9848 0.1721
vn -0.4365 -0.6049 0.6660
vn -0.4944 -0.1980 0.8464
vn -0.9201 -0.0943 0.3802
vn -0.7424 -0.5510 0.3811
vn -0.0057 0.5232 -0.8522
vn 0.2548 0.4412 -0.8605
vn -0.0208 0.0345 -0.9992
vn -0.8994 0.4362 -0.0277
vn -0.7061 -0.6951 0.1355
vn 0.4302 0.2364 -0.8712
vn 0.4727 -0.0226 -0.8810
vn -0.0196 -0.9994 0.0298
vn -0.8474 -0.5283 0.0528
vn -0.8664 -0.4585 -0.1979
vn -0.5253 -0.8259 -0.2049
vn -0.0380 -0.9791 -0.1998
vn 0.4523 -0.8674 -0.2076
vn -0.0403 -0.9098 -0.4131
vn 0.4204 -0.8067 -0.4153
vn -0.8078 -0.4242 -0.4094
vn -0.4894 -0.7691 -0.4110
vn -0.4642 0.8610 -0.2081
vn 0.0329 0.9785 -0.2035
vn 0.0257 0.9102 -0.4134
vn -0.4327 0.8023 -0.4112
vn -0.9781 0.0351 -0.2051
vn -0.8313 0.5186 -0.1998
vn -0.7752 0.4810 -0.4096
vn -0.9120 0.0328 -0.4089
vn 0.9769 -0.0357 -0.2106
vn 0.8287 -0.5215 -0.2035
vn 0.7682 -0.4858 -0.4169
vn 0.9081 -0.0332 -0.4175
vn 0.5136 0.8317 -0.2108
vn 0.8645 0.4589 -0.2053
vn 0.8015 0.4286 -0.4170
vn 0.4779 0.7739 -0.4156
vn -0.8807 0.4735 -0.0168
vn 0.8251 -0.5649 -0.0111
vn 0.8900 0.4494 -0.0776
vn 0.0245 0.9949 -0.0978
vn 0.0104 -0.9994 -0.0333
vn -0.4422 -0.2252 -0.8682
vn -0.5118 0.0132 -0.8590
vn -0.0282 -0.6733 0.7388
vn -0.0235 -0.1710 0.9850
vn -0.0055 -0.1700 0.9854
vn -0.0066 -0.6708 0.7416
vn -0.4527 0.2634 -0.8519
vn -0.2685 0.4548 -0.8491
vn 0.6689 -0.0444 -0.7420
vn 0.6940 -0.5340 -0.4829
vn 0.9445 -0.2442 -0.2199
vn 0.9434 -0.0378 -0.3295
vn 0.1523 -0.0557 0.9868
vn 0.5064 -0.8618 -0.0290
vn -0.1757 -0.9439 0.2794
vn -0.9736 -0.2281 0.0018
vn -0.6276 -0.7779 0.0316
vn -0.0004 -0.9161 -0.4010
vn -0.0002 -0.7003 -0.7138
vn -0.3630 -0.2782 -0.8893
vn -0.5198 -0.6050 -0.6031
vn -0.4577 -0.0286 -0.8886
vn -0.8150 -0.0461 -0.5776
vn 0.7956 -0.0508 -0.6037
vn 0.4594 -0.0310 -0.8877
vn 0.3623 -0.2832 -0.8880
vn 0.5187 -0.6077 -0.6014
vn 0.0646 -0.9795 0.1909
vn 0.3010 -0.9109 0.2822
vn 0.0628 -0.9306 0.3607
vn 0.9986 -0.0535 0.0018
vn 0.7479 -0.6638 0.0023
vn 0.7476 -0.6642 0.0023
vn 0.4784 -0.8781 -0.0010
vn 0.9888 -0.0613 -0.1358
vn 0.6067 -0.0361 0.7941
vn 0.6378 -0.5853 0.5007
vn 0.9548 -0.2070 -0.2131
vn 0.9521 -0.0442 -0.3026
vn 0.8676 -0.4971 0.0093
vn 0.9049 -0.4255 0.0115
vn 0.9364 -0.2498 0.2465
vn 0.9433 -0.2136 0.2542
vn 0.9317 -0.0358 0.3616
vn 0.9351 -0.0422 0.3519
vn -0.9183 -0.0609 -0.3912
vn -0.9178 -0.2568 -0.3028
vn -0.8287 -0.5597 0.0014
vn -0.9127 -0.2595 0.3157
vn -0.6941 -0.5197 0.4981
vn -0.9093 -0.0559 0.4123
vn -0.6762 -0.1165 0.7274
vn -0.0081 -0.6764 -0.7365
vn -0.0074 -1.0000 -0.0032
vn 0.0102 -0.9999 -0.0083
vn 0.0040 -0.6741 -0.7386
vn -0.0200 -0.6719 -0.7404
vn -0.0250 -0.9997 -0.0019
vn -0.0100 -0.1822 -0.9832
vn -0.0050 -0.1908 -0.9816
vn 0.0124 -0.1690 0.9855
vn 0.0149 -0.6704 0.7419
vn -0.0000 -0.1995 -0.9799
vn 0.3821 -0.2597 -0.8869
vn 0.1935 -0.4173 -0.8879
vn 0.3612 -0.2787 0.8899
vn 0.4548 -0.0280 0.8902
vn -0.7375 -0.6753 -0.0000
vn -0.9976 -0.0687 -0.0000
vn -0.0002 -0.7012 0.7130
vn -0.3630 -0.2782 0.8893
vn -0.4577 -0.0286 0.8886
vn 0.0048 -1.0000 0.0009
vn 0.0041 -1.0000 0.0009
vn -0.0422 -0.4649 -0.8844
vn -0.2711 -0.3961 -0.8773
vn 0.9989 -0.0469 0.0074
vn 0.7376 -0.6743 0.0363
vn -0.0000 -0.7973 0.6036
vn -0.0000 -0.9474 0.3200
vn 0.1256 -0.9632 0.2375
vn 0.0589 -0.8510 0.5219
vn 0.0003 -1.0000 -0.0000
vn 0.0729 -0.9782 0.1944
vn 0.1096 -0.9885 0.1041
vn 0.0025 -0.9999 0.0157
vn 0.0012 -1.0000 0.0004
vn 0.0018 -1.0000 0.0005
vn 0.0171 -0.9981 -0.0600
vn 0.0062 -0.9999 0.0151
vn 0.0011 -0.9999 -0.0127
vn -0.0726 -0.8224 -0.5643
vn 0.0106 -0.9754 -0.2203
vn -0.4744 -0.6859 0.5518
vn -0.1758 -0.8092 0.5606
vn -0.3945 -0.5698 0.7209
vn -0.4872 -0.7966 0.3578
vn -0.5309 -0.8453 -0.0596
vn -0.2420 -0.9701 -0.0210
vn -0.5336 -0.8454 -0.0238
vn -0.5211 -0.8533 0.0163
vn -0.2044 -0.7100 -0.6739
vn -0.1523 -0.1810 -0.9716
vn 0.6394 -0.1508 -0.7540
vn 0.5827 -0.6176 -0.5283
vn -0.2143 -0.5614 0.7993
vn -0.3440 -0.4933 0.7989
vn -0.1219 -0.4120 0.9030
vn -0.0853 -0.3173 0.9445
vn -0.2123 -0.9670 0.1408
vn -0.5153 -0.8558 0.0458
vn -0.4332 -0.3821 -0.8163
vn -0.4198 -0.2785 -0.8638
vn 0.5821 -0.6812 0.4440
vn 0.6248 -0.7804 -0.0250
vn 0.9783 -0.1798 0.1030
vn 0.6530 -0.3188 0.6869
vn -0.5432 -0.8322 -0.1111
vn -0.5629 -0.7917 -0.2375
vn -0.2258 -0.9468 -0.2292
vn -0.4967 -0.8499 0.1760
vn -0.4138 -0.1302 -0.9010
vn -0.5490 -0.7605 -0.3468
vn -0.4095 -0.5950 0.6916
vn -0.5501 -0.6967 -0.4604
vn -0.5258 -0.5494 -0.6493
vn 0.3230 -0.7643 0.5582
vn 0.2420 -0.7523 -0.6128
vn 0.7362 -0.5058 -0.4497
vn 0.7559 -0.5142 0.4054
vn 0.9876 -0.0545 0.1473
vn 0.6376 -0.2129 0.7403
vn -0.3925 -0.4079 0.8243
vn -0.3559 -0.4966 0.7916
vn 0.5016 -0.4560 -0.7351
vn 0.2646 -0.0254 -0.9640
vn 0.6372 0.1530 -0.7554
vn 0.7070 0.0061 -0.7072
vn 0.9869 -0.0210 -0.1599
vn 0.9798 -0.1619 -0.1176
vn 0.3333 -0.9423 -0.0327
vn 0.2236 -0.9747 0.0020
vn 0.2238 -0.9745 -0.0127
vn -0.0000 -1.0000 -0.0000
vn 0.5134 -0.7398 0.4348
vn -0.0000 -0.6152 0.7883
vn -0.0000 -0.8912 0.4536
vn 0.3893 -0.8576 0.3361
vn 0.3026 -0.9425 0.1418
vn 0.4106 -0.8945 -0.1771
vn -0.0000 -0.9665 -0.2566
vn -0.0000 -0.9699 -0.2434
vn 0.5668 -0.8002 -0.1958
vn 0.6061 -0.4455 0.6590
vn -0.1262 -0.0126 -0.9919
vn -0.3747 -0.0620 -0.9251
vn 0.2533 -0.9557 -0.1498
vn 0.8311 0.4143 0.3709
vn 0.4436 -0.0815 0.8925
vn 0.7456 0.0847 0.6609
vn 0.8655 0.1834 0.4662
vn -0.0000 -0.9942 -0.1078
vn -0.1087 -0.9863 -0.1238
vn -0.3998 -0.8707 -0.2866
vn 0.2063 -0.9776 0.0416
vn 0.3892 -0.8407 -0.3765
vn 0.2040 -0.9363 -0.2859
vn 0.5877 -0.7710 -0.2451
vn 0.3751 -0.7707 -0.5151
vn 0.4900 -0.5073 -0.7089
vn 0.7923 -0.4914 -0.3615
vn 0.8691 -0.4502 -0.2047
vn -0.3396 -0.9406 -0.0056
vn -0.0301 -0.9954 -0.0913
vn -0.3672 -0.8759 -0.3131
vn -0.6379 -0.7701 -0.0036
vn 0.0385 -0.9993 0.0005
vn 0.0135 -0.9999 -0.0020
vn 0.2621 -0.6987 -0.6657
vn 0.4227 -0.5685 -0.7058
vn -0.3146 -0.8616 -0.3984
vn 0.3228 -0.8595 -0.3963
vn 0.4347 -0.8813 -0.1853
vn -0.4250 -0.8854 -0.1884
vn -0.3126 -0.9278 -0.2039
vn 0.2753 -0.9077 -0.3167
vn 0.2918 -0.9408 -0.1725
vn -0.4480 -0.8923 0.0556
vn -0.0000 -0.8506 -0.5258
vn -0.0000 -0.4482 -0.8939
vn 0.7905 0.4986 -0.3557
vn 0.8067 0.2459 -0.5374
vn 0.8542 0.3464 0.3878
vn -0.1192 -0.6880 -0.7159
vn 0.8255 0.3438 -0.4476
vn 0.9997 -0.0236 -0.0075
vn 0.9997 -0.0210 -0.0099
vn 0.9998 -0.0189 -0.0077
vn 0.9998 -0.0166 -0.0054
vn 0.9998 -0.0191 -0.0029
vn 0.9998 -0.0214 -0.0005
vn 0.9997 -0.0238 -0.0027
vn 0.9996 -0.0262 -0.0050
vn -0.0497 -0.0006 -0.9988
vn -0.0138 0.7112 -0.7029
vn -0.0148 0.6984 -0.7156
vn -0.0498 -0.0045 -0.9987
vn 0.0561 0.7038 0.7082
vn 0.0498 0.0045 0.9987
vn 0.0497 0.0006 0.9988
vn 0.0560 0.7126 0.6993
vn 0.0301 0.9995 0.0071
vn 0.0290 0.9995 -0.0146
vn -0.0290 -0.9995 0.0146
vn -0.0560 -0.7126 -0.6993
vn -0.0561 -0.7038 -0.7082
vn -0.0301 -0.9995 -0.0071
vn 0.0148 -0.6984 0.7156
vn 0.0138 -0.7112 0.7029
vn -0.1096 -0.9863 0.1237
vn 0.0437 -0.8087 0.5866
vn 0.0440 -0.8079 -0.5877
vn -0.0000 -0.2235 -0.9747
vn 0.0054 -0.2400 -0.9708
vn 0.0302 -0.7878 -0.6152
vn -0.0000 -0.7874 -0.6164
vn 0.0241 -0.7860 0.6177
vn -0.0000 -0.7877 0.6161
vn 0.4431 -0.7180 0.5368
vn 0.0005 -0.6936 0.7203
vn 0.0006 -0.9235 0.3836
vn 0.4866 -0.8231 0.2928
vn 0.4364 -0.7366 0.5166
vn 0.3910 -0.8585 0.3316
vn -0.4932 -0.7141 0.4969
vn -0.4171 -0.8562 0.3049
vn 0.3933 -0.8225 -0.4109
vn 0.3860 -0.8225 0.4178
vn 0.3045 -0.8981 0.3175
vn 0.3094 -0.8990 -0.3100
vn 0.0003 -0.4302 -0.9027
vn 0.5793 -0.5554 -0.5966
vn 0.4671 -0.7729 -0.4296
vn 0.0006 -0.8537 -0.5207
vn 0.3898 -0.9193 0.0546
vn 0.2162 -0.9286 0.3015
vn 0.2362 -0.9539 0.1850
vn 0.2876 -0.9574 0.0250
vn -0.3350 -0.6768 0.6556
vn -0.5786 -0.5561 -0.5966
vn -0.4661 -0.7735 -0.4296
vn -0.4855 -0.8238 0.2928
vn -0.4422 -0.7185 0.5368
vn 0.1351 -0.6484 0.7492
vn 0.2643 -0.9229 0.2801
vn 0.1718 -0.9533 0.2484
vn 0.2135 -0.9543 -0.2090
vn 0.0119 -0.6785 -0.7345
vn 0.0137 -0.9195 -0.3929
vn 0.0104 -0.3054 -0.9522
vn -0.0000 -0.9157 0.4019
vn 0.0100 -0.3076 0.9515
vn -0.3342 -0.6777 -0.6550
vn -0.6434 -0.7502 -0.1524
vn 0.4577 -0.2679 -0.8478
vn 0.9371 -0.1814 -0.2983
vn 0.9107 -0.3102 -0.2728
vn 0.4406 -0.4198 -0.7935
vn 0.5931 -0.7959 -0.1218
vn 0.2883 -0.8351 -0.4684
vn -0.0076 -0.9204 0.3909
vn -0.0141 -0.6871 0.7264
vn 0.0008 -0.6950 0.7190
vn 0.0004 -0.9206 0.3905
vn -0.0000 -0.6963 0.7177
vn -0.0000 -0.9210 0.3896
vn -0.0000 -0.5350 -0.8448
vn 0.0068 -0.5509 -0.8345
vn 0.0175 -0.8825 -0.4700
vn -0.0000 -0.8763 -0.4817
vn 0.0070 -0.5489 0.8359
vn -0.0000 -0.5301 0.8479
vn -0.0000 -0.8750 0.4841
vn 0.0224 -0.8844 0.4661
vn 0.3800 -0.8385 0.3906
vn 0.0224 -0.6452 0.7637
vn 0.0452 -0.9028 0.4277
vn 0.2849 -0.9082 0.3065
vn 0.0462 -0.8970 -0.4396
vn 0.2877 -0.9056 -0.3116
vn -0.1440 -0.9799 0.1380
vn -0.0091 -1.0000 -0.0006
vn 0.0153 -0.9999 -0.0029
vn -0.4033 -0.3045 -0.8629
vn -0.4001 -0.4174 -0.8159
vn -0.0085 -1.0000 -0.0010
vn -0.0035 -1.0000 -0.0004
vn 0.0177 -0.7350 -0.6778
vn -0.0000 -0.7396 -0.6731
vn -0.0000 -0.0781 -0.9969
vn 0.0011 -0.0824 -0.9966
vn 0.0253 -0.7416 -0.6704
vn 0.0017 -0.0939 -0.9956
vn 0.0008 -0.2012 0.9796
vn -0.0000 -0.0781 0.9969
vn -0.0000 -0.7395 0.6732
vn 0.0177 -0.7349 0.6779
vn 0.0011 -0.3737 0.9276
vn 0.0253 -0.7415 0.6705
vn -0.1915 -0.9605 -0.2017
vn -0.1850 -0.9205 0.3442
vn -0.5383 -0.3822 -0.7511
vn -0.3247 -0.2571 0.9102
vn -0.5689 -0.7064 0.4210
vn -0.4675 -0.7904 -0.3959
vn 0.0289 -0.9996 -0.0017
vn -0.0585 -0.9695 0.2378
vn 0.9023 -0.3167 0.2926
vn 0.5919 -0.7952 0.1317
vn 0.4209 -0.4205 0.8038
vn 0.2705 -0.8380 0.4739
vn 0.9286 -0.1863 0.3209
vn -0.0021 -0.5862 0.8102
vn -0.0018 -0.6588 0.7523
vn -0.5640 -0.5017 0.6559
vn -0.5598 -0.4809 0.6748
vn 0.1883 -0.5009 -0.8448
vn 0.0044 -0.5210 -0.8535
vn -0.5577 -0.7002 -0.4458
vn 0.0219 -0.9586 -0.2841
vn -0.6752 -0.6469 0.3544
vn 0.0328 -0.9995 0.0005
vn 0.3751 -0.8849 0.2760
vn -0.1669 -0.9415 0.2929
vn -0.2441 -0.9538 0.1753
vn 0.3175 -0.9377 0.1409
vn -0.0074 -0.6568 -0.7540
vn -0.0479 -0.6208 -0.7825
vn -0.4376 -0.4960 -0.7500
vn 0.0603 -0.6609 -0.7481
vn -0.0000 -0.8957 0.4447
vn -0.0000 -0.6257 0.7801
vn -0.5269 -0.3915 0.7544
vn -0.5006 -0.7828 0.3697
vn -0.0541 -0.5721 -0.8184
vn -0.4227 -0.4991 -0.7564
vn -0.3338 -0.8607 0.3843
vn -0.1062 -0.9302 0.3514
vn -0.0338 -0.5427 0.8392
vn -0.0000 -0.6949 -0.7191
vn -0.1005 -0.9502 -0.2948
vn -0.0000 -0.9766 -0.2150
vn -0.0000 -0.9023 0.4311
vn -0.0000 -0.9750 0.2223
vn 0.0285 -0.6376 -0.7699
vn 0.3871 -0.8345 -0.3921
vn -0.0033 -1.0000 0.0021
vn -0.0019 -1.0000 -0.0013
vn 0.4384 -0.2675 0.8581
vn -0.5798 -0.2762 0.7665
vn -0.0329 -0.6846 0.7282
vn -0.0662 -0.8416 0.5360
vn 0.3282 -0.9445 0.0166
vn 0.0482 -0.9988 0.0051
vn 0.0244 -0.9988 0.0423
vn -0.0000 -0.9999 0.0110
vn -0.0000 -0.9771 -0.2127
vn 0.2293 -0.9618 -0.1495
vn 0.1968 -0.9411 -0.2748
vn -0.0000 -0.9051 -0.4251
vn -0.0002 -0.9196 0.3930
vn -0.3002 -0.9146 0.2710
vn -0.2659 -0.8957 -0.3563
vn -0.3831 -0.8604 0.3360
vn -0.3603 -0.8027 -0.4753
vn -0.0010 -0.6768 0.7362
vn -0.2501 -0.9523 -0.1746
vn 0.3156 -0.9383 -0.1413
vn -0.1611 -0.9401 -0.3005
vn 0.3680 -0.8883 -0.2749
vn -0.0000 -0.9652 0.2614
vn -0.0000 -0.9607 -0.2775
vn -0.0000 -0.8235 0.5674
vn 0.2236 -0.9555 0.1924
vn -0.4009 -0.8963 0.1893
vn -0.4491 -0.8799 0.1554
vn 0.1553 -0.9418 0.2982
vn -0.7741 -0.4921 0.3982
vn -0.3844 -0.8396 0.3839
vn -0.0589 -0.8510 0.5219
vn -0.1256 -0.9632 0.2375
vn -0.0003 -1.0000 -0.0000
vn -0.0025 -0.9999 0.0157
vn -0.1096 -0.9885 0.1041
vn -0.0729 -0.9782 0.1944
vn -0.0018 -1.0000 0.0005
vn -0.0012 -1.0000 0.0004
vn -0.0171 -0.9981 -0.0600
vn -0.0011 -0.9999 -0.0127
vn -0.0062 -0.9999 0.0151
vn 0.0726 -0.8224 -0.5643
vn -0.0106 -0.9754 -0.2203
vn 0.4744 -0.6859 0.5518
vn 0.3945 -0.5698 0.7209
vn 0.1758 -0.8092 0.5606
vn 0.4872 -0.7966 0.3578
vn 0.5309 -0.8453 -0.0596
vn 0.5336 -0.8454 -0.0238
vn 0.2420 -0.9701 -0.0210
vn 0.5211 -0.8533 0.0163
vn 0.2044 -0.7100 -0.6739
vn -0.5827 -0.6176 -0.5283
vn -0.6394 -0.1508 -0.7540
vn 0.1523 -0.1810 -0.9716
vn 0.2143 -0.5614 0.7993
vn 0.0853 -0.3173 0.9445
vn 0.1219 -0.4120 0.9030
vn 0.3440 -0.4933 0.7989
vn 0.5153 -0.8558 0.0458
vn 0.2123 -0.9670 0.1408
vn 0.4332 -0.3821 -0.8163
vn 0.4198 -0.2785 -0.8638
vn -0.5821 -0.6812 0.4440
vn -0.6530 -0.3188 0.6869
vn -0.9783 -0.1798 0.1030
vn -0.6248 -0.7804 -0.0250
vn 0.5432 -0.8322 -0.1111
vn 0.2258 -0.9468 -0.2292
vn 0.5629 -0.7917 -0.2375
vn 0.4967 -0.8499 0.1760
vn 0.4138 -0.1302 -0.9010
vn 0.5490 -0.7605 -0.3468
vn 0.4095 -0.5950 0.6916
vn 0.5501 -0.6967 -0.4604
vn 0.5258 -0.5494 -0.6493
vn -0.3230 -0.7643 0.5582
vn -0.7559 -0.5142 0.4054
vn -0.7362 -0.5058 -0.4497
vn -0.2420 -0.7523 -0.6128
vn -0.9876 -0.0545 0.1473
vn -0.6376 -0.2129 0.7403
vn 0.3925 -0.4079 0.8243
vn 0.3559 -0.4966 0.7916
vn -0.5016 -0.4560 -0.7351
vn -0.6372 0.1530 -0.7554
vn -0.2646 -0.0254 -0.9640
vn -0.7070 0.0061 -0.7072
vn -0.9798 -0.1619 -0.1176
vn -0.9869 -0.0210 -0.1599
vn -0.3333 -0.9423 -0.0327
vn -0.2238 -0.9745 -0.0127
vn -0.2236 -0.9747 0.0020
vn -0.5134 -0.7398 0.4348
vn -0.3893 -0.8576 0.3361
vn -0.3026 -0.9425 0.1418
vn -0.4106 -0.8945 -0.1771
vn -0.5668 -0.8002 -0.1958
vn -0.6061 -0.4455 0.6590
vn 0.1262 -0.0126 -0.9919
vn 0.3747 -0.0620 -0.9251
vn -0.2533 -0.9557 -0.1498
vn -0.8311 0.4143 0.3709
vn -0.8655 0.1834 0.4662
vn -0.7456 0.0847 0.6609
vn -0.4436 -0.0815 0.8925
vn 0.3998 -0.8707 -0.2866
vn 0.1087 -0.9863 -0.1238
vn -0.2063 -0.9776 0.0416
vn -0.2040 -0.9363 -0.2859
vn -0.3892 -0.8407 -0.3765
vn -0.5877 -0.7710 -0.2451
vn -0.3751 -0.7707 -0.5151
vn -0.7923 -0.4914 -0.3615
vn -0.4900 -0.5073 -0.7089
vn -0.8691 -0.4502 -0.2047
vn 0.3396 -0.9406 -0.0056
vn 0.6379 -0.7701 -0.0036
vn 0.3672 -0.8759 -0.3131
vn 0.0301 -0.9954 -0.0913
vn -0.0385 -0.9993 0.0005
vn -0.0135 -0.9999 -0.0020
vn -0.2621 -0.6987 -0.6657
vn -0.4227 -0.5685 -0.7058
vn 0.3146 -0.8616 -0.3984
vn 0.4250 -0.8854 -0.1884
vn -0.4347 -0.8813 -0.1853
vn -0.3228 -0.8595 -0.3963
vn 0.3126 -0.9278 -0.2039
vn 0.4480 -0.8923 0.0556
vn -0.2918 -0.9408 -0.1725
vn -0.2753 -0.9077 -0.3167
vn -0.7905 0.4986 -0.3557
vn -0.8067 0.2459 -0.5374
vn -0.8542 0.3464 0.3878
vn 0.1192 -0.6880 -0.7159
vn -0.8255 0.3438 -0.4476
vn -0.9998 -0.0189 -0.0077
vn -0.9997 -0.0210 -0.0099
vn -0.9997 -0.0236 -0.0075
vn -0.9998 -0.0191 -0.0029
vn -0.9998 -0.0166 -0.0054
vn -0.9997 -0.0238 -0.0027
vn -0.9998 -0.0214 -0.0005
vn -0.9996 -0.0262 -0.0050
vn 0.0497 -0.0006 -0.9988
vn 0.0498 -0.0045 -0.9987
vn 0.0148 0.6984 -0.7156
vn 0.0138 0.7112 -0.7029
vn -0.0561 0.7038 0.7082
vn -0.0560 0.7126 0.6993
vn -0.0497 0.0006 0.9988
vn -0.0498 0.0045 0.9987
vn -0.0301 0.9995 0.0071
vn -0.0290 0.9995 -0.0146
vn 0.0290 -0.9995 0.0146
vn 0.0301 -0.9995 -0.0071
vn 0.0561 -0.7038 -0.7082
vn 0.0560 -0.7126 -0.6993
vn -0.0138 -0.7112 0.7029
vn -0.0148 -0.6984 0.7156
vn 0.1096 -0.9863 0.1237
vn -0.0440 -0.8079 -0.5877
vn -0.0437 -0.8087 0.5866
vn -0.0302 -0.7878 -0.6152
vn -0.0054 -0.2400 -0.9708
vn -0.0241 -0.7860 0.6177
vn -0.4431 -0.7180 0.5368
vn -0.4866 -0.8231 0.2928
vn -0.0006 -0.9235 0.3836
vn -0.0005 -0.6936 0.7203
vn -0.3910 -0.8585 0.3316
vn -0.4364 -0.7366 0.5166
vn 0.4932 -0.7141 0.4969
vn 0.4171 -0.8562 0.3049
vn -0.3933 -0.8225 -0.4109
vn -0.3094 -0.8990 -0.3100
vn -0.3045 -0.8981 0.3175
vn -0.3860 -0.8225 0.4178
vn -0.0003 -0.4302 -0.9027
vn -0.0006 -0.8537 -0.5207
vn -0.4671 -0.7729 -0.4296
vn -0.5793 -0.5554 -0.5966
vn -0.3898 -0.9193 0.0546
vn -0.2876 -0.9574 0.0250
vn -0.2362 -0.9539 0.1850
vn -0.2162 -0.9286 0.3015
vn 0.3350 -0.6768 0.6556
vn 0.5786 -0.5561 -0.5966
vn 0.4661 -0.7735 -0.4296
vn 0.4855 -0.8238 0.2928
vn 0.4422 -0.7185 0.5368
vn -0.1351 -0.6484 0.7492
vn -0.2135 -0.9543 -0.2090
vn -0.1718 -0.9533 0.2484
vn -0.2643 -0.9229 0.2801
vn -0.0119 -0.6785 -0.7345
vn -0.0137 -0.9195 -0.3929
vn -0.0104 -0.3054 -0.9522
vn -0.0100 -0.3076 0.9515
vn 0.3342 -0.6777 -0.6550
vn 0.6434 -0.7502 -0.1524
vn -0.4577 -0.2679 -0.8478
vn -0.4406 -0.4198 -0.7935
vn -0.9107 -0.3102 -0.2728
vn -0.9371 -0.1814 -0.2983
vn -0.2883 -0.8351 -0.4684
vn -0.5931 -0.7959 -0.1218
vn 0.0076 -0.9204 0.3909
vn -0.0004 -0.9206 0.3905
vn -0.0008 -0.6950 0.7190
vn 0.0141 -0.6871 0.7264
vn -0.0175 -0.8825 -0.4700
vn -0.0068 -0.5509 -0.8345
vn -0.0070 -0.5489 0.8359
vn -0.0224 -0.8844 0.4661
vn -0.3800 -0.8385 0.3906
vn -0.2849 -0.9082 0.3065
vn -0.0452 -0.9028 0.4277
vn -0.0224 -0.6452 0.7637
vn -0.2877 -0.9056 -0.3116
vn -0.0462 -0.8970 -0.4396
vn 0.1440 -0.9799 0.1380
vn -0.0153 -0.9999 -0.0029
vn 0.0091 -1.0000 -0.0006
vn 0.4033 -0.3045 -0.8629
vn 0.4001 -0.4174 -0.8159
vn 0.0085 -1.0000 -0.0010
vn 0.0035 -1.0000 -0.0004
vn -0.0177 -0.7350 -0.6778
vn -0.0011 -0.0824 -0.9966
vn -0.0253 -0.7416 -0.6704
vn -0.0017 -0.0939 -0.9956
vn -0.0008 -0.2012 0.9796
vn -0.0177 -0.7349 0.6779
vn -0.0011 -0.3737 0.9276
vn -0.0253 -0.7415 0.6705
vn 0.1850 -0.9205 0.3442
vn 0.1915 -0.9605 -0.2017
vn 0.5383 -0.3822 -0.7511
vn 0.3247 -0.2571 0.9102
vn 0.5689 -0.7064 0.4210
vn 0.4675 -0.7904 -0.3959
vn -0.0289 -0.9996 -0.0017
vn 0.0585 -0.9695 0.2378
vn -0.5919 -0.7952 0.1317
vn -0.9023 -0.3167 0.2926
vn -0.2705 -0.8380 0.4739
vn -0.4209 -0.4205 0.8038
vn -0.9286 -0.1863 0.3209
vn 0.0021 -0.5862 0.8102
vn 0.5598 -0.4809 0.6748
vn 0.5640 -0.5017 0.6559
vn 0.0018 -0.6588 0.7523
vn -0.1883 -0.5009 -0.8448
vn 0.5577 -0.7002 -0.4458
vn -0.0044 -0.5210 -0.8535
vn -0.0219 -0.9586 -0.2841
vn -0.0328 -0.9995 0.0005
vn 0.6752 -0.6469 0.3544
vn -0.3751 -0.8849 0.2760
vn -0.3175 -0.9377 0.1409
vn 0.2441 -0.9538 0.1753
vn 0.1669 -0.9415 0.2929
vn 0.0074 -0.6568 -0.7540
vn 0.4376 -0.4960 -0.7500
vn 0.0479 -0.6208 -0.7825
vn -0.0603 -0.6609 -0.7481
vn 0.5006 -0.7828 0.3697
vn 0.5269 -0.3915 0.7544
vn 0.4227 -0.4991 -0.7564
vn 0.0541 -0.5721 -0.8184
vn 0.3338 -0.8607 0.3843
vn 0.1062 -0.9302 0.3514
vn 0.0338 -0.5427 0.8392
vn 0.1005 -0.9502 -0.2948
vn -0.0285 -0.6376 -0.7699
vn -0.3871 -0.8345 -0.3921
vn 0.0033 -1.0000 0.0021
vn 0.0019 -1.0000 -0.0013
vn -0.4384 -0.2675 0.8581
vn 0.5798 -0.2762 0.7665
vn 0.0329 -0.6846 0.7282
vn 0.0662 -0.8416 0.5360
vn -0.3282 -0.9445 0.0166
vn -0.0244 -0.9988 0.0423
vn -0.0482 -0.9988 0.0051
vn -0.2293 -0.9618 -0.1495
vn -0.1968 -0.9411 -0.2748
vn 0.0002 -0.9196 0.3930
vn 0.2659 -0.8957 -0.3563
vn 0.3002 -0.9146 0.2710
vn 0.3831 -0.8604 0.3360
vn 0.3603 -0.8027 -0.4753
vn 0.0010 -0.6768 0.7362
vn -0.3156 -0.9383 -0.1413
vn 0.2501 -0.9523 -0.1746
vn 0.1611 -0.9401 -0.3005
vn -0.3680 -0.8883 -0.2749
vn 0.4491 -0.8799 0.1554
vn 0.4009 -0.8963 0.1893
vn -0.2236 -0.9555 0.1924
vn -0.1553 -0.9418 0.2982
vn 0.7741 -0.4921 0.3982
vn 0.3844 -0.8396 0.3839
vn 0.4233 -0.7293 0.5376
vn 0.6773 -0.4362 0.5924
vn 0.4233 -0.7293 -0.5376
vn 0.6773 -0.4362 -0.5924
vn -0.4389 -0.3438 -0.8302
vn 0.7676 0.0923 -0.6342
vn 0.7194 -0.0146 -0.6944
vn -0.0000 -0.7604 -0.6495
vn -0.4254 -0.7232 -0.5441
vn 0.7194 -0.0146 0.6944
vn 1.0000 -0.0000 -0.0000
vn 0.7676 0.0923 0.6342
vn -0.0000 -0.7604 0.6495
vn -0.8939 -0.4482 -0.0133
vn -0.8982 -0.4388 -0.0268
vn -0.8631 0.2817 -0.4192
vn -0.5629 0.1837 -0.8059
vn -0.5634 -0.1822 -0.8059
vn -0.8638 -0.2794 -0.4192
vn 0.5889 0.8082 -0.0000
vn 0.9515 0.3077 -0.0000
vn 0.8638 0.2794 -0.4192
vn 0.5346 0.7338 -0.4192
vn 0.9506 -0.3103 -0.0000
vn 0.8631 -0.2817 -0.4192
vn 0.5867 -0.8098 -0.0000
vn 0.5327 -0.7352 -0.4192
vn -0.0013 -1.0000 -0.0000
vn -0.0012 -0.9079 -0.4192
vn -0.5889 -0.8082 -0.0000
vn -0.5346 -0.7338 -0.4192
vn -0.9515 -0.3077 -0.0000
vn -0.9506 0.3103 -0.0000
vn -0.5867 0.8098 -0.0000
vn -0.5327 0.7352 -0.4192
vn 0.0013 1.0000 -0.0000
vn 0.0012 0.9079 -0.4192
vn 0.0008 0.5921 -0.8059
vn 0.3487 0.4786 -0.8059
vn 0.5634 0.1822 -0.8059
vn 0.5629 -0.1837 -0.8059
vn 0.3474 -0.4795 -0.8059
vn -0.0008 -0.5921 -0.8059
vn -0.3487 -0.4786 -0.8059
vn -0.3474 0.4795 -0.8059
vn -0.5492 0.7468 -0.3750
vn -0.3744 0.5076 -0.7760
vn -0.5950 0.1851 -0.7821
vn -0.8827 0.2854 -0.3735
vn 0.0008 0.6285 -0.7778
vn 0.0012 0.9287 -0.3708
vn 0.3755 0.5067 -0.7761
vn 0.5510 0.7456 -0.3748
vn 0.5956 0.1840 -0.7819
vn 0.8834 0.2831 -0.3733
vn 0.5951 -0.1856 -0.7819
vn 0.8827 -0.2855 -0.3733
vn 0.5490 -0.7471 -0.3748
vn 0.3741 -0.5077 -0.7761
vn -0.0008 -0.6285 -0.7778
vn -0.0012 -0.9287 -0.3708
vn -0.3757 -0.5066 -0.7760
vn -0.5512 -0.7453 -0.3750
vn -0.5955 -0.1835 -0.7821
vn -0.8834 -0.2830 -0.3735
vn 0.3487 0.4785 -0.8059
vn -0.6653 0.6353 -0.3921
vn -0.8092 -0.1436 -0.5697
vn -0.3405 -0.0501 -0.9389
vn -0.3357 0.6289 -0.7012
vn -0.9832 -0.1528 0.0999
vn -0.6754 -0.7309 0.0979
vn -0.4674 -0.8057 -0.3638
vn 0.5306 -0.8476 -0.0077
vn 0.4999 -0.5790 -0.6442
vn 0.2593 -0.6614 -0.7038
vn 0.1758 -0.9828 -0.0564
vn 0.2781 -0.9573 0.0790
vn 0.1527 -0.9835 0.0970
vn -0.1900 -0.6883 -0.7001
vn 0.3790 -0.5335 0.7561
vn 0.7263 -0.4927 0.4794
vn 0.2397 0.6387 0.7311
vn 0.3829 0.0812 0.9202
vn 0.7839 0.1201 0.6092
vn 0.5680 0.6669 0.4823
vn 0.8768 -0.4760 0.0685
vn 0.9868 0.1471 0.0684
vn 0.6922 0.7200 -0.0490
vn -0.0106 0.9992 0.0375
vn -0.0466 0.9943 0.0957
vn 0.7140 0.6966 0.0699
vn -0.7530 -0.1095 0.6489
vn -0.5091 0.7198 0.4719
vn 0.2477 0.7334 0.6330
vn 0.2891 0.0421 0.9564
vn 0.2151 -0.9722 0.0925
vn -0.2830 -0.8350 0.4719
vn 0.4461 -0.6331 0.6326
vn 0.0451 0.9953 0.0858
vn 0.1971 0.0226 -0.9801
vn 0.7516 0.1036 -0.6514
vn 0.6716 -0.5799 -0.4611
vn 0.2588 -0.9648 0.0471
vn -0.8584 0.5038 0.0961
vn 0.9850 0.1380 -0.1036
vn 0.8582 -0.5113 -0.0449
vn 0.4898 0.7336 -0.4711
vn -0.0593 0.9924 0.1081
vn 0.0653 0.6933 -0.7176
vn 0.4076 0.0530 -0.9116
vn 0.3263 0.6784 -0.6582
vn -0.1056 0.9916 -0.0748
vn 0.2727 0.9619 -0.0205
vn 0.6886 0.1002 0.7182
vn 0.7617 -0.4024 0.5079
vn 0.6923 0.0933 -0.7155
vn 0.6306 0.5838 -0.5114
vn 0.7607 -0.4017 -0.5100
vn 0.5846 0.8113 0.0020
vn 0.6156 0.6019 0.5087
vn 0.7916 -0.6110 -0.0005
vn -0.3067 0.8599 -0.4081
vn 0.3554 0.9201 -0.1645
vn 0.3067 0.8599 -0.4081
vn -0.8710 -0.3652 -0.3287
vn -0.8710 0.4634 -0.1634
vn -0.8231 0.3796 -0.4224
vn -0.8231 -0.1884 -0.5357
vn 0.0186 -0.7811 -0.6241
vn 0.6047 -0.6307 -0.4863
vn 0.5447 -0.5000 0.6733
vn -0.0237 -0.6057 0.7954
vn 0.8231 -0.1884 -0.5357
vn 0.8710 -0.3652 -0.3287
vn 0.3554 -0.7866 -0.5050
vn 0.3067 -0.6374 -0.7068
vn 0.2992 -0.0779 -0.9510
vn -0.2992 -0.0779 -0.9510
vn -0.3067 -0.6374 -0.7068
vn -0.2992 0.4368 -0.8483
vn 0.2992 0.4368 -0.8483
vn 0.8231 0.3796 -0.4224
vn -0.3554 -0.7866 -0.5050
vn -0.3554 0.9201 -0.1645
vn 0.8710 0.4634 -0.1634
vn 0.7218 0.4692 0.5088
vn 0.9414 0.2464 0.2304
vn 0.9747 -0.1159 0.1912
vn 0.7530 -0.3136 0.5785
vn 0.5781 0.6408 0.5052
vn -0.0181 0.7957 0.6054
vn 0.0233 0.6243 -0.7808
vn 0.5855 0.5145 -0.6265
vn 0.9571 -0.2330 -0.1724
vn 0.9825 0.1254 -0.1381
vn 0.7828 0.3294 -0.5279
vn 0.7539 -0.4572 -0.4718
vn 0.8271 0.5614 0.0261
vn 0.8287 -0.5591 0.0233
vn 0.0012 0.8842 -0.4670
vn -0.5188 0.7161 -0.4670
vn -0.5799 0.8004 -0.1523
vn 0.0013 0.9883 -0.1523
vn -0.8406 0.2744 -0.4670
vn -0.9395 0.3067 -0.1523
vn -0.8413 -0.2721 -0.4670
vn -0.9404 -0.3041 -0.1523
vn -0.5207 -0.7147 -0.4670
vn -0.5820 -0.7988 -0.1523
vn 0.5798 -0.8004 -0.1523
vn 0.5188 -0.7161 -0.4670
vn 0.8406 -0.2744 -0.4670
vn 0.9395 -0.3067 -0.1523
vn -0.0012 -0.8842 -0.4670
vn -0.0013 -0.9883 -0.1523
vn 0.8413 0.2721 -0.4670
vn 0.9404 0.3041 -0.1523
vn 0.5207 0.7147 -0.4670
vn 0.5820 0.7988 -0.1523
vn 0.2321 0.3185 -0.9191
vn 0.3750 0.1213 -0.9191
vn -0.0005 -0.3941 -0.9191
vn 0.2312 -0.3191 -0.9191
vn -0.2321 -0.3185 -0.9191
vn -0.3750 -0.1213 -0.9191
vn -0.3746 0.1223 -0.9191
vn -0.2312 0.3191 -0.9191
vn 0.0005 0.3941 -0.9191
vn 0.3167 0.8442 -0.4325
vn -0.3167 0.8442 -0.4325
vn -0.3998 0.9049 -0.1460
vn 0.3998 0.9049 -0.1460
vn 0.3746 -0.1223 -0.9191
vn 0.8265 -0.3252 -0.4595
vn 0.3019 -0.3166 -0.8992
vn 0.3019 0.3166 -0.8992
vn 0.8265 0.3252 -0.4595
vn -0.3998 -0.9049 -0.1460
vn -0.3167 -0.8442 -0.4325
vn 0.3167 -0.8442 -0.4325
vn 0.3998 -0.9049 -0.1460
vn -0.9063 0.3832 -0.1784
vn -0.8265 0.3252 -0.4595
vn -0.8265 -0.3252 -0.4595
vn -0.9063 -0.3832 -0.1784
vn -0.3019 -0.3166 -0.8992
vn -0.3019 0.3166 -0.8992
vn 0.9063 0.3832 -0.1784
vn 0.9063 -0.3832 -0.1784
vn -0.6233 -0.5935 0.5092
vn -0.6233 -0.5935 -0.5092
vn -0.1509 -0.6566 0.7390
vn -0.1601 0.6544 0.7390
vn -0.6316 0.5846 0.5092
vn -0.1601 0.6544 -0.7390
vn -0.6316 0.5846 -0.5092
vn -0.1509 -0.6566 -0.7390
vn 0.0351 0.8616 0.5064
vn -0.4744 0.7996 0.3682
vn -0.5565 0.5426 0.6293
vn -0.0837 0.5066 0.8581
vn -0.9459 -0.1909 0.2624
vn -0.9444 -0.1866 -0.2706
vn -0.9671 -0.2544 -0.0047
vn -0.4433 0.8963 0.0064
vn 0.0808 0.9967 0.0089
vn 0.0380 0.8702 -0.4912
vn -0.4724 0.8058 -0.3571
vn -0.0788 0.5212 -0.8498
vn -0.5531 0.5532 -0.6229
vn -0.2328 0.0537 -0.9710
vn -0.6623 0.2083 -0.7197
vn -0.3804 -0.4026 -0.8326
vn -0.7700 -0.1352 -0.6235
vn -0.4851 -0.7307 -0.4804
vn -0.8482 -0.3863 -0.3624
vn -0.5236 -0.8519 -0.0084
vn -0.8772 -0.4800 -0.0063
vn -0.8501 -0.3923 0.3514
vn -0.4876 -0.7385 0.4657
vn -0.7733 -0.1457 0.6171
vn -0.3848 -0.4164 0.8237
vn -0.6661 0.1961 0.7196
vn -0.2381 0.0373 0.9705
vn -0.9241 0.3589 0.1316
vn -0.9079 0.4120 0.0766
vn -0.9075 0.4133 -0.0743
vn -0.9234 0.3611 -0.1303
vn -0.9453 0.2889 -0.1516
vn -0.9674 0.2160 -0.1324
vn -0.9838 0.1620 -0.0774
vn -0.9899 0.1416 -0.0014
vn -0.9842 0.1607 0.0750
vn -0.9681 0.2137 0.1311
vn -0.9460 0.2864 0.1517
vn -0.6456 0.7086 0.2849
vn -0.2416 0.8606 0.4482
vn -0.1984 0.9801 0.0079
vn -0.6203 0.7844 0.0050
vn -0.3545 0.5480 0.7577
vn -0.7123 0.5091 0.4833
vn -0.5025 0.1374 0.8536
vn -0.8004 0.2449 0.5471
vn -0.6438 -0.2556 0.7213
vn -0.8856 -0.0102 0.4643
vn -0.7429 -0.5320 0.4063
vn -0.7776 -0.6287 -0.0073
vn -0.7405 -0.5253 -0.4191
vn -0.8830 -0.0025 -0.4693
vn -0.6395 -0.2438 -0.7291
vn -0.7974 0.2541 -0.5474
vn -0.4973 0.1517 -0.8542
vn -0.7095 0.5173 -0.4786
vn -0.3499 0.5608 -0.7504
vn -0.6440 0.7134 -0.2763
vn -0.2389 0.8682 -0.4348
vn -0.9019 0.4319 0.0013
vn 0.6653 0.6353 -0.3921
vn 0.3357 0.6289 -0.7012
vn 0.3405 -0.0501 -0.9389
vn 0.8092 -0.1436 -0.5697
vn 0.9832 -0.1528 0.0999
vn 0.4674 -0.8057 -0.3638
vn 0.6754 -0.7309 0.0979
vn -0.5306 -0.8476 -0.0077
vn -0.1758 -0.9828 -0.0564
vn -0.2593 -0.6614 -0.7038
vn -0.4999 -0.5790 -0.6442
vn 0.1900 -0.6883 -0.7001
vn -0.1527 -0.9835 0.0970
vn -0.2781 -0.9573 0.0790
vn -0.3790 -0.5335 0.7561
vn -0.7263 -0.4927 0.4794
vn -0.2397 0.6387 0.7311
vn -0.5680 0.6669 0.4823
vn -0.7839 0.1201 0.6092
vn -0.3829 0.0812 0.9202
vn -0.9868 0.1471 0.0684
vn -0.8768 -0.4760 0.0685
vn -0.6922 0.7200 -0.0490
vn -0.7140 0.6966 0.0699
vn 0.0466 0.9943 0.0957
vn 0.0106 0.9992 0.0375
vn 0.7530 -0.1095 0.6489
vn -0.2891 0.0421 0.9564
vn -0.2477 0.7334 0.6330
vn 0.5091 0.7198 0.4719
vn -0.2151 -0.9722 0.0925
vn 0.2830 -0.8350 0.4719
vn -0.4461 -0.6331 0.6326
vn -0.0451 0.9953 0.0858
vn -0.1971 0.0226 -0.9801
vn -0.6716 -0.5799 -0.4611
vn -0.7516 0.1036 -0.6514
vn -0.2588 -0.9648 0.0471
vn 0.8584 0.5038 0.0961
vn -0.9850 0.1380 -0.1036
vn -0.8582 -0.5113 -0.0449
vn -0.4898 0.7336 -0.4711
vn 0.0593 0.9924 0.1081
vn -0.0653 0.6934 -0.7176
vn -0.3263 0.6784 -0.6582
vn -0.4076 0.0530 -0.9116
vn 0.1056 0.9916 -0.0748
vn -0.2727 0.9619 -0.0205
vn -0.7617 -0.4024 0.5079
vn -0.6886 0.1002 0.7182
vn -0.6306 0.5838 -0.5114
vn -0.6923 0.0933 -0.7155
vn -0.7607 -0.4017 -0.5100
vn -0.6156 0.6019 0.5087
vn -0.5846 0.8113 0.0020
vn -0.7916 -0.6110 -0.0005
vn -0.0186 -0.7811 -0.6241
vn 0.0237 -0.6057 0.7954
vn -0.5447 -0.5000 0.6733
vn -0.6047 -0.6307 -0.4863
vn -0.7218 0.4692 0.5088
vn -0.7530 -0.3136 0.5785
vn -0.9747 -0.1159 0.1912
vn -0.9414 0.2464 0.2304
vn 0.0181 0.7957 0.6054
vn -0.5781 0.6408 0.5052
vn -0.5855 0.5145 -0.6265
vn -0.0233 0.6243 -0.7808
vn -0.9571 -0.2330 -0.1724
vn -0.7539 -0.4572 -0.4718
vn -0.7828 0.3294 -0.5279
vn -0.9825 0.1254 -0.1381
vn -0.8287 -0.5591 0.0233
vn -0.8271 0.5614 0.0261
vn 0.8631 0.2817 -0.4192
vn 0.8638 -0.2794 -0.4192
vn 0.5634 -0.1822 -0.8059
vn 0.5629 0.1837 -0.8059
vn -0.5889 0.8082 -0.0000
vn -0.5346 0.7338 -0.4192
vn -0.8638 0.2794 -0.4192
vn -0.9515 0.3077 -0.0000
vn -0.8631 -0.2817 -0.4192
vn -0.9506 -0.3103 -0.0000
vn -0.5327 -0.7352 -0.4192
vn -0.5867 -0.8098 -0.0000
vn 0.0012 -0.9079 -0.4192
vn 0.0013 -1.0000 -0.0000
vn 0.5346 -0.7338 -0.4192
vn 0.5889 -0.8082 -0.0000
vn 0.9515 -0.3077 -0.0000
vn 0.9506 0.3103 -0.0000
vn 0.5327 0.7352 -0.4192
vn 0.5867 0.8098 -0.0000
vn -0.0012 0.9079 -0.4192
vn -0.0013 1.0000 -0.0000
vn -0.0008 0.5921 -0.8059
vn -0.3487 0.4785 -0.8059
vn -0.5634 0.1822 -0.8059
vn -0.5629 -0.1837 -0.8059
vn -0.3474 -0.4795 -0.8059
vn 0.0008 -0.5921 -0.8059
vn 0.3487 -0.4786 -0.8059
vn 0.3474 0.4795 -0.8059
vn -0.0012 0.9287 -0.3708
vn 0.5492 0.7468 -0.3750
vn 0.3744 0.5076 -0.7760
vn -0.0008 0.6285 -0.7778
vn 0.8827 0.2854 -0.3735
vn 0.5950 0.1851 -0.7821
vn 0.8834 -0.2830 -0.3735
vn 0.5955 -0.1835 -0.7821
vn 0.5512 -0.7453 -0.3750
vn 0.3757 -0.5066 -0.7760
vn 0.0012 -0.9287 -0.3708
vn 0.0008 -0.6285 -0.7778
vn -0.5490 -0.7471 -0.3748
vn -0.3741 -0.5077 -0.7761
vn -0.8827 -0.2855 -0.3733
vn -0.5951 -0.1856 -0.7819
vn -0.8834 0.2831 -0.3733
vn -0.5956 0.1840 -0.7819
vn -0.5510 0.7456 -0.3748
vn -0.3755 0.5067 -0.7761
vn -0.0012 0.8842 -0.4670
vn -0.0013 0.9883 -0.1523
vn 0.5799 0.8004 -0.1523
vn 0.5188 0.7161 -0.4670
vn 0.9395 0.3067 -0.1523
vn 0.8406 0.2744 -0.4670
vn 0.9404 -0.3041 -0.1523
vn 0.8413 -0.2721 -0.4670
vn 0.5820 -0.7988 -0.1523
vn 0.5207 -0.7147 -0.4670
vn -0.5799 -0.8004 -0.1523
vn -0.9395 -0.3067 -0.1523
vn -0.8406 -0.2744 -0.4670
vn -0.5188 -0.7161 -0.4670
vn 0.0013 -0.9883 -0.1523
vn 0.0012 -0.8842 -0.4670
vn -0.9404 0.3041 -0.1523
vn -0.8413 0.2721 -0.4670
vn -0.5820 0.7988 -0.1523
vn -0.5207 0.7147 -0.4670
vn -0.3487 0.4786 -0.8059
vn -0.2321 0.3185 -0.9191
vn -0.3750 0.1213 -0.9191
vn 0.0005 -0.3941 -0.9191
vn -0.2312 -0.3191 -0.9191
vn 0.2321 -0.3185 -0.9191
vn 0.3750 -0.1213 -0.9191
vn 0.3746 0.1223 -0.9191
vn 0.2312 0.3191 -0.9191
vn -0.0005 0.3941 -0.9191
vn -0.3746 -0.1223 -0.9191
vn 0.3404 -0.0501 -0.9389
vn -0.5861 -0.6302 0.5092
vn -0.5861 -0.6302 -0.5092
vn -0.1107 -0.6645 0.7390
vn -0.1996 0.6435 0.7390
vn -0.6659 0.5452 0.5092
vn -0.1996 0.6435 -0.7390
vn -0.6660 0.5452 -0.5092
vn -0.1107 -0.6645 -0.7390
vn -0.6909 -0.5133 0.5092
vn -0.6908 -0.5133 -0.5092
vn -0.2296 -0.6334 0.7390
vn -0.0794 0.6690 0.7390
vn -0.5558 0.6571 0.5092
vn -0.0793 0.6690 -0.7390
vn -0.5559 0.6571 -0.5092
vn -0.2296 -0.6334 -0.7390
vn -0.6993 -0.5017 0.5092
vn -0.6993 -0.5017 -0.5092
vn -0.2401 -0.6295 0.7390
vn -0.0683 0.6702 0.7390
vn -0.5449 0.6662 0.5092
vn -0.0682 0.6703 -0.7390
vn -0.5449 0.6662 -0.5092
vn -0.2401 -0.6295 -0.7390
vn 0.6909 -0.5133 0.5092
vn 0.2296 -0.6334 0.7390
vn 0.6908 -0.5133 -0.5092
vn 0.5558 0.6571 0.5092
vn 0.0794 0.6690 0.7390
vn 0.0793 0.6690 -0.7390
vn 0.5559 0.6571 -0.5092
vn 0.2296 -0.6334 -0.7390
vn 0.6993 -0.5017 0.5092
vn 0.2401 -0.6295 0.7390
vn 0.6993 -0.5017 -0.5092
vn 0.5449 0.6662 0.5092
vn 0.0683 0.6702 0.7390
vn 0.0682 0.6703 -0.7390
vn 0.5449 0.6662 -0.5092
vn 0.2401 -0.6295 -0.7390
vn 0.9948 0.1022 0.0008
vn 0.9942 0.1075 0.0022
vn 0.9949 0.1011 -0.0001
vn 0.0001 0.1160 -0.9933
vn 0.0001 0.1161 -0.9932
vn -0.0000 0.1161 -0.9932
vn -0.0000 0.1162 -0.9932
vn 0.0001 0.1162 -0.9932
vn -0.0000 0.1158 -0.9933
vn 0.0002 0.1158 -0.9933
vn 0.9475 0.1766 0.2667
vn 0.9492 0.1865 0.2533
vn 0.9750 0.1424 0.1704
vn 0.9810 0.1264 0.1474
vn 0.9238 0.1760 0.3400
vn 0.9735 0.1387 0.1816
vn 0.9816 0.1293 0.1405
vn 0.9854 0.1217 0.1193
vn 0.0045 0.4438 0.8961
vn 0.0074 0.4447 0.8957
vn 0.0048 0.4420 0.8970
vn 0.9856 0.1197 0.1197
vn 0.9851 0.1200 0.1228
vn 0.6387 0.3584 0.6809
vn 0.7085 0.3386 0.6191
vn 0.5008 0.3970 0.7692
vn -0.9942 0.1075 0.0022
vn -0.9948 0.1022 0.0008
vn -0.9949 0.1011 -0.0001
vn -0.0001 0.1162 -0.9932
vn -0.9475 0.1766 0.2667
vn -0.8985 0.2293 0.3744
vn -0.9293 0.1954 0.3133
vn -0.9816 0.1293 0.1405
vn -0.9750 0.1424 0.1704
vn -0.9735 0.1387 0.1816
vn 0.0001 0.1163 -0.9932
vn 0.0002 0.1163 -0.9932
vn -0.0000 0.1164 -0.9932
vn 0.0116 0.4430 0.8964
vn -0.0000 0.4415 0.8972
vn 0.0145 0.4444 0.8957
vn 0.0272 0.4462 0.8945
vn 0.0299 0.4454 0.8948
vn 0.8985 0.2293 0.3743
vn 0.9054 0.2194 0.3635
vn 0.7463 0.3184 0.5845
vn 0.9215 0.2049 0.3299
vn 0.9712 0.1255 0.2024
vn 0.9847 0.1207 0.1257
vn 0.9848 0.1196 0.1262
vn 0.9836 0.1200 0.1348
vn 0.0023 0.4415 0.8973
vn -0.0000 0.4402 0.8979
vn 0.0262 0.4457 0.8948
vn 0.9313 0.1875 0.3122
vn 0.9398 0.1489 0.3075
vn 0.9852 0.1197 0.1223
vn 0.9843 0.1196 0.1300
vn 0.9842 0.1195 0.1305
vn 0.9825 0.1196 0.1430
vn 0.0468 0.4459 0.8939
vn 0.5740 0.3787 0.7260
vn 0.0459 0.4459 0.8939
vn 0.8741 0.2524 0.4151
vn -0.0001 0.1161 -0.9932
vn -0.0001 0.1163 -0.9932
vn -0.0002 0.1163 -0.9932
vn -0.0001 0.1160 -0.9933
vn -0.0002 0.1158 -0.9933
vn -0.0048 0.4420 0.8970
vn -0.0074 0.4447 0.8957
vn -0.0116 0.4430 0.8964
vn -0.0272 0.4462 0.8945
vn -0.0299 0.4454 0.8948
vn -0.7085 0.3386 0.6191
vn -0.7381 0.3209 0.5935
vn -0.9810 0.1264 0.1474
vn -0.9238 0.1760 0.3400
vn -0.9847 0.1207 0.1257
vn -0.9854 0.1217 0.1193
vn -0.9851 0.1200 0.1228
vn -0.9712 0.1255 0.2024
vn -0.9848 0.1196 0.1262
vn -0.9836 0.1200 0.1348
vn -0.0023 0.4415 0.8973
vn -0.0000 0.4394 0.8983
vn -0.0045 0.4438 0.8961
vn -0.0262 0.4457 0.8948
vn -0.9492 0.1865 0.2533
vn -0.8741 0.2524 0.4151
vn -0.9313 0.1875 0.3122
vn -0.9398 0.1489 0.3075
vn -0.9856 0.1197 0.1196
vn -0.9852 0.1197 0.1223
vn -0.9843 0.1196 0.1300
vn -0.9842 0.1195 0.1305
vn -0.9825 0.1196 0.1430
vn -0.0466 0.4457 0.8940
vn -0.0468 0.4459 0.8939
vn -0.5008 0.3970 0.7692
vn -0.5740 0.3787 0.7260
vn -0.0459 0.4459 0.8939
vn -0.6387 0.3584 0.6809
vn -0.4873 0.3997 0.7764
vn -0.9060 0.2163 0.3639
vn 0.4873 0.3997 0.7764
vn 0.0466 0.4457 0.8940
vn -0.0145 0.4444 0.8957
vn 0.5765 0.3869 0.7197
vn 0.6469 0.3618 0.6712
vn -0.0508 0.4689 0.8818
vn -0.0270 0.4694 0.8826
vn -0.7675 0.2982 0.5675
vn -0.6595 0.3506 0.6649
vn 0.9974 0.0410 0.0585
vn 0.9739 0.1136 0.1965
vn 0.9592 -0.1245 -0.2540
vn -0.9586 0.1301 0.2534
vn -0.5765 0.3869 0.7197
vn 0.0270 0.4694 0.8826
vn 0.0508 0.4689 0.8818
vn -0.6469 0.3618 0.6713
vn 0.6595 0.3506 0.6649
vn 0.7675 0.2982 0.5675
vn -0.9974 0.0410 0.0585
vn -0.9739 0.1136 0.1965
vn -0.9592 -0.1245 -0.2540
vn 0.9586 0.1301 0.2534
vn 0.6850 0.2933 0.6669
vn 0.9457 -0.0833 0.3141
vn 0.6230 0.7366 0.2633
vn 0.0194 -0.0649 0.9977
vn 0.1362 -0.0548 0.9892
vn 0.0212 0.0718 0.9972
vn -0.0000 -0.0515 0.9987
vn 0.0102 -0.0654 0.9978
vn -0.0000 0.0842 0.9964
vn 0.0076 0.0721 0.9974
vn 0.0074 0.4756 0.8796
vn 0.1243 0.0778 0.9892
vn 0.0224 0.4684 0.8832
vn -0.0000 0.4760 0.8794
vn 0.0052 0.7813 0.6241
vn 0.0521 0.4648 0.8839
vn 0.0195 0.7757 0.6308
vn -0.0000 -0.0653 0.9979
vn 0.0130 -0.0653 0.9978
vn 0.0198 -0.0653 0.9977
vn 0.1716 -0.0723 0.9825
vn 0.1505 -0.0677 0.9863
vn 0.3838 -0.0736 0.9205
vn 0.8395 -0.0509 0.5410
vn 0.8325 -0.0733 0.5492
vn 0.8955 -0.0331 0.4438
vn 0.8882 -0.0649 0.4549
vn 0.9598 -0.0096 0.2806
vn 0.9944 0.0167 0.1040
vn 0.9989 -0.0230 0.0409
vn 0.9999 -0.0041 0.0134
vn 0.9991 -0.0333 -0.0252
vn 0.9836 -0.0797 -0.1620
vn 0.9697 -0.1659 -0.1796
vn 0.9984 -0.0240 0.0506
vn 0.9927 -0.0319 0.1167
vn 0.9976 -0.0270 0.0639
vn 0.9985 -0.0253 0.0492
vn 0.9965 -0.0614 0.0573
vn 0.9983 0.0276 0.0507
vn 0.9922 -0.1161 0.0456
vn 0.9961 -0.0661 0.0585
vn 0.9987 0.0113 0.0496
vn 0.9992 -0.0020 0.0395
vn 0.9909 0.1331 0.0185
vn 0.9998 -0.0207 0.0081
vn 0.9958 0.0828 0.0392
vn 0.9849 0.1729 0.0063
vn 0.9787 0.1359 -0.1538
vn 0.9939 -0.0663 0.0879
vn 0.9768 -0.2128 0.0235
vn 0.9924 -0.0703 0.1013
vn 0.9801 -0.0826 0.1802
vn 0.9688 0.0637 0.2397
vn 0.9678 -0.2293 0.1043
vn 0.9416 -0.2666 0.2059
vn 0.9909 -0.1120 0.0744
vn 0.9951 -0.0975 -0.0140
vn 0.9837 -0.1781 -0.0247
vn 0.9937 -0.0943 -0.0609
vn 0.9838 -0.1526 -0.0940
vn 0.9812 -0.1185 -0.1524
vn 0.9846 0.0343 0.1714
vn 0.9172 -0.0041 0.3984
vn 0.9351 0.2950 0.1963
vn 0.9936 -0.0618 0.0944
vn 0.9787 -0.1214 0.1654
vn 0.9926 -0.0869 0.0850
vn 0.9825 -0.1427 0.1193
vn 0.9942 -0.1035 0.0291
vn 0.9836 -0.1719 0.0544
vn 0.9780 -0.2088 0.0045
vn 0.9937 -0.1116 0.0041
vn 0.9680 -0.2206 -0.1194
vn 0.7184 -0.0897 -0.6898
vn 0.4213 -0.1326 -0.8972
vn 0.2402 -0.2019 -0.9495
vn -0.0000 -0.2214 -0.9752
vn -0.0000 -0.4172 -0.9088
vn 0.0811 -0.2232 -0.9714
vn 0.0804 -0.4094 -0.9088
vn 0.0245 -0.4167 -0.9087
vn 0.3337 0.1828 0.9248
vn 0.7871 0.2518 0.5632
vn 0.7954 0.1189 0.5943
vn 0.4676 0.0673 0.8814
vn 0.7302 0.0704 0.6796
vn 0.7650 0.4083 0.4980
vn 0.4614 0.5361 0.7069
vn 0.7150 0.5685 0.4070
vn 0.1339 0.5906 0.7958
vn 0.0961 0.8176 0.5677
vn 0.0317 0.7876 0.6154
vn 0.2119 0.5934 0.7766
vn 0.6661 0.7030 0.2490
vn 0.5665 0.7366 0.3695
vn 0.8956 0.3071 0.3219
vn 0.3453 0.7804 0.5213
vn 0.4880 0.6874 0.5378
vn 0.7007 0.2196 0.6788
vn 0.3823 0.1527 0.9113
vn 0.6528 -0.0680 0.7545
vn 0.6483 -0.0819 0.7570
vn 0.4063 -0.0835 0.9099
vn 0.3703 -0.0623 0.9268
vn 0.6736 -0.0467 0.7376
vn 0.9696 0.1334 0.2052
vn 0.9804 0.1245 0.1526
vn 0.9834 -0.1040 0.1489
vn 0.4190 -0.0458 0.9068
vn 0.2828 -0.0580 0.9574
vn 0.2776 -0.1683 0.9458
vn 0.0201 -0.0657 0.9976
vn 0.8958 0.3738 0.2406
vn 0.9530 -0.0449 0.2997
vn 0.3924 -0.0573 0.9180
vn 0.1250 -0.0643 0.9901
vn 0.9672 0.2062 0.1481
vn 0.0128 -0.0655 0.9978
vn 0.9141 -0.0121 0.4053
vn 0.9553 -0.1468 0.2566
vn 0.9580 -0.1168 0.2620
vn 0.8575 0.5139 0.0242
vn 0.8394 -0.5434 0.0087
vn 0.8623 0.5064 0.0006
vn 0.9360 -0.2862 0.2047
vn 0.9468 -0.1880 0.2613
vn 0.9366 -0.2903 0.1963
vn 0.9979 -0.0633 -0.0093
vn 0.9629 -0.2581 0.0794
vn 0.9785 -0.1942 0.0689
vn 0.8898 -0.4203 0.1779
vn 0.9952 -0.0976 0.0025
vn 0.9835 -0.1809 0.0025
vn 0.9954 -0.0954 0.0003
vn 0.9871 0.1490 0.0592
vn 0.9843 0.1723 0.0392
vn 0.9821 0.1882 -0.0000
vn 0.9953 -0.0960 0.0152
vn 0.9993 -0.0326 0.0160
vn 0.9976 -0.0690 0.0022
vn 0.9952 -0.0981 0.0040
vn 0.9833 -0.1819 0.0032
vn 0.9948 -0.0931 0.0417
vn 0.9938 -0.0853 0.0719
vn 0.9838 -0.1018 0.1475
vn 0.9863 -0.1584 0.0456
vn 0.9895 0.1444 -0.0009
vn 0.9820 0.1891 -0.0002
vn 0.0173 0.9998 -0.0031
vn 0.0166 0.9999 -0.0028
vn 0.0165 0.9999 -0.0032
vn 0.9834 -0.1816 0.0003
vn 0.8967 -0.4426 0.0010
vn 0.8635 0.5044 -0.0002
vn 0.9996 -0.0279 0.0023
vn 0.9978 -0.0660 -0.0040
vn 0.8892 0.4575 0.0009
vn 0.9841 0.1778 0.0011
vn 0.8964 0.4432 -0.0000
vn 0.2942 0.0128 0.9557
vn 0.7249 0.0618 0.6861
vn 0.9019 0.0142 -0.4317
vn 0.8502 0.0919 -0.5183
vn 0.5273 -0.0895 -0.8450
vn 0.8178 -0.5755 0.0071
vn 0.9996 -0.0272 -0.0029
vn 0.9945 -0.0588 -0.0864
vn 0.9890 -0.1006 -0.1088
vn 0.9908 -0.1257 -0.0507
vn 0.9781 0.0790 -0.1926
vn 0.9209 0.0303 -0.3886
vn 0.9785 -0.1028 -0.1786
vn 0.8513 0.0667 0.5204
vn 0.8684 0.0993 0.4858
vn 0.9938 0.1112 0.0021
vn -0.0000 0.9991 0.0426
vn 0.0198 0.9989 0.0420
vn -0.0000 0.9999 -0.0115
vn 0.3488 0.4493 0.8224
vn 0.6528 0.7576 -0.0013
vn 0.3726 0.9280 -0.0055
vn 0.6657 0.7462 -0.0027
vn 0.8817 0.4719 0.0030
vn 0.9840 0.1780 0.0028
vn 0.8886 0.4587 0.0015
vn 0.8301 0.5452 -0.1172
vn 0.9126 0.3421 -0.2240
vn 0.8919 0.4521 0.0024
vn 0.8952 0.4456 0.0027
vn 0.6430 -0.5774 -0.5032
vn 0.9683 -0.1113 -0.2236
vn 0.8802 0.4743 0.0138
vn 0.9827 0.1850 0.0088
vn 0.8676 0.4897 0.0864
vn 0.9644 0.2424 0.1058
vn 0.8760 0.4816 0.0263
vn 0.7727 0.6237 -0.1184
vn 0.8230 0.4585 -0.3353
vn 0.7689 0.6393 -0.0120
vn 0.7823 0.6228 0.0095
vn 0.3260 0.9453 0.0144
vn 0.9889 0.1246 0.0807
vn 0.9745 0.1832 0.1300
vn 0.9700 0.2159 0.1115
vn 0.0122 -0.0653 0.9978
vn 0.8420 -0.5394 -0.0033
vn 0.9790 -0.2038 -0.0085
vn 0.9651 -0.2608 -0.0251
vn 0.9095 -0.2232 -0.3507
vn 0.2910 -0.7296 -0.6188
vn 0.8455 -0.5205 -0.1189
vn 0.1858 0.9826 -0.0072
vn 0.1838 0.9830 -0.0028
vn 0.9922 0.1247 0.0025
vn 0.8909 -0.0028 0.4541
vn 0.9904 0.1386 0.0002
vn 0.9904 0.1384 0.0003
vn 0.9118 0.4107 0.0030
vn 0.9219 0.3873 0.0028
vn 0.8856 -0.2501 0.3914
vn 0.8231 -0.0251 0.5673
vn 0.0499 0.9988 -0.0026
vn 0.0513 0.9987 -0.0026
vn 0.8840 0.4675 0.0036
vn 0.6236 0.7817 -0.0018
vn 0.8863 0.4631 0.0007
vn 0.9822 0.1877 0.0001
vn 0.9906 0.1369 0.0005
vn 0.3584 0.9336 -0.0023
vn 0.1819 0.9833 -0.0027
vn 0.8172 0.2321 -0.5275
vn 0.9824 0.1870 0.0001
vn 0.9816 0.1494 -0.1192
vn 0.9679 0.1921 -0.1618
vn 0.7757 0.1737 -0.6068
vn 0.9697 0.1854 -0.1593
vn 0.9769 0.1240 -0.1740
vn 0.8281 0.1926 -0.5264
vn 0.3702 0.1392 -0.9185
vn 0.3118 0.1459 -0.9389
vn 0.0953 0.1244 -0.9876
vn 0.9826 0.1168 -0.1445
vn 0.8169 0.1492 -0.5572
vn 0.8017 0.1470 -0.5793
vn 0.4418 0.1483 -0.8848
vn 0.4753 0.1811 -0.8610
vn 0.7269 0.1892 -0.6601
vn 0.2815 0.1467 -0.9483
vn 0.9811 -0.0982 -0.1670
vn 0.9190 -0.1058 -0.3798
vn 0.7160 -0.2222 -0.6618
vn 0.1612 0.4446 -0.8811
vn 0.1570 0.1341 -0.9784
vn 0.0406 0.1100 -0.9931
vn 0.1071 0.1223 -0.9867
vn 0.0251 0.1208 -0.9924
vn 0.1724 -0.4103 -0.8955
vn 0.0853 0.1071 -0.9906
vn 0.0254 0.0849 -0.9961
vn 0.2275 0.5252 -0.8200
vn 0.2167 0.4323 -0.8753
vn 0.0528 0.4367 -0.8981
vn 0.8051 0.0868 0.5868
vn 0.8099 0.0809 0.5810
vn 0.1292 0.1254 -0.9836
vn 0.0261 0.1182 -0.9926
vn 0.8559 0.2268 0.4648
vn 0.2188 0.3991 -0.8904
vn 0.2180 0.3546 -0.9092
vn 0.0536 0.3932 -0.9179
vn -0.0000 0.4102 -0.9120
vn -0.0000 0.1087 -0.9941
vn 0.0011 0.0866 -0.9962
vn 0.0259 -0.2206 -0.9750
vn 0.0427 0.4117 -0.9103
vn -0.0011 0.1110 -0.9938
vn 0.8615 0.4007 0.3118
vn 0.8736 0.4161 -0.2522
vn 0.9827 0.1847 0.0141
vn 0.9146 -0.2538 0.3147
vn -0.0002 -0.3299 -0.9440
vn 0.9949 0.1012 -0.0000
vn 0.0189 -0.0656 0.9977
vn -0.2602 -0.0588 0.9638
vn 0.1290 -0.2738 0.9531
vn 0.2157 -0.1889 0.9580
vn 0.2665 -0.6106 0.7458
vn -0.2104 -0.0629 0.9756
vn -0.1555 -0.1720 0.9727
vn -0.0459 -0.0929 0.9946
vn 0.0284 0.1497 0.9883
vn -0.0758 0.1169 0.9903
vn 0.0405 0.0198 0.9990
vn 0.0691 -0.0489 0.9964
vn 0.0541 -0.0192 0.9984
vn -0.2869 -0.2406 0.9273
vn 0.0733 -0.0593 0.9955
vn -0.3408 -0.0543 0.9386
vn -0.1484 -0.3732 0.9158
vn 0.0387 -0.0579 0.9976
vn -0.1539 0.2754 0.9489
vn -0.2926 0.1356 0.9466
vn 0.2178 -0.3691 0.9035
vn 0.3519 -0.2364 0.9057
vn 0.4038 -0.0541 0.9132
vn 0.3583 0.1316 0.9243
vn 0.2246 0.2713 0.9359
vn 0.0366 0.3250 0.9450
vn 0.0358 -0.4193 0.9071
vn -0.5702 0.2140 0.7931
vn -0.6121 -0.0330 0.7901
vn 0.0321 -0.0471 0.9984
vn -0.4351 0.4281 0.7921
vn 0.4900 0.4337 0.7561
vn 0.2778 0.5776 0.7676
vn -0.2114 -0.6079 0.7654
vn 0.0269 -0.6554 0.7548
vn -0.2258 0.5741 0.7870
vn 0.6284 0.2191 0.7464
vn -0.0000 0.4359 -0.9000
vn -0.0000 -0.2378 -0.9713
vn 0.9838 -0.1431 0.1079
vn 0.6513 0.3918 -0.6498
vn 0.6875 0.3163 -0.6537
vn 0.8360 0.5481 0.0280
vn 0.9492 -0.3130 0.0329
vn 0.8332 0.5530 0.0011
vn 0.7334 0.5175 -0.4409
vn 0.4491 0.4983 -0.7416
vn 0.0300 0.1164 -0.9927
vn 0.8667 0.4816 -0.1298
vn 0.0367 0.9863 0.1611
vn 0.0267 0.9858 0.1656
vn 0.0249 0.9532 0.3013
vn 0.4133 0.9078 0.0708
vn 0.1710 0.9768 0.1294
vn 0.1534 0.9586 0.2399
vn 0.0177 0.9849 0.1724
vn -0.0000 0.9856 0.1691
vn 0.0204 0.9551 0.2957
vn 0.0183 0.9274 0.3736
vn -0.0000 0.9214 0.3887
vn 0.0095 0.9739 0.2267
vn 0.5074 0.8389 0.1971
vn 0.1404 0.9452 0.2949
vn 0.4697 0.8823 -0.0318
vn 0.0321 0.9556 0.2929
vn 0.0224 0.9311 0.3640
vn -0.0000 0.9540 0.2997
vn 0.4306 0.8870 0.1669
vn 0.0523 0.9986 -0.0047
vn 0.1797 0.9837 -0.0041
vn 0.0486 0.9940 -0.0983
vn 0.3324 0.9431 -0.0010
vn 0.1674 0.9837 -0.0660
vn -0.0000 1.0000 -0.0053
vn 0.0157 0.9999 -0.0053
vn -0.0000 0.9927 -0.1208
vn 0.0105 0.9999 -0.0043
vn 0.0135 0.9950 -0.0993
vn 0.0084 0.9955 -0.0939
vn 0.0059 0.9400 -0.3411
vn -0.0000 0.9286 -0.3710
vn 0.0101 0.9368 -0.3498
vn -0.0000 0.8096 -0.5870
vn 0.0072 0.8065 -0.5911
vn 0.0104 0.8070 -0.5905
vn -0.0000 0.6242 -0.7813
vn 0.0125 0.6241 -0.7812
vn 0.0106 0.6253 -0.7803
vn -0.0000 0.4034 -0.9150
vn 0.0061 0.4210 -0.9070
vn 0.0242 0.9367 0.3492
vn 0.6872 0.7264 0.0105
vn 0.4199 0.9076 0.0075
vn 0.6900 0.7222 0.0484
vn 0.0375 0.9347 -0.3534
vn 0.1260 0.9452 -0.3012
vn 0.3175 0.9458 -0.0683
vn 0.0152 0.6217 -0.7831
vn 0.0250 0.7921 -0.6099
vn 0.0453 0.6459 -0.7621
vn 0.0064 0.4604 -0.8877
vn 0.0367 0.4773 -0.8780
vn 0.1092 0.6843 -0.7209
vn 0.1687 0.8390 -0.5173
vn 0.2481 0.9148 -0.3188
vn 0.0082 0.4416 -0.8972
vn 0.4890 0.5441 -0.6818
vn 0.2655 0.5179 -0.8132
vn 0.4083 0.7724 -0.4866
vn 0.0663 0.8178 -0.5717
vn 0.1024 0.4927 -0.8642
vn 0.1867 0.7176 -0.6710
vn 0.7136 0.5390 -0.4475
vn 0.4939 0.8201 -0.2889
vn 0.5984 0.7888 -0.1404
vn 0.1876 0.9820 0.0225
vn 0.8959 0.4422 0.0439
vn 0.8807 0.4649 0.0910
vn 0.6612 0.7502 -0.0021
vn 0.7877 0.5976 0.1495
vn 0.6710 0.7330 0.1115
vn 0.8512 0.4966 -0.1699
vn 0.8991 0.4376 0.0120
vn 0.0404 0.9986 0.0348
vn 0.0292 0.9989 0.0358
vn 0.3917 0.9201 -0.0084
vn -0.0000 1.0000 -0.0033
vn 0.3445 0.9388 -0.0024
vn 0.0133 0.9999 -0.0030
vn 0.8046 0.5938 0.0039
vn 0.6989 0.7153 0.0032
vn 0.7001 0.7140 0.0041
vn 0.0069 -0.4151 0.9097
vn 0.0120 0.7002 0.7138
vn -0.0000 -0.4136 0.9104
vn 0.0175 0.6874 0.7261
vn 0.0188 0.6855 0.7279
vn 0.0136 0.9728 0.2312
vn 0.6746 0.7342 -0.0768
vn 0.9055 -0.4243 0.0044
vn 0.9057 -0.4239 0.0052
vn 0.9979 -0.0650 0.0047
vn -0.0017 0.4075 -0.9132
vn -0.0026 -0.0668 -0.9978
vn 0.0151 -0.0700 -0.9974
vn 0.9327 -0.1160 0.3414
vn 0.8709 -0.0357 0.4901
vn 0.8942 0.0673 0.4426
vn 0.7299 0.6791 -0.0785
vn 0.9761 0.2171 0.0083
vn 0.9054 -0.4152 -0.0889
vn 0.1890 0.9819 -0.0104
vn 0.0241 0.9997 -0.0096
vn 0.0194 0.9997 -0.0114
vn 0.8891 0.4576 0.0008
vn 0.6421 0.7666 -0.0007
vn -0.0000 1.0000 -0.0088
vn 0.0465 0.9989 -0.0090
vn 0.0486 0.9988 -0.0069
vn 0.6965 0.7175 0.0009
vn 0.6971 0.7170 0.0025
vn -0.0000 1.0000 -0.0032
vn 0.0183 0.9998 -0.0086
vn 0.9584 -0.1169 0.2602
vn 0.9827 0.1853 0.0001
vn 0.0198 0.9998 -0.0076
vn 0.6318 0.7752 -0.0008
vn 0.6955 0.7185 0.0009
vn 0.8430 -0.5168 0.1491
vn 0.8394 -0.5244 -0.1427
vn 0.6952 0.7188 0.0021
vn 0.9017 0.4323 0.0092
vn 0.9939 -0.1106 0.0036
vn 0.9954 -0.0958 0.0006
vn 0.9825 0.1863 -0.0003
vn 0.9126 -0.2013 0.3557
vn 0.9175 -0.2442 -0.3139
vn 0.8702 -0.4798 -0.1122
vn 0.3065 -0.0176 -0.9517
vn -0.0194 -0.0649 0.9977
vn -0.0212 0.0718 0.9972
vn -0.1362 -0.0548 0.9892
vn -0.0102 -0.0654 0.9978
vn -0.0074 0.4756 0.8796
vn -0.0224 0.4684 0.8832
vn -0.1243 0.0778 0.9892
vn -0.0000 0.7816 0.6237
vn -0.0052 0.7813 0.6241
vn -0.0195 0.7757 0.6308
vn -0.0521 0.4648 0.8839
vn -0.0000 0.6116 0.7911
vn -0.0000 0.8326 0.5539
vn -0.0008 0.8324 0.5542
vn -0.0130 -0.0653 0.9978
vn -0.0198 -0.0653 0.9977
vn -0.1505 -0.0677 0.9863
vn -0.3838 -0.0736 0.9205
vn -0.1716 -0.0723 0.9825
vn -0.8395 -0.0509 0.5410
vn -0.8955 -0.0331 0.4438
vn -0.8325 -0.0733 0.5492
vn -0.9598 -0.0096 0.2806
vn -0.8882 -0.0649 0.4549
vn -0.9944 0.0167 0.1040
vn -0.9984 -0.0240 0.0506
vn -0.9999 -0.0041 0.0134
vn -0.9991 -0.0333 -0.0252
vn -0.9979 -0.0633 -0.0093
vn -0.9697 -0.1659 -0.1796
vn -0.9836 -0.0797 -0.1620
vn -0.9976 -0.0270 0.0639
vn -0.9927 -0.0319 0.1167
vn -0.9961 -0.0661 0.0585
vn -0.9948 -0.0872 0.0523
vn -0.9983 0.0276 0.0507
vn -0.9922 -0.1161 0.0456
vn -0.9984 -0.0364 0.0440
vn -0.9987 0.0113 0.0496
vn -0.9992 -0.0020 0.0395
vn -0.9998 -0.0207 0.0081
vn -0.9909 0.1331 0.0185
vn -0.9958 0.0828 0.0392
vn -0.9787 0.1359 -0.1538
vn -0.9849 0.1729 0.0063
vn -0.9930 -0.0791 0.0880
vn -0.9678 -0.2293 0.1043
vn -0.9924 -0.0703 0.1013
vn -0.9416 -0.2666 0.2059
vn -0.9391 0.2343 0.2515
vn -0.9938 -0.0853 0.0719
vn -0.9348 -0.0220 0.3544
vn -0.9768 -0.2128 0.0235
vn -0.9909 -0.1120 0.0744
vn -0.9989 -0.0230 0.0409
vn -0.9951 -0.0975 -0.0140
vn -0.9937 -0.0943 -0.0609
vn -0.9837 -0.1781 -0.0247
vn -0.9923 -0.0720 -0.1007
vn -0.9812 -0.1185 -0.1524
vn -0.9936 -0.0618 0.0944
vn -0.9926 -0.0869 0.0850
vn -0.9787 -0.1214 0.1654
vn -0.9942 -0.1035 0.0291
vn -0.9825 -0.1427 0.1193
vn -0.2177 0.8625 0.4568
vn -0.4880 0.6874 0.5378
vn -0.2119 0.5934 0.7766
vn -0.9937 -0.1116 0.0041
vn -0.9780 -0.2088 0.0045
vn -0.9811 -0.0982 -0.1670
vn -0.9680 -0.2206 -0.1194
vn -0.7184 -0.0897 -0.6898
vn -0.2402 -0.2019 -0.9495
vn -0.4213 -0.1326 -0.8972
vn -0.0811 -0.2232 -0.9714
vn -0.0259 -0.2206 -0.9750
vn -0.0245 -0.4167 -0.9087
vn -0.0770 0.9729 0.2182
vn -0.1854 0.9680 0.1692
vn -0.3453 0.7804 0.5213
vn -0.9415 0.2551 0.2203
vn -0.9178 0.3469 0.1931
vn -0.8956 0.3071 0.3219
vn -0.8648 0.4210 0.2735
vn -0.7650 0.4083 0.4980
vn -0.5960 0.7908 0.1392
vn -0.5803 0.8043 0.1275
vn -0.3757 0.9244 0.0655
vn -0.0000 0.7424 0.6699
vn -0.0032 0.6109 0.7917
vn -0.0186 0.7381 0.6745
vn -0.0165 0.6046 0.7963
vn -0.1007 0.7441 0.6604
vn -0.7282 0.6611 0.1806
vn -0.7810 0.6048 0.1557
vn -0.9609 0.2202 0.1677
vn -0.9442 -0.3003 0.1354
vn -0.9400 -0.3239 0.1077
vn -0.9417 -0.3190 0.1074
vn -0.5777 0.7551 0.3100
vn -0.8555 0.3291 0.3997
vn -0.7007 0.2196 0.6788
vn -0.3823 0.1527 0.9113
vn -0.6528 -0.0680 0.7545
vn -0.6483 -0.0819 0.7570
vn -0.4063 -0.0835 0.9099
vn -0.3703 -0.0623 0.9268
vn -0.6736 -0.0467 0.7376
vn -0.7465 -0.0316 0.6646
vn -0.4190 -0.0458 0.9068
vn -0.8958 0.3738 0.2406
vn -0.1250 -0.0643 0.9901
vn -0.3924 -0.0573 0.9180
vn -0.9672 0.2062 0.1481
vn -0.1301 -0.0648 0.9894
vn -0.0128 -0.0655 0.9978
vn -0.9141 -0.0121 0.4053
vn -0.9553 -0.1468 0.2566
vn -0.9255 -0.0059 0.3787
vn -0.9993 -0.0326 0.0160
vn -0.9996 -0.0279 0.0023
vn -0.9467 0.3214 0.0222
vn -0.9952 -0.0976 0.0025
vn -0.9954 -0.0954 0.0003
vn -0.9835 -0.1809 0.0025
vn -0.9953 -0.0960 0.0152
vn -0.9976 -0.0690 0.0022
vn -0.9688 0.0637 0.2397
vn -0.9952 -0.0981 0.0040
vn -0.9833 -0.1819 0.0032
vn -0.9948 -0.0931 0.0417
vn -0.9863 -0.1584 0.0456
vn -0.9838 -0.1018 0.1475
vn -0.9996 -0.0272 -0.0029
vn -0.9438 0.3304 -0.0044
vn -0.9895 0.1444 -0.0009
vn -0.9904 0.1386 0.0002
vn -0.9820 0.1891 -0.0002
vn -0.0173 0.9998 -0.0031
vn -0.0165 0.9999 -0.0032
vn -0.0166 0.9999 -0.0028
vn -0.7675 0.0845 0.6355
vn -0.1867 0.0208 0.9822
vn -0.8231 -0.0251 0.5673
vn -0.9849 0.1342 0.1097
vn -0.9019 0.0142 -0.4317
vn -0.9863 0.1119 0.1214
vn -0.9834 -0.1816 0.0003
vn -0.8623 0.5064 0.0006
vn -0.8635 0.5044 -0.0002
vn -0.8967 -0.4426 0.0010
vn -0.9978 -0.0660 -0.0040
vn -0.9938 0.1112 0.0021
vn -0.7684 0.0859 -0.6342
vn -0.9948 0.1016 0.0006
vn -0.9451 0.3267 0.0022
vn -0.9448 0.3276 -0.0027
vn -0.8892 0.4575 0.0009
vn -0.8964 0.4432 -0.0000
vn -0.9841 0.1778 0.0011
vn -0.8898 -0.2434 -0.3859
vn -0.9922 0.1247 0.0025
vn -0.9827 0.1853 0.0001
vn -0.9908 -0.1257 -0.0507
vn -0.8551 -0.5185 -0.0015
vn -0.9555 -0.2920 -0.0420
vn -0.9629 -0.2581 0.0794
vn -0.8898 -0.4203 0.1779
vn -0.9686 -0.2335 0.0858
vn -0.9945 -0.0588 -0.0864
vn -0.9890 -0.1006 -0.1088
vn -0.9785 -0.1028 -0.1786
vn -0.9781 0.0790 -0.1926
vn -0.8502 0.0919 -0.5183
vn -0.9892 0.1048 0.1027
vn -0.0198 0.9989 0.0420
vn -0.6528 0.7576 -0.0013
vn -0.6657 0.7462 -0.0027
vn -0.3726 0.9280 -0.0055
vn -0.8817 0.4719 0.0030
vn -0.8886 0.4587 0.0015
vn -0.9840 0.1780 0.0028
vn -0.8532 0.1191 0.5078
vn -0.8676 0.4897 0.0864
vn -0.7628 0.0751 0.6423
vn -0.8919 0.4521 0.0024
vn -0.8952 0.4456 0.0027
vn -0.8802 0.4743 0.0138
vn -0.9683 -0.1113 -0.2236
vn -0.8760 0.4816 0.0263
vn -0.9644 0.2424 0.1058
vn -0.7727 0.6237 -0.1184
vn -0.8230 0.4585 -0.3353
vn -0.0122 -0.0653 0.9978
vn -0.8420 -0.5394 -0.0033
vn -0.8682 -0.4954 0.0284
vn -0.9651 -0.2608 -0.0251
vn -0.9761 0.2171 0.0083
vn -0.7695 0.0784 -0.6338
vn -0.9942 0.1077 0.0003
vn -0.1858 0.9826 -0.0072
vn -0.1838 0.9830 -0.0028
vn -0.1760 0.9626 0.2059
vn -0.2314 0.7223 0.6517
vn -0.7825 0.6078 0.1348
vn -0.2049 0.9681 0.1446
vn -0.2856 0.6749 0.6804
vn -0.7785 0.6191 0.1032
vn -0.9904 0.1384 0.0003
vn -0.8698 -0.4801 0.1143
vn -0.2971 -0.9473 0.1197
vn -0.8702 -0.4798 -0.1122
vn -0.7880 0.6156 -0.0000
vn -0.7881 0.6155 -0.0003
vn -0.8352 0.5499 -0.0009
vn -0.0133 0.9999 -0.0030
vn -0.0513 0.9987 -0.0026
vn -0.8840 0.4675 0.0036
vn -0.8863 0.4631 0.0007
vn -0.6236 0.7817 -0.0018
vn -0.9906 0.1369 0.0005
vn -0.9822 0.1877 0.0001
vn -0.1819 0.9833 -0.0027
vn -0.3584 0.9336 -0.0023
vn -0.8172 0.2321 -0.5275
vn -0.9816 0.1494 -0.1192
vn -0.9824 0.1870 0.0001
vn -0.6801 0.3855 -0.6236
vn -0.2137 0.4131 -0.8853
vn -0.6990 -0.3503 -0.6235
vn -0.7757 0.1737 -0.6068
vn -0.9679 0.1921 -0.1618
vn -0.7269 0.1892 -0.6601
vn -0.7541 0.6410 -0.1428
vn -0.9697 0.1854 -0.1593
vn -0.8281 0.1926 -0.5264
vn -0.9769 0.1240 -0.1740
vn -0.3702 0.1392 -0.9185
vn -0.1071 0.1223 -0.9867
vn -0.0953 0.1244 -0.9876
vn -0.8817 -0.4719 -0.0014
vn -0.8849 -0.4466 -0.1325
vn -0.8696 -0.4834 -0.1003
vn -0.8169 0.1492 -0.5572
vn -0.9826 0.1168 -0.1445
vn -0.4418 0.1483 -0.8848
vn -0.8017 0.1470 -0.5793
vn -0.4753 0.1811 -0.8610
vn -0.2815 0.1467 -0.9483
vn -0.2275 0.5252 -0.8200
vn -0.3118 0.1459 -0.9389
vn -0.9190 -0.1058 -0.3798
vn -0.7160 -0.2222 -0.6618
vn -0.1612 0.4446 -0.8811
vn -0.0427 0.4117 -0.9103
vn -0.0406 0.1100 -0.9931
vn -0.0261 0.1182 -0.9926
vn -0.0251 0.1208 -0.9924
vn -0.0804 -0.4093 -0.9088
vn -0.0254 0.0849 -0.9961
vn -0.0655 0.3786 -0.9233
vn -0.0188 0.3692 -0.9292
vn -0.1292 0.1254 -0.9836
vn -0.0300 0.1164 -0.9927
vn -0.8099 0.0809 0.5810
vn -0.8559 0.2268 0.4648
vn -0.0853 0.1071 -0.9906
vn -0.0572 0.4855 -0.8723
vn -0.0011 0.0866 -0.9962
vn 0.0017 0.4075 -0.9132
vn 0.0011 0.1110 -0.9938
vn 0.3077 0.2185 -0.9261
vn -0.3985 -0.7331 -0.5512
vn -0.3828 -0.2051 -0.9008
vn -0.9175 -0.2442 -0.3139
vn -0.8736 0.4161 -0.2522
vn -0.7831 0.6158 -0.0868
vn -0.2971 -0.9473 -0.1197
vn 0.0002 -0.3299 -0.9440
vn -0.9949 0.1012 -0.0000
vn -0.0076 0.0721 0.9974
vn -0.0036 0.7430 0.6693
vn -0.0189 -0.0656 0.9977
vn -0.0201 -0.0657 0.9976
vn 0.2602 -0.0588 0.9638
vn 0.2151 0.0409 0.9757
vn -0.1731 0.0909 0.9807
vn 0.1679 -0.2098 0.9632
vn -0.0988 0.1222 0.9876
vn 0.1980 -0.2816 0.9389
vn 0.2560 -0.1752 0.9507
vn -0.0602 -0.0613 0.9963
vn 0.2926 0.1356 0.9466
vn -0.0733 -0.0593 0.9955
vn 0.0075 0.0094 0.9999
vn -0.2178 -0.3691 0.9035
vn -0.3519 -0.2364 0.9057
vn -0.0541 -0.0192 0.9984
vn 0.1484 -0.3732 0.9158
vn -0.0405 0.0198 0.9990
vn -0.0358 -0.4193 0.9071
vn 0.2869 -0.2406 0.9273
vn -0.0387 -0.0579 0.9976
vn 0.1539 0.2754 0.9489
vn 0.3408 -0.0543 0.9386
vn -0.4038 -0.0541 0.9132
vn -0.3583 0.1316 0.9243
vn -0.2246 0.2713 0.9359
vn -0.0366 0.3250 0.9450
vn -0.2778 0.5776 0.7676
vn -0.0321 -0.0471 0.9984
vn -0.0252 0.6271 0.7785
vn 0.2258 0.5741 0.7870
vn -0.9066 -0.4220 0.0012
vn -0.9081 -0.4187 -0.0002
vn -0.9132 -0.4075 0.0014
vn -0.9002 -0.4003 -0.1717
vn -0.6998 -0.2901 -0.6528
vn -0.8961 -0.4154 -0.1566
vn -0.8667 0.4962 0.0520
vn -0.8342 0.5513 0.0122
vn -0.8914 0.4516 0.0375
vn -0.9083 -0.4183 -0.0000
vn -0.9148 -0.4039 -0.0002
vn -0.8473 0.5311 -0.0000
vn -0.8472 0.5313 -0.0011
vn -0.8637 0.5039 -0.0012
vn -0.2296 -0.2221 -0.9476
vn -0.0570 -0.2202 -0.9738
vn -0.2188 0.3991 -0.8904
vn -0.9492 -0.3130 0.0329
vn -0.9491 -0.3151 0.0013
vn -0.9413 -0.3376 0.0013
vn -0.7334 0.5175 -0.4409
vn -0.4491 0.4983 -0.7416
vn -0.1570 0.1341 -0.9784
vn -0.8667 0.4816 -0.1298
vn -0.0367 0.9863 0.1611
vn -0.0321 0.9556 0.2929
vn -0.0249 0.9532 0.3013
vn -0.4133 0.9078 0.0708
vn -0.4306 0.8870 0.1669
vn -0.1534 0.9586 0.2399
vn -0.0267 0.9858 0.1656
vn -0.0177 0.9849 0.1724
vn -0.0204 0.9551 0.2957
vn -0.0242 0.9367 0.3492
vn -0.0224 0.9311 0.3640
vn -0.0183 0.9274 0.3736
vn -0.5074 0.8389 0.1971
vn -0.0523 0.9986 -0.0047
vn -0.0486 0.9940 -0.0983
vn -0.1797 0.9837 -0.0041
vn -0.1674 0.9837 -0.0660
vn -0.3324 0.9431 -0.0010
vn -0.0157 0.9999 -0.0053
vn -0.0135 0.9950 -0.0993
vn -0.0105 0.9999 -0.0043
vn -0.0101 0.9368 -0.3498
vn -0.0059 0.9400 -0.3411
vn -0.0104 0.8070 -0.5905
vn -0.0072 0.8065 -0.5911
vn -0.0106 0.6253 -0.7803
vn -0.0125 0.6241 -0.7812
vn -0.0061 0.4210 -0.9070
vn -0.0000 0.7391 -0.6736
vn -0.0015 0.7463 -0.6656
vn -0.1710 0.9768 0.1294
vn -0.1404 0.9452 0.2949
vn -0.0084 0.9955 -0.0939
vn -0.6872 0.7264 0.0105
vn -0.6900 0.7222 0.0484
vn -0.4199 0.9076 0.0075
vn -0.0375 0.9347 -0.3534
vn -0.1260 0.9452 -0.3012
vn -0.2481 0.9148 -0.3188
vn -0.3175 0.9458 -0.0683
vn -0.0152 0.6217 -0.7831
vn -0.0453 0.6459 -0.7621
vn -0.0250 0.7921 -0.6099
vn -0.0772 0.7877 -0.6112
vn -0.1950 0.8063 -0.5584
vn -0.2655 0.5179 -0.8132
vn -0.0064 0.4604 -0.8877
vn -0.0367 0.4773 -0.8780
vn -0.1092 0.6843 -0.7209
vn -0.1867 0.7176 -0.6710
vn -0.0663 0.8178 -0.5717
vn -0.0082 0.4416 -0.8972
vn -0.4890 0.5441 -0.6818
vn -0.4083 0.7724 -0.4866
vn -0.1687 0.8390 -0.5173
vn -0.1024 0.4927 -0.8642
vn -0.5984 0.7888 -0.1404
vn -0.7877 0.5976 0.1495
vn -0.6710 0.7330 0.1115
vn -0.8807 0.4649 0.0910
vn -0.8959 0.4422 0.0439
vn -0.7136 0.5390 -0.4475
vn -0.8512 0.4966 -0.1699
vn -0.8991 0.4376 0.0120
vn -0.1876 0.9820 0.0225
vn -0.0292 0.9989 0.0358
vn -0.3917 0.9201 -0.0084
vn -0.3445 0.9388 -0.0024
vn -0.0404 0.9986 0.0348
vn -0.0109 -0.4154 0.9096
vn -0.0077 -0.5896 0.8076
vn -0.0048 -0.5877 0.8090
vn 0.0032 -0.4245 -0.9054
vn 0.0026 -0.0668 -0.9978
vn -0.0151 -0.0700 -0.9974
vn -0.9040 -0.4103 -0.1205
vn -0.9922 -0.0806 -0.0954
vn -0.9055 -0.4242 0.0029
vn -0.0000 -0.0662 -0.9978
vn -0.9845 -0.0330 0.1725
vn -0.9827 0.1850 0.0088
vn -0.6971 0.7170 0.0025
vn -0.6989 0.7153 0.0032
vn -0.1890 0.9819 -0.0104
vn -0.0465 0.9989 -0.0090
vn -0.0241 0.9997 -0.0096
vn -0.0194 0.9997 -0.0114
vn -0.8891 0.4576 0.0008
vn -0.6421 0.7666 -0.0007
vn -0.0198 0.9998 -0.0076
vn -0.0486 0.9988 -0.0069
vn -0.6965 0.7175 0.0009
vn -0.0183 0.9998 -0.0086
vn -0.9979 -0.0650 0.0047
vn -0.9968 -0.0796 0.0027
vn -0.0499 0.9988 -0.0026
vn -0.6318 0.7752 -0.0008
vn -0.6955 0.7185 0.0009
vn -0.6952 0.7188 0.0021
vn -0.5881 0.0205 -0.8085
vn -0.3065 -0.0176 -0.9517
vn -0.8780 -0.0071 -0.4787
vn 0.7465 -0.0316 0.6646
vn 0.7058 -0.0364 0.7074
vn 0.9165 -0.0210 0.3995
vn 0.9065 -0.0071 0.4221
vn -0.7058 -0.0364 0.7074
vn -0.0000 -0.3051 0.9523
vn -0.0000 0.9813 0.1923
vn -0.0000 0.8917 -0.4526
vn 0.0036 0.7430 0.6693
vn 0.0186 0.7381 0.6745
vn 0.0032 0.6109 0.7917
vn 0.0009 0.8324 0.5542
vn 0.0165 0.6046 0.7963
vn 0.0072 0.8291 0.5590
vn 0.0003 0.9660 0.2585
vn 0.0025 0.9668 0.2557
vn 0.8596 0.0215 0.5105
vn 0.9391 0.2343 0.2515
vn 0.9348 -0.0220 0.3544
vn 0.9923 -0.0720 -0.1007
vn 0.9471 -0.0143 -0.3207
vn 0.9418 0.2814 -0.1841
vn 0.3760 0.7288 0.5722
vn 0.2177 0.8625 0.4568
vn 0.5068 0.8154 0.2799
vn 0.5777 0.7551 0.3100
vn 0.9482 -0.0411 0.3149
vn 0.7185 0.3192 -0.6180
vn 0.9118 0.3944 -0.1146
vn 0.0770 0.9729 0.2182
vn 0.1854 0.9680 0.1692
vn 0.4584 0.8836 0.0953
vn 0.7810 0.6048 0.1557
vn 0.7923 0.5960 0.1305
vn 0.5098 0.8529 0.1123
vn 0.8127 0.5664 0.1366
vn 0.5014 0.8442 0.1896
vn 0.4621 0.8827 0.0853
vn 0.8226 0.5405 0.1768
vn 0.4899 0.7417 0.4580
vn 0.8887 0.1734 0.4245
vn 0.9948 0.1016 0.0006
vn 0.2979 -0.2313 0.9262
vn 0.7628 0.0751 0.6423
vn 0.8532 0.1191 0.5078
vn 0.4255 -0.4060 0.8088
vn 0.3279 -0.7051 0.6288
vn 0.8038 -0.2115 0.5561
vn 0.2467 -0.6797 0.6908
vn 0.4948 -0.5642 0.6609
vn 0.1533 -0.5619 0.8129
vn 0.4509 -0.5284 0.7194
vn 0.4527 -0.5674 0.6879
vn 0.0111 -0.4708 0.8822
vn 0.0087 -0.6069 0.7947
vn 0.0086 -0.5038 0.8638
vn 0.0075 -0.5214 0.8533
vn 0.0053 -0.6198 0.7847
vn 0.0621 -0.5928 0.8029
vn 0.0046 -0.5074 0.8617
vn 0.0048 -0.5877 0.8090
vn 0.9415 0.2551 0.2203
vn 0.9178 0.3469 0.1931
vn 0.8648 0.4210 0.2735
vn 0.9460 0.2908 0.1435
vn 0.4973 0.8578 0.1302
vn 0.5960 0.7908 0.1392
vn 0.3757 0.9244 0.0655
vn 0.5803 0.8043 0.1275
vn 0.8057 0.5796 0.1220
vn 0.1007 0.7441 0.6604
vn 0.9690 -0.1632 0.1854
vn 0.9847 -0.0938 0.1472
vn 0.7282 0.6611 0.1806
vn 0.9609 0.2202 0.1677
vn 0.7908 0.5972 0.1337
vn 0.9620 0.2202 0.1613
vn 0.9959 0.0212 0.0879
vn 0.9442 -0.3003 0.1354
vn 0.9459 -0.2954 0.1342
vn 0.9417 -0.3190 0.1074
vn 0.8213 0.5465 0.1639
vn 0.8471 0.4706 0.2469
vn 0.8555 0.3291 0.3997
vn -0.0699 -0.2346 0.9696
vn 0.1140 0.0971 0.9887
vn 0.8706 -0.0122 0.4918
vn 0.9018 0.2421 0.3581
vn 0.9613 0.0357 0.2733
vn 0.9060 0.3244 0.2718
vn 0.9154 0.3189 0.2456
vn 0.9980 0.0626 -0.0043
vn 0.8921 -0.4519 0.0018
vn 0.9817 0.1172 0.1499
vn 0.9724 -0.1442 0.1835
vn 0.8881 0.3944 0.2361
vn 0.8488 0.4889 0.2014
vn 0.9056 0.2553 0.3387
vn 0.9675 0.1390 0.2111
vn 0.9508 -0.1879 0.2463
vn 0.8591 0.4794 0.1790
vn 0.8008 0.5870 0.1187
vn 0.9255 -0.0059 0.3787
vn 0.9592 0.0481 0.2787
vn 0.9052 -0.4241 0.0279
vn 0.8342 0.5513 0.0122
vn 0.9132 -0.4075 0.0014
vn 0.6489 0.7520 0.1157
vn 0.9944 -0.1005 -0.0338
vn 0.7863 0.6173 0.0262
vn 0.7896 0.6136 0.0011
vn 0.9467 0.3214 0.0222
vn 0.8061 0.5847 0.0913
vn 0.8279 0.5562 0.0724
vn 0.8672 0.4951 0.0541
vn 0.7017 0.7067 0.0907
vn 0.7666 0.6382 0.0707
vn 0.9655 -0.2498 0.0735
vn 0.9614 -0.2659 0.0708
vn 0.9405 -0.3383 0.0310
vn 0.8909 0.4524 0.0411
vn 0.9450 0.3267 0.0131
vn 0.9451 0.3267 0.0022
vn 0.9223 -0.3801 0.0697
vn 0.9892 0.1048 0.1027
vn 0.8764 0.1007 -0.4709
vn 0.9863 0.1119 0.1214
vn 0.9424 0.3345 0.0022
vn 0.9438 0.3304 -0.0044
vn 0.8973 -0.4415 -0.0002
vn 0.7675 0.0845 0.6355
vn 0.7704 0.0777 0.6328
vn 0.7843 0.0850 -0.6145
vn 0.1867 0.0208 0.9822
vn 0.9849 0.1342 0.1097
vn 0.8636 0.5041 -0.0000
vn 0.8973 -0.4415 -0.0001
vn 0.7825 0.6078 0.1348
vn 0.1760 0.9626 0.2059
vn 0.7684 0.0859 -0.6342
vn 0.9064 0.4224 0.0012
vn 0.9066 -0.4220 0.0012
vn 0.9077 0.4196 -0.0002
vn 0.9448 0.3276 -0.0027
vn 0.7878 0.6160 -0.0003
vn 0.8925 -0.4510 -0.0026
vn 0.7866 0.0792 -0.6124
vn 0.8261 0.2135 -0.5216
vn 0.2702 0.1992 -0.9420
vn 0.8932 0.1965 -0.4045
vn 0.5699 0.1824 -0.8012
vn 0.8478 0.4167 0.3280
vn 0.8439 -0.5237 0.1161
vn 0.2067 -0.9701 -0.1274
vn 0.5087 -0.1395 0.8496
vn 0.8172 -0.0208 -0.5760
vn 0.1881 0.0210 -0.9819
vn 0.8898 -0.2434 -0.3859
vn 0.9555 -0.2920 -0.0420
vn 0.8551 -0.5185 -0.0015
vn 0.9686 -0.2335 0.0858
vn 0.8682 -0.4954 0.0284
vn 0.9542 -0.2311 0.1902
vn 0.8439 -0.0285 -0.5358
vn 0.2792 -0.1747 -0.9442
vn 0.5147 0.0658 0.8549
vn 0.2474 -0.0034 0.9689
vn 0.2475 -0.0808 0.9655
vn 0.5461 0.1715 0.8200
vn 0.7695 0.0784 -0.6338
vn 0.2166 0.2294 -0.9489
vn 0.6051 0.6046 0.5180
vn 0.9331 0.2957 0.2048
vn 0.5705 0.6002 -0.5606
vn 0.9176 -0.3768 0.1266
vn 0.8379 0.5379 0.0921
vn 0.4078 0.9056 0.1165
vn 0.8231 0.2469 0.5114
vn 0.2232 0.2536 0.9412
vn 0.4362 -0.8956 -0.0873
vn 0.6295 -0.5288 0.5693
vn 0.9942 0.1077 0.0003
vn 0.1682 -0.9699 0.1763
vn 0.1667 -0.9724 -0.1632
vn 0.3638 0.9163 -0.1676
vn 0.9074 0.4191 0.0317
vn 0.9064 -0.4211 0.0321
vn 0.8051 0.5931 0.0025
vn 0.8051 0.5931 0.0011
vn 0.5370 0.0720 -0.8405
vn 0.8453 0.5343 0.0012
vn 0.8471 0.5314 -0.0002
vn 0.8821 -0.4711 0.0015
vn 0.8163 0.1819 0.5483
vn 0.7855 0.0798 0.6137
vn 0.2614 0.1541 0.9529
vn 0.7844 0.0842 0.6146
vn 0.8114 0.0824 -0.5786
vn 0.8280 -0.0129 0.5606
vn 0.2726 -0.1257 0.9539
vn 0.2473 0.0247 0.9686
vn 0.7831 0.6158 -0.0868
vn 0.7823 0.6167 0.0873
vn 0.2306 0.9642 -0.1307
vn 0.2501 0.0248 -0.9679
vn 0.1968 0.0198 -0.9802
vn 0.2003 0.0200 0.9795
vn 0.9056 -0.4242 0.0029
vn 0.8485 0.4250 -0.3153
vn 0.2871 0.7071 -0.6463
vn 0.2939 -0.6981 0.6528
vn 0.2260 0.7248 -0.6509
vn 0.2335 -0.6966 0.6784
vn 0.2314 0.7223 0.6517
vn 0.8122 0.4671 0.3494
vn 0.2354 -0.6941 -0.6803
vn 0.2856 0.6749 0.6804
vn 0.7821 0.6137 -0.1081
vn 0.7785 0.6191 0.1032
vn 0.2101 0.9654 -0.1542
vn 0.1666 0.9701 -0.1764
vn 0.2215 -0.1762 0.9591
vn 0.2220 -0.1557 -0.9625
vn 0.2049 0.9681 0.1446
vn 0.9081 -0.4187 -0.0002
vn 0.9079 0.4192 -0.0000
vn 0.9500 -0.3122 -0.0002
vn 0.9425 -0.3341 -0.0002
vn 0.9502 -0.3118 -0.0000
vn 0.7880 0.6156 -0.0000
vn 0.8698 -0.4801 0.1143
vn 0.2971 -0.9473 0.1197
vn 0.9083 -0.4183 -0.0000
vn 0.9084 -0.4180 -0.0013
vn 0.8350 0.5502 -0.0000
vn 0.8352 0.5499 -0.0009
vn 0.8799 -0.4751 0.0001
vn 0.7881 0.6155 -0.0003
vn 0.3229 0.0326 0.9459
vn 0.9427 -0.3336 -0.0000
vn 0.9427 -0.3337 -0.0012
vn 0.9132 0.3984 -0.0854
vn 0.6801 0.3855 -0.6236
vn 0.6990 -0.3503 -0.6235
vn 0.2137 0.4131 -0.8853
vn 0.7541 0.6410 -0.1428
vn 0.8696 -0.4834 -0.1003
vn 0.6938 0.4017 -0.5977
vn 0.8990 0.3998 -0.1788
vn 0.9002 -0.4003 -0.1717
vn 0.8849 -0.4466 -0.1325
vn 0.6629 -0.4431 -0.6035
vn 0.8632 0.4780 -0.1624
vn 0.8817 -0.4719 -0.0014
vn 0.8766 -0.0451 0.4791
vn 0.3828 -0.2051 0.9008
vn 0.2214 -0.3929 -0.8925
vn 0.2252 0.4097 -0.8840
vn 0.2400 0.3703 -0.8974
vn 0.3594 0.2291 0.9047
vn 0.2224 -0.4332 -0.8734
vn 0.9149 -0.4036 -0.0011
vn 0.8472 0.5313 -0.0011
vn 0.8961 -0.4154 -0.1566
vn 0.5283 0.6520 -0.5440
vn 0.9080 0.4190 -0.0014
vn 0.9502 -0.3117 -0.0013
vn 0.9203 -0.3437 -0.1872
vn 0.6789 -0.2420 -0.6932
vn 0.0724 0.3880 -0.9188
vn 0.0655 0.3786 -0.9233
vn 0.0194 0.3696 -0.9290
vn 0.0550 -0.3012 -0.9520
vn 0.0558 -0.2953 -0.9538
vn 0.0113 -0.2985 -0.9543
vn 0.0585 -0.3428 -0.9376
vn 0.0708 -0.3624 -0.9293
vn 0.0172 -0.2517 -0.9677
vn 0.0572 0.4855 -0.8723
vn 0.0158 0.4648 -0.8853
vn 0.0535 0.3669 -0.9287
vn 0.0109 0.3960 -0.9182
vn 0.0188 0.3692 -0.9292
vn -0.0000 0.3667 -0.9303
vn -0.0000 0.3727 -0.9280
vn -0.4593 0.0995 -0.8827
vn -0.4605 0.1066 -0.8812
vn -0.8171 0.0641 -0.5730
vn -0.0000 -0.2480 -0.9688
vn -0.3605 0.0015 -0.9327
vn -0.7696 -0.0683 -0.6349
vn 0.0022 0.4625 -0.8866
vn -0.0000 0.0995 -0.9950
vn -0.0000 -0.2228 -0.9749
vn -0.0000 0.3952 -0.9186
vn 0.0114 -0.3070 -0.9517
vn -0.0000 -0.2979 -0.9546
vn 0.0115 -0.2374 -0.9713
vn 0.0117 0.4427 -0.8966
vn 0.0118 -0.2304 -0.9730
vn 0.0016 0.4419 -0.8971
vn -0.0522 0.4682 -0.8821
vn -0.1079 0.8039 -0.5850
vn -0.4061 0.6481 -0.6442
vn -0.3077 0.2185 -0.9261
vn 0.0113 -0.2232 -0.9747
vn -0.0000 0.5126 -0.8586
vn 0.8095 0.0867 -0.5807
vn 0.3298 0.0330 -0.9435
vn 0.8586 0.2237 -0.4613
vn 0.3621 0.2294 -0.9035
vn 0.3985 -0.7331 -0.5512
vn 0.3828 -0.2051 -0.9008
vn 0.8709 0.4168 0.2603
vn 0.8788 -0.0488 -0.4746
vn 0.3985 -0.7331 0.5512
vn 0.3648 0.7415 -0.5631
vn 0.3621 0.7421 0.5640
vn 0.2971 -0.9473 -0.1197
vn -0.7211 0.2634 -0.6408
vn -0.1758 0.3609 -0.9159
vn -0.5355 -0.4184 -0.7336
vn -0.2321 -0.1221 -0.9650
vn -0.0002 -0.3273 -0.9449
vn -0.1052 -0.2310 -0.9672
vn -0.1554 -0.6554 -0.7391
vn 0.3081 0.9454 0.1060
vn 0.0030 0.8313 0.5558
vn 0.0008 0.9660 0.2585
vn -0.2151 0.0409 0.9757
vn -0.0970 -0.3532 0.9305
vn -0.1980 -0.2817 0.9389
vn 0.0240 0.1332 0.9908
vn -0.0530 0.1271 0.9905
vn 0.0234 -0.3089 0.9508
vn -0.1328 0.1059 0.9855
vn -0.2559 -0.1752 0.9507
vn 0.1794 0.0426 0.9828
vn 0.1290 0.0800 0.9884
vn -0.1381 0.0339 0.9898
vn -0.0720 0.0833 0.9939
vn 0.2307 -0.2633 0.9367
vn 0.0988 0.1222 0.9876
vn -0.0867 -0.2852 0.9545
vn 0.1731 0.0909 0.9807
vn -0.1679 -0.2098 0.9632
vn 0.2400 0.0314 0.9703
vn 0.1424 -0.3408 0.9293
vn 0.0252 -0.3740 0.9271
vn -0.0195 0.1004 0.9948
vn 0.2370 -0.1054 0.9658
vn 0.2208 -0.0195 0.9751
vn 0.0787 0.0985 0.9920
vn 0.0297 0.1046 0.9941
vn -0.1992 -0.1112 0.9736
vn -0.1840 -0.0186 0.9827
vn -0.4166 -0.4747 0.7753
vn 0.6721 -0.0306 0.7398
vn 0.6167 -0.2754 0.7375
vn 0.4735 -0.4782 0.7396
vn 0.0252 0.6271 0.7785
vn -0.5572 -0.2747 0.7836
vn 0.1848 0.0276 0.9824
vn 0.0238 -0.2470 0.9687
vn -0.1660 0.0485 0.9849
vn 0.1127 -0.2193 0.9691
vn 0.1767 -0.1538 0.9722
vn -0.0075 0.0094 0.9999
vn 0.2150 -0.0636 0.9745
vn 0.0602 -0.0613 0.9963
vn -0.0564 -0.0138 0.9983
vn 0.0047 -0.1086 0.9941
vn 0.0322 -0.0935 0.9951
vn 0.0481 -0.0748 0.9960
vn -0.0806 -0.0588 0.9950
vn 0.8220 0.5621 0.0913
vn 0.9847 -0.1366 0.1080
vn 0.8350 0.5466 0.0628
vn 0.9005 0.4349 -0.0000
vn 0.9004 0.4351 -0.0012
vn 0.8971 0.4408 0.0293
vn 0.9413 -0.3376 0.0013
vn 0.8986 0.4388 0.0012
vn 0.8637 0.5039 -0.0012
vn 0.8198 0.5547 -0.1425
vn 0.9400 -0.3239 0.1077
vn -0.0000 0.3743 -0.9273
vn -0.0000 -0.3076 -0.9515
vn 0.9150 -0.4035 -0.0000
vn 0.8756 0.4536 -0.1658
vn 0.0112 0.3732 -0.9277
vn 0.9340 -0.2987 -0.1961
vn 0.6882 -0.2127 -0.6936
vn 0.8348 0.5506 -0.0002
vn 0.0564 -0.2253 -0.9726
vn 0.0570 -0.2202 -0.9738
vn 0.2226 -0.2195 -0.9499
vn 0.6998 -0.2901 -0.6528
vn 0.6744 -0.3130 -0.6687
vn 0.2238 -0.2926 -0.9297
vn 0.9491 -0.3151 0.0013
vn 0.9246 0.3736 0.0740
vn 0.9173 -0.3915 0.0731
vn 0.6152 0.4803 -0.6252
vn 0.2176 0.4496 -0.8663
vn 0.2308 -0.2987 -0.9260
vn 0.8473 0.5311 -0.0000
vn 0.9003 0.4354 -0.0002
vn -0.0000 -0.2326 -0.9726
vn -0.0000 -0.2433 -0.9699
vn 0.9178 0.3912 0.0682
vn -0.0000 0.4745 -0.8803
vn 0.9754 0.1898 0.1118
vn 0.0106 0.4419 -0.8970
vn 0.0107 0.4346 -0.9006
vn 0.6280 0.4824 -0.6107
vn 0.0525 0.4400 -0.8964
vn 0.8375 0.5213 -0.1642
vn -0.0000 -0.2229 -0.9749
vn 0.9148 -0.4039 -0.0002
vn 0.0521 0.4278 -0.9024
vn -0.0000 0.4407 -0.8976
vn 0.9731 0.2031 0.1087
vn 0.2296 -0.2221 -0.9476
vn 0.0155 0.9742 0.2250
vn 0.0015 0.7463 -0.6656
vn 0.0023 0.7572 -0.6532
vn -0.0023 0.7581 -0.6521
vn 0.0181 0.7761 -0.6303
vn 0.0772 0.7877 -0.6112
vn 0.6440 0.7597 -0.0901
vn 0.8264 0.5630 0.0069
vn 0.7016 0.7091 -0.0699
vn 0.8697 -0.2304 0.4366
vn 0.1950 0.8063 -0.5584
vn 0.6841 0.7286 0.0344
vn 0.0165 0.6161 -0.7875
vn 0.8057 0.5811 -0.1142
vn 0.3357 0.8217 -0.4606
vn 0.2603 0.5979 -0.7581
vn 0.0992 0.6042 -0.7906
vn 0.7055 0.5770 -0.4114
vn -0.0000 0.6217 -0.7832
vn -0.0028 0.6224 -0.7827
vn -0.0032 -0.4245 -0.9054
vn -0.0000 -0.4241 -0.9056
vn 0.9040 -0.4103 -0.1205
vn 0.4727 0.5936 -0.6512
vn 0.5360 -0.4073 -0.7395
vn 0.0194 -0.4212 -0.9068
vn 0.1125 -0.4166 -0.9021
vn 0.7943 -0.4003 -0.4569
vn 0.8048 0.5935 0.0047
vn 0.9071 -0.4192 0.0391
vn 0.8070 0.5895 0.0343
vn 0.8315 0.5538 0.0442
vn 0.7909 -0.4238 0.4414
vn 0.6823 -0.3786 0.6254
vn 0.3890 -0.6297 0.6725
vn 0.7852 0.5292 0.3214
vn 0.3593 0.6506 0.6690
vn 0.2900 -0.3444 0.8929
vn 0.8781 -0.4312 0.2073
vn 0.8402 -0.4005 0.3656
vn 0.8238 -0.3913 0.4102
vn 0.8568 0.5143 0.0368
vn 0.0109 -0.4154 0.9096
vn 0.0108 -0.4154 0.9096
vn 0.1570 0.9783 0.1349
vn -0.0000 0.6762 0.7367
vn 0.0077 -0.5896 0.8076
vn -0.0000 -0.5844 0.8114
vn 0.1066 -0.6600 0.7437
vn 0.2936 -0.4112 -0.8629
vn 0.5881 0.0205 -0.8085
vn 0.8780 -0.0071 -0.4787
vn 0.9845 -0.0330 0.1725
vn -0.0000 -0.4242 -0.9056
vn 0.1121 -0.0538 -0.9922
vn 0.9949 -0.0921 0.0411
vn 0.9582 -0.1039 0.2665
vn 0.9922 -0.0806 -0.0954
vn -0.0003 -0.7057 -0.7085
vn -0.0000 -0.3325 -0.9431
vn -0.0003 -0.7096 -0.7046
vn 0.8451 0.5344 0.0172
vn 0.0019 -0.6335 0.7738
vn -0.0000 -0.4999 0.8661
vn 0.9977 -0.0661 0.0123
vn 0.4509 -0.8817 0.1391
vn 0.9057 -0.4239 0.0034
vn 0.8052 0.5929 0.0030
vn 0.9968 -0.0796 0.0027
vn 0.9056 -0.4242 0.0012
vn 0.8050 0.5933 0.0011
vn 0.9968 -0.0798 0.0013
vn -0.6850 0.2933 0.6669
vn -0.9457 -0.0833 0.3141
vn -0.0000 -0.7533 0.6577
vn -0.6230 0.7366 0.2633
vn -0.7500 0.6486 -0.1296
vn -0.0317 0.7876 0.6154
vn -0.0072 0.8291 0.5590
vn -0.1339 0.5906 0.7958
vn -0.0000 0.9660 0.2585
vn -0.0003 0.9660 0.2585
vn -0.0025 0.9668 0.2557
vn -0.0961 0.8176 0.5677
vn -0.9785 -0.1942 0.0689
vn -0.9801 -0.0826 0.1802
vn -0.8596 0.0215 0.5105
vn -0.9418 0.2814 -0.1841
vn -0.9471 -0.0143 -0.3207
vn -0.9209 0.0303 -0.3886
vn -0.3760 0.7288 0.5722
vn -0.7150 0.5685 0.4070
vn -0.5068 0.8154 0.2799
vn -0.9846 0.0343 0.1714
vn -0.9351 0.2950 0.1963
vn -0.9172 -0.0041 0.3984
vn -0.9482 -0.0411 0.3149
vn -0.7185 0.3192 -0.6180
vn -0.2400 0.3703 -0.8974
vn -0.3081 0.9454 0.1060
vn -0.6661 0.7030 0.2490
vn -0.4584 0.8836 0.0953
vn -0.4621 0.8827 0.0853
vn -0.7923 0.5960 0.1305
vn -0.5098 0.8529 0.1123
vn -0.5014 0.8442 0.1896
vn -0.8127 0.5664 0.1366
vn -0.4899 0.7417 0.4580
vn -0.8226 0.5405 0.1768
vn -0.3337 0.1828 0.9248
vn -0.4676 0.0673 0.8814
vn -0.7954 0.1189 0.5943
vn -0.2942 0.0128 0.9557
vn -0.7302 0.0704 0.6796
vn -0.8684 0.0993 0.4858
vn -0.8887 0.1734 0.4245
vn -0.2979 -0.2312 0.9262
vn -0.4255 -0.4060 0.8088
vn -0.4509 -0.5284 0.7194
vn -0.8942 0.0673 0.4426
vn -0.3279 -0.7051 0.6288
vn -0.2467 -0.6797 0.6908
vn -0.8038 -0.2115 0.5561
vn -0.0621 -0.5928 0.8029
vn -0.1533 -0.5619 0.8129
vn -0.4527 -0.5674 0.6879
vn -0.8709 -0.0357 0.4901
vn -0.0111 -0.4708 0.8822
vn -0.0086 -0.5038 0.8638
vn -0.0087 -0.6069 0.7947
vn -0.0075 -0.5214 0.8533
vn -0.0053 -0.6198 0.7847
vn -0.0046 -0.5074 0.8617
vn -0.4614 0.5361 0.7069
vn -0.5665 0.7366 0.3695
vn -0.9460 0.2908 0.1435
vn -0.4973 0.8578 0.1302
vn -0.6489 0.7520 0.1157
vn -0.8057 0.5796 0.1220
vn -0.9690 -0.1632 0.1854
vn -0.9724 -0.1442 0.1835
vn -0.9847 -0.0938 0.1472
vn -0.7832 0.6059 0.1395
vn -0.9961 0.0160 0.0863
vn -0.9625 0.2168 0.1630
vn -0.8213 0.5465 0.1639
vn -0.8471 0.4706 0.2469
vn 0.1555 -0.1720 0.9727
vn 0.0699 -0.2346 0.9696
vn -0.1140 0.0971 0.9887
vn -0.0284 0.1497 0.9883
vn -0.8706 -0.0122 0.4918
vn -0.9018 0.2421 0.3581
vn -0.9696 0.1334 0.2052
vn -0.9613 0.0357 0.2733
vn -0.9834 -0.1040 0.1489
vn -0.2828 -0.0580 0.9574
vn -0.2776 -0.1683 0.9458
vn -0.9065 -0.0071 0.4221
vn -0.9154 0.3189 0.2456
vn -0.9060 0.3244 0.2718
vn -0.9980 0.0626 -0.0043
vn -0.8178 -0.5755 0.0071
vn -0.8921 -0.4519 0.0018
vn -0.9360 -0.2863 0.2047
vn -0.9675 0.1390 0.2111
vn -0.9817 0.1172 0.1499
vn -0.9580 -0.1168 0.2620
vn -0.8881 0.3944 0.2361
vn -0.9056 0.2553 0.3387
vn -0.8476 0.4898 0.2043
vn -0.9468 -0.1880 0.2613
vn -0.9165 -0.0210 0.3995
vn -0.9508 -0.1879 0.2463
vn -0.8591 0.4794 0.1790
vn -0.9366 -0.2903 0.1963
vn -0.9459 -0.2954 0.1342
vn -0.9592 0.0481 0.2787
vn -0.9052 -0.4241 0.0279
vn -0.8575 0.5139 0.0242
vn -0.8394 -0.5434 0.0087
vn -0.9804 0.1245 0.1526
vn -0.9944 -0.1005 -0.0338
vn -0.9843 0.1723 0.0392
vn -0.9821 0.1882 -0.0000
vn -0.7896 0.6136 0.0011
vn -0.7842 0.6139 0.0896
vn -0.8212 0.5665 0.0695
vn -0.9700 0.2159 0.1115
vn -0.7666 0.6382 0.0707
vn -0.7689 0.6393 -0.0120
vn -0.7823 0.6228 0.0095
vn -0.9871 0.1490 0.0592
vn -0.9655 -0.2498 0.0735
vn -0.9405 -0.3383 0.0310
vn -0.9450 0.3267 0.0131
vn -0.9223 -0.3801 0.0697
vn -0.9745 0.1832 0.1300
vn -0.8764 0.1007 -0.4709
vn -0.9889 0.1246 0.0807
vn -0.7863 0.6173 0.0262
vn -0.8360 0.5481 0.0280
vn -0.8973 -0.4415 -0.0002
vn -0.7843 0.0850 -0.6145
vn -0.7704 0.0777 0.6328
vn -0.8973 -0.4415 -0.0001
vn -0.1666 0.9701 -0.1764
vn -0.9064 0.4224 0.0012
vn -0.9077 0.4196 -0.0002
vn -0.7878 0.6160 -0.0003
vn -0.8925 -0.4510 -0.0026
vn -0.9424 0.3345 0.0022
vn -0.7866 0.0792 -0.6124
vn -0.2501 0.0248 -0.9679
vn -0.2702 0.1992 -0.9420
vn -0.5370 0.0720 -0.8405
vn -0.5699 0.1824 -0.8012
vn -0.7249 0.0618 0.6861
vn -0.2474 -0.0034 0.9689
vn -0.3488 0.4493 0.8224
vn -0.8478 0.4167 0.3280
vn -0.5273 -0.0895 -0.8450
vn -0.9825 0.1863 -0.0003
vn -0.8455 -0.5205 -0.1189
vn -0.8439 -0.5237 0.1161
vn -0.2058 -0.9705 0.1256
vn -0.2067 -0.9701 -0.1274
vn -0.8513 0.0667 0.5204
vn -0.4281 0.0033 0.9037
vn -0.5087 -0.1395 0.8496
vn -0.8172 -0.0208 -0.5760
vn -0.2220 -0.1557 -0.9625
vn -0.1881 0.0210 -0.9819
vn -0.9542 -0.2311 0.1902
vn -0.8439 -0.0285 -0.5358
vn -0.2792 -0.1747 -0.9442
vn -0.5147 0.0658 0.8549
vn -0.7871 0.2518 0.5632
vn -0.2475 -0.0808 0.9655
vn -0.5461 0.1715 0.8200
vn -0.1968 0.0198 -0.9802
vn -0.2166 0.2294 -0.9489
vn -0.9126 0.3421 -0.2240
vn -0.8301 0.5452 -0.1172
vn -0.6051 0.6046 0.5180
vn -0.6430 -0.5773 -0.5032
vn -0.5705 0.6002 -0.5606
vn -0.3638 0.9163 -0.1676
vn -0.9054 -0.4152 -0.0889
vn -0.9176 -0.3768 0.1266
vn -0.3260 0.9453 0.0144
vn -0.4078 0.9056 0.1165
vn -0.8231 0.2469 0.5114
vn -0.2232 0.2536 0.9412
vn -0.8379 0.5379 0.0921
vn -0.4362 -0.8956 -0.0873
vn -0.8932 0.1965 -0.4045
vn -0.6295 -0.5288 0.5693
vn -0.8909 -0.0028 0.4541
vn -0.9331 0.2957 0.2048
vn -0.8394 -0.5244 -0.1427
vn -0.8430 -0.5168 0.1491
vn -0.1667 -0.9724 -0.1632
vn -0.2867 0.9579 -0.0155
vn -0.7903 0.6013 0.1181
vn -0.9074 0.4191 0.0317
vn -0.8051 0.5931 0.0025
vn -0.8051 0.5931 0.0011
vn -0.4458 0.0448 -0.8940
vn -0.7017 0.7067 0.0907
vn -0.8471 0.5314 -0.0002
vn -0.8821 -0.4711 0.0015
vn -0.8163 0.1819 0.5483
vn -0.2614 0.1541 0.9529
vn -0.7855 0.0798 0.6137
vn -0.7844 0.0842 0.6146
vn -0.8095 0.0867 -0.5807
vn -0.8114 0.0824 -0.5786
vn -0.9095 -0.2232 -0.3507
vn -0.2375 0.0241 0.9711
vn -0.2726 -0.1257 0.9539
vn -0.2473 0.0247 0.9686
vn -0.2306 0.9642 -0.1307
vn -0.7823 0.6167 0.0873
vn -0.2349 0.0239 -0.9717
vn -0.2003 0.0200 0.9795
vn -0.9056 -0.4242 0.0012
vn -0.8485 0.4250 -0.3153
vn -0.8261 0.2135 -0.5216
vn -0.2871 0.7071 -0.6463
vn -0.2939 -0.6982 0.6528
vn -0.2910 -0.7296 -0.6188
vn -0.2260 0.7248 -0.6509
vn -0.2335 -0.6966 0.6784
vn -0.1682 -0.9699 0.1763
vn -0.2354 -0.6941 -0.6803
vn -0.7821 0.6137 -0.1081
vn -0.2101 0.9654 -0.1542
vn -0.9126 -0.2013 0.3557
vn -0.2215 -0.1762 0.9591
vn -0.8856 -0.2501 0.3914
vn -0.9118 0.4107 0.0030
vn -0.9079 0.4192 -0.0000
vn -0.9500 -0.3122 -0.0002
vn -0.9502 -0.3118 -0.0000
vn -0.9425 -0.3341 -0.0002
vn -0.8636 0.5041 -0.0000
vn -0.9080 0.4190 -0.0014
vn -0.9084 -0.4180 -0.0013
vn -0.8799 -0.4751 0.0001
vn -0.3229 0.0326 0.9459
vn -0.8051 0.0868 0.5868
vn -0.9219 0.3873 0.0028
vn -0.9502 -0.3117 -0.0013
vn -0.9427 -0.3337 -0.0012
vn -0.8615 0.4007 0.3118
vn -0.8122 0.4671 0.3494
vn -0.9132 0.3984 -0.0854
vn -0.6629 -0.4431 -0.6035
vn -0.6938 0.4017 -0.5977
vn -0.8990 0.3998 -0.1788
vn -0.6875 0.3163 -0.6537
vn -0.9118 0.3944 -0.1146
vn -0.8632 0.4780 -0.1624
vn -0.3181 0.0324 0.9475
vn -0.3828 -0.2051 0.9008
vn -0.2214 -0.3929 -0.8925
vn -0.3594 0.2291 0.9047
vn -0.2224 -0.4332 -0.8734
vn -0.9149 -0.4036 -0.0011
vn -0.9340 -0.2987 -0.1961
vn -0.9202 -0.3437 -0.1872
vn -0.6789 -0.2420 -0.6932
vn -0.0724 0.3880 -0.9188
vn -0.0194 0.3696 -0.9290
vn -0.0550 -0.3012 -0.9520
vn -0.0114 -0.3070 -0.9517
vn -0.0113 -0.2985 -0.9543
vn -0.0585 -0.3428 -0.9376
vn -0.0115 -0.2374 -0.9713
vn -0.0172 -0.2517 -0.9677
vn -0.0708 -0.3624 -0.9293
vn -0.0158 0.4648 -0.8853
vn -0.0536 0.3932 -0.9179
vn -0.0109 0.3960 -0.9182
vn -0.0535 0.3669 -0.9287
vn -0.2252 0.4097 -0.8840
vn -0.0528 0.4367 -0.8981
vn -0.0521 0.4278 -0.9024
vn -0.2180 0.3546 -0.9092
vn 0.4593 0.0995 -0.8827
vn 0.8171 0.0641 -0.5730
vn 0.4605 0.1066 -0.8812
vn 0.3605 0.0016 -0.9327
vn 0.7696 -0.0683 -0.6348
vn -0.0022 0.4625 -0.8866
vn -0.0117 0.4427 -0.8966
vn -0.0016 0.4419 -0.8971
vn -0.0118 -0.2304 -0.9730
vn 0.0522 0.4682 -0.8821
vn 0.1758 0.3609 -0.9159
vn 0.4061 0.6481 -0.6442
vn -0.0113 -0.2232 -0.9747
vn 0.1079 0.8039 -0.5850
vn -0.3181 0.0324 -0.9475
vn -0.3298 0.0330 -0.9435
vn -0.3621 0.2293 -0.9035
vn -0.8709 0.4168 0.2603
vn -0.8788 -0.0488 -0.4746
vn -0.9827 0.1847 0.0141
vn -0.9146 -0.2538 0.3147
vn -0.8766 -0.0451 0.4791
vn -0.8586 0.2237 -0.4613
vn -0.3648 0.7415 -0.5631
vn -0.3621 0.7421 0.5640
vn -0.3985 -0.7331 0.5512
vn -0.8280 -0.0129 0.5606
vn -0.9017 0.4323 0.0092
vn 0.8186 0.0701 -0.5700
vn 0.7211 0.2634 -0.6408
vn 0.5355 -0.4184 -0.7336
vn 0.0002 -0.3273 -0.9449
vn 0.0003 -0.7057 -0.7085
vn 0.1554 -0.6554 -0.7391
vn 0.1052 -0.2310 -0.9672
vn -0.0030 0.8313 0.5558
vn -0.0008 0.9660 0.2585
vn 0.0970 -0.3532 0.9305
vn -0.0240 0.1332 0.9908
vn -0.0234 -0.3089 0.9508
vn 0.0530 0.1271 0.9905
vn -0.1290 -0.2738 0.9531
vn 0.1328 0.1059 0.9855
vn -0.2208 -0.0195 0.9751
vn -0.1794 0.0426 0.9828
vn -0.1290 0.0800 0.9884
vn 0.1381 0.0339 0.9898
vn -0.2307 -0.2633 0.9367
vn 0.0867 -0.2852 0.9545
vn -0.2400 0.0314 0.9703
vn -0.1424 -0.3408 0.9293
vn 0.0195 0.1004 0.9948
vn 0.0720 0.0833 0.9939
vn -0.0252 -0.3740 0.9271
vn -0.0297 0.1046 0.9941
vn -0.2157 -0.1889 0.9580
vn -0.2370 -0.1054 0.9658
vn -0.0787 0.0985 0.9920
vn 0.1992 -0.1112 0.9736
vn 0.1840 -0.0186 0.9827
vn 0.4166 -0.4747 0.7753
vn 0.2114 -0.6079 0.7654
vn 0.5702 0.2140 0.7931
vn 0.6121 -0.0330 0.7901
vn 0.5572 -0.2747 0.7836
vn -0.6721 -0.0306 0.7398
vn -0.0269 -0.6554 0.7548
vn -0.4900 0.4337 0.7561
vn -0.6167 -0.2754 0.7375
vn -0.4735 -0.4782 0.7396
vn 0.4351 0.4281 0.7921
vn -0.2665 -0.6106 0.7458
vn -0.6284 0.2191 0.7464
vn -0.1848 0.0276 0.9824
vn -0.1127 -0.2193 0.9691
vn -0.0238 -0.2470 0.9687
vn 0.0758 0.1169 0.9903
vn 0.1660 0.0485 0.9849
vn -0.1767 -0.1538 0.9722
vn -0.2150 -0.0636 0.9745
vn 0.0564 -0.0138 0.9983
vn 0.2104 -0.0629 0.9756
vn 0.0806 -0.0588 0.9950
vn 0.0459 -0.0929 0.9946
vn -0.0047 -0.1086 0.9941
vn -0.0322 -0.0935 0.9951
vn -0.0691 -0.0489 0.9964
vn -0.0481 -0.0748 0.9960
vn -0.8220 0.5621 0.0913
vn -0.8350 0.5466 0.0628
vn -0.9847 -0.1366 0.1080
vn -0.9427 -0.3336 -0.0000
vn -0.9004 0.4351 -0.0012
vn -0.8971 0.4408 0.0293
vn -0.8986 0.4388 0.0012
vn -0.8198 0.5547 -0.1425
vn -0.9173 -0.3915 0.0731
vn -0.8756 0.4536 -0.1658
vn -0.0112 0.3732 -0.9277
vn -0.6882 -0.2127 -0.6936
vn -0.8348 0.5506 -0.0002
vn -0.0564 -0.2253 -0.9726
vn -0.2226 -0.2195 -0.9499
vn -0.2238 -0.2926 -0.9297
vn -0.6744 -0.3130 -0.6687
vn -0.9005 0.4349 -0.0000
vn -0.8332 0.5530 0.0011
vn -0.9246 0.3736 0.0740
vn -0.9064 -0.4211 0.0321
vn -0.2308 -0.2987 -0.9260
vn -0.2176 0.4496 -0.8663
vn -0.9838 -0.1431 0.1079
vn -0.0558 -0.2953 -0.9538
vn -0.9150 -0.4035 -0.0000
vn -0.9003 0.4354 -0.0002
vn -0.6152 0.4803 -0.6252
vn -0.0000 0.4307 -0.9025
vn -0.9178 0.3912 0.0682
vn -0.6513 0.3918 -0.6498
vn -0.9754 0.1898 0.1118
vn -0.0106 0.4419 -0.8970
vn -0.6280 0.4824 -0.6107
vn -0.2167 0.4323 -0.8753
vn -0.8350 0.5502 -0.0000
vn -0.9614 -0.2659 0.0708
vn -0.5283 0.6520 -0.5440
vn -0.0525 0.4400 -0.8964
vn -0.8375 0.5213 -0.1642
vn -0.8453 0.5343 0.0012
vn -0.9731 0.2031 0.1087
vn -0.0107 0.4346 -0.9006
vn 0.2321 -0.1221 -0.9650
vn -0.0155 0.9742 0.2250
vn -0.0136 0.9728 0.2312
vn -0.0095 0.9739 0.2267
vn -0.4697 0.8823 -0.0318
vn -0.0023 0.7572 -0.6532
vn -0.1570 0.9783 0.1349
vn 0.0023 0.7581 -0.6521
vn -0.0181 0.7761 -0.6303
vn -0.3357 0.8217 -0.4606
vn -0.4939 0.8201 -0.2889
vn -0.6440 0.7597 -0.0901
vn -0.8264 0.5630 0.0069
vn -0.8451 0.5344 0.0172
vn -0.7299 0.6791 -0.0785
vn -0.6841 0.7286 0.0344
vn -0.6612 0.7502 -0.0021
vn -0.4948 -0.5642 0.6609
vn -0.8697 -0.2304 0.4366
vn -0.7001 0.7140 0.0041
vn -0.0165 0.6161 -0.7875
vn -0.7055 0.5770 -0.4114
vn -0.8057 0.5811 -0.1142
vn -0.2603 0.5979 -0.7581
vn -0.0992 0.6042 -0.7907
vn -0.4727 0.5936 -0.6512
vn 0.0028 0.6224 -0.7827
vn -0.7943 -0.4003 -0.4569
vn -0.2937 -0.4112 -0.8629
vn -0.5360 -0.4073 -0.7394
vn -0.0194 -0.4212 -0.9068
vn -0.1125 -0.4166 -0.9021
vn -0.9055 -0.4243 0.0044
vn -0.9057 -0.4239 0.0052
vn -0.8048 0.5935 0.0047
vn -0.8046 0.5938 0.0039
vn -0.9071 -0.4192 0.0391
vn -0.8781 -0.4312 0.2073
vn -0.8315 0.5538 0.0442
vn -0.8070 0.5895 0.0343
vn -0.7909 -0.4238 0.4414
vn -0.3890 -0.6297 0.6725
vn -0.7852 0.5292 0.3214
vn -0.3593 0.6506 0.6690
vn -0.6824 -0.3786 0.6254
vn -0.2900 -0.3444 0.8929
vn -0.8402 -0.4005 0.3656
vn -0.9582 -0.1039 0.2665
vn -0.9327 -0.1160 0.3414
vn -0.8568 0.5143 0.0368
vn -0.0069 -0.4151 0.9097
vn -0.0120 0.7002 0.7138
vn -0.0175 0.6874 0.7261
vn -0.0108 -0.4154 0.9096
vn -0.0188 0.6855 0.7279
vn -0.0000 0.9642 0.2651
vn -0.1066 -0.6600 0.7437
vn -0.8238 -0.3913 0.4102
vn -0.9949 -0.0921 0.0411
vn -0.6746 0.7342 -0.0768
vn -0.1121 -0.0538 -0.9922
vn -0.9977 -0.0661 0.0123
vn 0.0003 -0.7096 -0.7046
vn -0.0000 -0.7135 -0.7007
vn -0.7016 0.7091 -0.0699
vn -0.0019 -0.6335 0.7738
vn -0.0000 -0.6288 0.7776
vn -0.4509 -0.8817 0.1391
vn -0.9584 -0.1169 0.2602
vn -0.9057 -0.4239 0.0034
vn -0.8052 0.5929 0.0030
vn -0.8050 0.5933 0.0011
vn -0.9968 -0.0798 0.0013
vn -0.9954 -0.0958 0.0006
vn -0.9939 -0.1106 0.0036
vn 0.7500 0.6486 -0.1296
vn 0.1301 -0.0648 0.9894
vn 0.4458 0.0448 -0.8940
vn 0.2867 0.9579 -0.0155
vn -0.9530 -0.0449 0.2997
vn -0.9838 -0.1526 -0.0940
vn -0.9836 -0.1719 0.0544
vn -0.1724 -0.4103 -0.8955
vn -0.9790 -0.2038 -0.0085
vn 0.2058 -0.9705 0.1256
vn 0.4281 0.0033 0.9037
vn 0.2349 0.0239 -0.9717
vn 0.2285 0.9647 0.1310
vn 0.2375 0.0241 0.9711
vn 0.3181 0.0324 0.9475
vn -0.8186 0.0701 -0.5701
vn -0.0000 0.8174 -0.5761
vn 0.3181 0.0324 -0.9475
vn -0.2285 0.9647 0.1310
vn -0.3921 0.7196 0.5731
vn -0.5697 -0.0327 0.8212
vn -0.9389 -0.0035 0.3441
vn -0.7012 0.6686 0.2475
vn 0.0999 -0.0182 0.9948
vn 0.0979 -0.6327 0.7682
vn -0.3638 -0.7350 0.5722
vn -0.0077 -0.9116 -0.4109
vn -0.6442 -0.6413 -0.4168
vn -0.7038 -0.6904 -0.1674
vn -0.0564 -0.9976 -0.0411
vn 0.0790 -0.9861 -0.1459
vn 0.0970 -0.9951 -0.0182
vn -0.7001 -0.6563 0.2815
vn 0.7561 -0.5800 -0.3033
vn 0.4794 -0.5865 -0.6529
vn 0.7312 0.6004 -0.3240
vn 0.9202 0.0286 -0.3904
vn 0.6092 0.0128 -0.7929
vn 0.4823 0.5838 -0.6531
vn 0.0685 -0.5904 -0.8042
vn 0.0684 0.0121 -0.9976
vn -0.0490 0.6196 -0.7834
vn 0.0375 0.9915 -0.1248
vn 0.0957 0.9915 -0.0885
vn 0.0699 0.5935 -0.8018
vn 0.6489 -0.0066 0.7609
vn 0.4719 0.7821 0.4070
vn 0.6330 0.6931 -0.3448
vn 0.9564 0.0025 -0.2922
vn 0.0925 -0.9924 -0.0814
vn 0.4719 -0.7890 0.3934
vn 0.6326 -0.6877 -0.3562
vn 0.0858 0.9800 -0.1794
vn -0.9801 -0.0043 -0.1983
vn -0.6514 0.0008 -0.7587
vn -0.4611 -0.6655 -0.5869
vn 0.0471 -0.9909 -0.1258
vn 0.0961 0.6154 0.7823
vn -0.1036 0.0033 -0.9946
vn -0.0449 -0.6228 -0.7811
vn -0.4711 0.6606 -0.5846
vn 0.1082 0.9913 -0.0757
vn -0.7176 0.6781 -0.1586
vn -0.9116 -0.0027 -0.4111
vn -0.6582 0.6280 -0.4152
vn -0.0748 0.9968 -0.0297
vn -0.0205 0.9161 -0.4004
vn 0.7182 0.0060 -0.6958
vn 0.5078 -0.5018 -0.7002
vn -0.7155 -0.0013 -0.6986
vn -0.5114 0.4931 -0.7038
vn -0.5100 -0.5010 -0.6993
vn 0.0020 0.7247 -0.6891
vn 0.5087 0.5130 -0.6914
vn -0.0005 -0.7126 -0.7016
vn -0.0069 -0.0682 -0.9976
vn 0.2560 -0.0659 -0.9644
vn 0.2560 -0.2528 -0.9330
vn -0.0069 -0.2615 -0.9652
vn 0.2560 -0.4300 -0.8658
vn -0.0069 -0.4448 -0.8956
vn 0.2560 -0.5906 -0.7653
vn -0.0069 -0.6110 -0.7916
vn 0.2560 -0.7286 -0.6353
vn -0.0069 -0.7537 -0.6572
vn 0.2560 -0.8385 -0.4810
vn -0.0069 -0.8674 -0.4976
vn 0.2560 -0.9163 -0.3082
vn -0.0069 -0.9478 -0.3188
vn 0.2560 -0.9588 -0.1235
vn -0.0069 -0.9918 -0.1277
vn 0.2560 -0.9644 0.0659
vn -0.0069 -0.9976 0.0682
vn 0.2560 -0.9330 0.2528
vn -0.0069 -0.9652 0.2615
vn 0.2560 -0.8658 0.4300
vn -0.0069 -0.8956 0.4448
vn 0.2560 -0.7653 0.5906
vn -0.0069 -0.7916 0.6110
vn 0.2560 -0.6353 0.7286
vn -0.0069 -0.6572 0.7537
vn 0.2560 -0.4810 0.8385
vn -0.0069 -0.4976 0.8674
vn -0.0069 -0.3188 0.9478
vn 0.2560 -0.3082 0.9163
vn -0.0069 -0.1277 0.9918
vn 0.2560 -0.1235 0.9588
vn -0.0069 0.0682 0.9976
vn 0.2560 0.0659 0.9644
vn -0.0069 0.2615 0.9652
vn 0.2560 0.2528 0.9330
vn -0.0069 0.4448 0.8956
vn 0.2560 0.4300 0.8658
vn -0.0069 0.6110 0.7916
vn 0.2560 0.5906 0.7653
vn -0.0069 0.7537 0.6572
vn 0.2560 0.7286 0.6353
vn -0.0069 0.8674 0.4976
vn 0.2560 0.8385 0.4810
vn -0.0069 0.9478 0.3188
vn 0.2560 0.9163 0.3082
vn -0.0069 0.9918 0.1277
vn 0.2560 0.9588 0.1235
vn -0.0069 0.9976 -0.0682
vn 0.2560 0.9644 -0.0659
vn -0.0069 0.9652 -0.2615
vn 0.2560 0.9330 -0.2528
vn -0.0069 0.8956 -0.4448
vn 0.2560 0.8658 -0.4300
vn -0.0069 0.7916 -0.6110
vn 0.2560 0.7653 -0.5906
vn -0.0069 0.6572 -0.7537
vn 0.2560 0.6353 -0.7286
vn -0.0069 0.4976 -0.8674
vn 0.2560 0.4810 -0.8385
vn -0.0069 0.3188 -0.9478
vn -0.2743 0.7248 0.6320
vn -0.0069 0.1277 -0.9918
vn 0.2560 0.1235 -0.9588
vn 0.2560 0.3082 -0.9163
vn -0.2743 0.8342 0.4785
vn -0.2743 0.5875 0.7613
vn -0.2743 0.4277 0.8613
vn -0.2743 0.2515 0.9282
vn -0.2743 0.0656 0.9594
vn -0.2743 -0.1229 0.9538
vn -0.2743 -0.3066 0.9115
vn -0.2743 -0.4785 0.8342
vn -0.2743 -0.6320 0.7248
vn -0.2743 -0.7613 0.5875
vn -0.2743 -0.9282 0.2515
vn -0.2743 -0.9594 0.0656
vn -0.2743 -0.9538 -0.1229
vn -0.2743 -0.9115 -0.3066
vn -0.2743 -0.8342 -0.4785
vn -0.2743 -0.7248 -0.6320
vn -0.2743 -0.5876 -0.7613
vn -0.2743 -0.2515 -0.9282
vn -0.2743 -0.0656 -0.9594
vn -0.2743 0.1229 -0.9538
vn -0.2743 0.3066 -0.9115
vn -0.2743 0.4785 -0.8342
vn -0.2743 0.6320 -0.7248
vn -0.2743 0.7613 -0.5876
vn -0.2742 0.9282 -0.2515
vn -0.2743 0.9594 -0.0656
vn -0.2743 0.9538 0.1229
vn -0.2743 0.9115 0.3066
vn -0.4732 -0.0601 -0.8789
vn -0.4732 0.8737 0.1125
vn -0.4732 0.7642 0.4383
vn -0.4732 0.3919 0.7890
vn -0.4732 -0.5790 0.6640
vn -0.4732 -0.8350 -0.2808
vn -0.4732 0.5790 -0.6640
vn -0.4732 -0.2808 0.8350
vn -0.2743 -0.8613 0.4277
vn -0.4732 -0.6974 0.5382
vn -0.4732 -0.8789 0.0601
vn -0.4732 0.5382 0.6974
vn -1.0000 -0.0043 -0.0056
vn -1.0000 -0.0053 -0.0046
vn -0.7454 -0.5024 -0.4381
vn -1.0000 -0.0031 -0.0063
vn -0.7454 -0.2965 -0.5970
vn -1.0000 0.0005 0.0070
vn -1.0000 0.0018 0.0068
vn -0.7454 0.1743 0.6434
vn -1.0000 -0.0061 -0.0035
vn -0.7454 -0.5782 -0.3317
vn -1.0000 -0.0009 0.0070
vn -0.7454 0.0455 0.6650
vn -0.7454 -0.6318 -0.2125
vn -0.7454 -0.6611 -0.0852
vn -0.6743 -0.7324 -0.0943
vn -0.7454 -0.4073 -0.5277
vn -0.6743 -0.5566 -0.4853
vn -0.7454 -0.0455 -0.6650
vn -0.7454 -0.1743 -0.6434
vn -0.6743 -0.1931 -0.7128
vn -0.7454 0.3317 -0.5782
vn -0.7454 0.2125 -0.6318
vn -0.6743 0.2354 -0.6999
vn -0.7454 0.5970 -0.2965
vn -0.7454 0.5277 -0.4073
vn -0.6743 0.5846 -0.4512
vn -0.7454 0.6611 0.0852
vn -0.7454 0.6650 -0.0455
vn -0.6743 0.7367 -0.0504
vn -0.7454 0.5024 0.4381
vn -0.7454 0.5782 0.3317
vn -0.6743 0.6406 0.3674
vn -0.7454 0.2965 0.5970
vn -0.6743 0.3285 0.6614
vn -0.7454 -0.2125 0.6318
vn -0.7454 -0.0852 0.6611
vn -0.6743 -0.0943 0.7324
vn -0.7454 -0.5277 0.4073
vn -0.7454 -0.4381 0.5024
vn -0.6743 -0.4853 0.5566
vn -0.7454 -0.6650 0.0455
vn -0.7454 -0.6434 0.1743
vn -0.6743 -0.7128 0.1931
vn -0.6743 -0.6999 -0.2354
vn -0.6743 -0.4512 -0.5846
vn -0.7454 0.0852 -0.6611
vn -0.6743 -0.0504 -0.7367
vn -0.7454 0.4381 -0.5024
vn -0.6743 0.3674 -0.6406
vn -0.7454 0.6434 -0.1743
vn -0.6743 0.6614 -0.3285
vn -0.7454 0.6318 0.2125
vn -0.6743 0.7324 0.0943
vn -0.7454 0.4073 0.5277
vn -0.6743 0.5566 0.4853
vn -0.6743 0.1931 0.7128
vn -0.7454 -0.3317 0.5782
vn -0.6743 -0.2354 0.6999
vn -0.7454 -0.5970 0.2965
vn -0.6743 -0.5846 0.4512
vn -0.6743 -0.7367 0.0504
vn -0.6743 -0.6406 -0.3674
vn -0.6743 -0.3285 -0.6614
vn -0.6743 0.0943 -0.7324
vn -0.6743 0.4853 -0.5566
vn -0.6743 0.7128 -0.1931
vn -0.6743 0.4512 0.5846
vn -0.6743 0.0504 0.7367
vn -0.6743 -0.3674 0.6406
vn -0.6743 -0.6614 0.3285
vn -1.0000 -0.0000 -0.0000
vn -0.6743 0.6999 0.2354
vn 0.7181 -0.6718 0.1820
vn 0.7181 -0.6944 0.0475
vn 0.7181 -0.6903 -0.0889
vn 0.7181 -0.6597 -0.2219
vn 0.7181 -0.6037 -0.3463
vn 0.7181 -0.4252 -0.5510
vn 0.7181 -0.3096 -0.6233
vn 0.7181 -0.1820 -0.6718
vn 0.7181 -0.0475 -0.6944
vn 0.7181 0.2219 -0.6597
vn 0.7181 0.3463 -0.6037
vn 0.7181 0.4574 -0.5246
vn 0.7181 0.5510 -0.4252
vn 0.7181 0.6233 -0.3096
vn 0.7181 0.6718 -0.1820
vn 0.7181 0.6944 -0.0475
vn 0.7181 0.6903 0.0889
vn 0.7181 0.6597 0.2219
vn 0.7181 0.6037 0.3463
vn 0.7181 0.5246 0.4574
vn 0.7181 0.4252 0.5510
vn 0.7181 0.3096 0.6233
vn 0.7181 0.1820 0.6718
vn 0.7181 0.0475 0.6944
vn 0.7180 -0.0889 0.6903
vn 0.7181 -0.2219 0.6597
vn 0.7181 -0.3463 0.6037
vn 0.7181 -0.5510 0.4252
vn 0.7181 -0.6233 0.3096
vn 0.7180 -0.4574 0.5246
vn 0.8273 -0.2795 0.4872
vn 0.8273 -0.5421 0.1469
vn 0.8273 -0.5571 -0.0718
vn 0.7180 -0.5246 -0.4574
vn 0.8273 -0.3432 -0.4447
vn 0.8273 -0.0383 -0.5604
vn 0.8273 0.2795 -0.4872
vn 0.8273 0.5031 -0.2498
vn 0.8273 0.5571 0.0718
vn 0.8273 0.4233 0.3692
vn 0.8273 0.1469 0.5421
vn 0.8273 -0.1791 0.5324
vn 0.8273 -0.4447 0.3432
vn 0.8273 -0.5324 -0.1791
vn 0.8273 -0.2498 -0.5031
vn 0.7181 0.0889 -0.6903
vn 0.8273 0.0718 -0.5571
vn 0.8273 0.5422 -0.1469
vn 0.8273 0.5324 0.1791
vn 0.8273 0.3432 0.4447
vn 0.8273 -0.5604 0.0383
vn 0.8273 -0.4872 -0.2795
vn 0.8273 -0.1469 -0.5421
vn 0.8273 0.1791 -0.5324
vn 0.8273 0.4447 -0.3432
vn 0.8273 0.4872 0.2795
vn 0.8273 0.2498 0.5031
vn 0.8273 0.0383 0.5604
vn 0.8273 -0.0718 0.5571
vn 0.9198 -0.0501 0.3891
vn 0.8273 -0.3692 0.4233
vn 0.9198 -0.1952 0.3403
vn 0.8273 -0.5031 0.2498
vn 0.9198 -0.3514 0.1745
vn 0.9198 -0.3718 -0.1251
vn 0.8273 -0.4233 -0.3692
vn 0.9198 -0.2397 -0.3106
vn 0.9198 -0.0268 -0.3914
vn 0.9198 0.1952 -0.3403
vn 0.9198 0.3514 -0.1745
vn 0.8273 0.5604 -0.0383
vn 0.9198 0.3891 0.0501
vn 0.9198 0.2957 0.2578
vn 0.9198 0.1745 0.3514
vn 0.9198 -0.1251 0.3718
vn 0.9198 -0.3106 0.2397
vn 0.9198 -0.3786 0.1026
vn 0.9198 -0.3403 -0.1952
vn 0.9198 -0.1745 -0.3514
vn 0.8273 0.3692 -0.4233
vn 0.9198 0.2578 -0.2957
vn 0.9198 0.3786 -0.1026
vn 0.9198 0.3718 0.1251
vn 0.9198 0.2397 0.3106
vn 0.9198 0.1026 0.3786
vn 0.9198 -0.3891 -0.0501
vn 0.9198 0.1251 -0.3718
vn 0.9198 0.3106 -0.2397
vn 0.9198 0.3403 0.1952
vn 0.9803 0.0252 -0.1958
vn 0.9803 0.0629 -0.1871
vn 0.9198 0.0268 0.3914
vn 0.9803 -0.0135 -0.1970
vn 0.9198 -0.2578 0.2957
vn 0.9803 0.0982 -0.1712
vn 0.9803 0.1970 -0.0135
vn 0.9198 -0.3914 0.0268
vn 0.9803 0.1958 0.0252
vn 0.9803 0.1206 0.1563
vn 0.9803 0.0135 0.1970
vn 0.9803 -0.0252 0.1958
vn 0.9803 -0.1297 0.1488
vn 0.9803 -0.1563 0.1206
vn 0.9803 -0.1768 0.0878
vn 0.9803 -0.1905 0.0516
vn 0.9803 -0.1958 -0.0252
vn 0.9803 -0.1871 -0.0629
vn 0.9803 -0.1712 -0.0982
vn 0.9803 -0.0878 -0.1768
vn 0.9803 0.1768 -0.0878
vn 0.9803 0.1297 -0.1488
vn 0.9803 0.1905 -0.0516
vn 0.9803 0.1871 0.0629
vn 0.9803 0.0516 0.1905
vn 0.9198 -0.1026 -0.3786
vn 0.9198 0.0501 -0.3891
vn 0.9803 -0.0629 0.1871
vn 0.9803 -0.0982 0.1712
vn 0.9803 -0.1970 0.0135
vn 0.9198 0.3914 -0.0268
vn 0.9803 -0.1488 -0.1297
vn 0.9803 -0.0516 -0.1905
vn 0.9803 0.1563 -0.1206
vn 0.9803 0.1488 0.1297
vn 0.9198 -0.2957 -0.2578
vn 0.9803 0.1712 0.0982
vn 0.9803 0.0878 0.1768
vn 0.9803 -0.1206 -0.1563
vn 0.8899 -0.3956 -0.2269
vn 0.8899 -0.2029 -0.4085
vn 0.8899 -0.0311 -0.4550
vn 0.8899 0.2269 -0.3956
vn 0.8899 0.4402 -0.1193
vn 0.8899 0.4523 0.0583
vn 0.8899 0.2786 0.3610
vn 0.8899 0.0311 0.4550
vn 0.8899 -0.2269 0.3956
vn 0.8899 -0.4085 0.2029
vn 0.8899 -0.4523 -0.0583
vn 0.8899 -0.3437 -0.2997
vn 0.8899 0.1454 -0.4323
vn 0.8899 0.3610 -0.2786
vn 0.8899 0.3956 0.2269
vn 0.8899 -0.0583 0.4523
vn 0.8899 -0.4402 0.1193
vn 0.8899 -0.4323 -0.1454
vn 0.8899 -0.1193 -0.4402
vn 0.8899 0.1193 0.4402
vn 0.8899 -0.1454 0.4323
vn 0.8899 -0.3610 0.2786
vn 0.8899 -0.4550 0.0311
vn 0.8667 -0.4814 0.1304
vn 0.8667 -0.4326 -0.2482
vn 0.8899 -0.2786 -0.3610
vn 0.8667 -0.2218 -0.4467
vn 0.8899 0.0583 -0.4523
vn 0.8667 0.0637 -0.4947
vn 0.8899 0.2997 -0.3437
vn 0.8667 0.2482 -0.4326
vn 0.8899 0.4085 -0.2029
vn 0.8667 0.4814 -0.1304
vn 0.8899 0.4323 0.1454
vn 0.8667 0.4947 0.0637
vn 0.8899 0.3437 0.2997
vn 0.8667 0.3047 0.3948
vn 0.8667 0.0340 0.4976
vn 0.8667 -0.2482 0.4326
vn 0.8667 -0.4467 0.2218
vn 0.8667 -0.4947 -0.0637
vn 0.8667 -0.3759 -0.3278
vn 0.8667 0.1590 -0.4727
vn 0.8667 0.3948 -0.3047
vn 0.8899 0.4550 -0.0311
vn 0.8667 0.4326 0.2482
vn 0.8899 0.2029 0.4085
vn 0.8667 -0.0637 0.4947
vn 0.8899 -0.2997 0.3437
vn 0.8667 -0.4727 -0.1590
vn 0.8667 -0.1304 -0.4814
vn 0.8667 0.1304 0.4814
vn 0.8667 -0.1590 0.4727
vn 0.8667 -0.3948 0.3047
vn 0.8667 -0.3278 0.3759
vn 0.7777 -0.4977 0.3841
vn 0.8667 -0.4976 0.0340
vn 0.7777 -0.6068 0.1644
vn 0.7777 -0.5453 -0.3128
vn 0.8667 -0.3047 -0.3948
vn 0.7777 -0.2796 -0.5630
vn 0.8667 -0.0340 -0.4976
vn 0.7777 0.0803 -0.6235
vn 0.8667 0.3278 -0.3759
vn 0.7777 0.3128 -0.5453
vn 0.8667 0.4467 -0.2218
vn 0.7777 0.6068 -0.1644
vn 0.8667 0.4727 0.1590
vn 0.7777 0.5958 0.2004
vn 0.8667 0.3759 0.3278
vn 0.7777 0.3841 0.4977
vn 0.7777 0.1644 0.6068
vn 0.7777 -0.3128 0.5453
vn 0.7777 -0.5630 0.2796
vn 0.7777 -0.6235 -0.0803
vn 0.7777 -0.4738 -0.4132
vn 0.7777 0.2004 -0.5958
vn 0.7777 0.4132 -0.4738
vn 0.8667 0.4976 -0.0340
vn 0.7777 0.5453 0.3128
vn 0.8667 0.2218 0.4467
vn 0.7777 -0.0803 0.6235
vn 0.7777 -0.5958 -0.2004
vn 0.7777 -0.1644 -0.6068
vn 0.7777 0.4977 -0.3841
vn 0.7777 0.6235 0.0803
vn 0.7777 -0.2004 0.5958
vn 0.7777 -0.4132 0.4738
vn 0.9442 -0.2607 0.2012
vn 0.7777 -0.6272 0.0429
vn 0.9442 -0.3286 0.0225
vn 0.9442 -0.2857 -0.1639
vn 0.7777 -0.0429 -0.6272
vn 0.9442 0.0421 -0.3267
vn 0.9442 0.1639 -0.2857
vn 0.7777 0.4738 0.4132
vn 0.9442 0.2012 0.2607
vn 0.7777 0.2796 0.5630
vn 0.7777 0.6272 -0.0429
vn 0.9442 0.3267 0.0421
vn 0.9442 0.1465 0.2950
vn 0.9442 0.0861 0.3179
vn 0.7640 -0.2870 -0.5779
vn 0.9442 0.2950 -0.1465
vn 0.9442 0.3179 -0.0861
vn 0.7640 -0.5779 0.2870
vn 0.9442 0.0225 0.3286
vn 0.7640 -0.0440 -0.6437
vn 0.9442 -0.1465 -0.2950
vn 0.9442 -0.0861 -0.3179
vn 0.7640 0.2870 0.5779
vn 0.9442 0.3122 0.1050
vn 0.9442 0.2857 0.1639
vn 0.7640 -0.5597 -0.3210
vn 0.9442 -0.0421 0.3267
vn 0.7640 0.0824 -0.6399
vn 0.9442 -0.1639 0.2857
vn 0.9442 -0.2165 0.2482
vn 0.7640 0.3210 -0.5597
vn 0.9442 -0.2950 0.1465
vn 0.9442 -0.3179 0.0861
vn 0.7640 0.6227 -0.1687
vn 0.9442 -0.0225 -0.3286
vn 0.7640 0.1687 0.6227
vn 0.9442 0.2607 -0.2012
vn 0.9442 0.2482 0.2165
vn 0.7640 -0.6437 0.0440
vn 0.7640 -0.6399 -0.0824
vn 0.5982 -0.7948 -0.1024
vn 0.7640 -0.4863 -0.4240
vn 0.5982 -0.6951 -0.3987
vn 0.7640 -0.1687 -0.6227
vn 0.5982 -0.2096 -0.7735
vn 0.7640 0.2057 -0.6115
vn 0.5982 0.2555 -0.7596
vn 0.7640 0.4240 -0.4863
vn 0.7640 0.5108 -0.3942
vn 0.5982 0.6344 -0.4896
vn 0.7640 0.6437 -0.0440
vn 0.5982 0.7735 -0.2096
vn 0.7640 0.6115 0.2057
vn 0.7640 0.5597 0.3210
vn 0.5982 0.6951 0.3987
vn 0.7640 0.3942 0.5108
vn 0.5982 0.3564 0.7177
vn 0.7640 0.0440 0.6437
vn 0.7640 -0.0824 0.6399
vn 0.5982 -0.1024 0.7948
vn 0.7640 -0.3210 0.5597
vn 0.7640 -0.4240 0.4863
vn 0.5982 -0.3987 0.6951
vn 0.7640 -0.6227 0.1687
vn 0.5982 -0.7735 0.2096
vn 0.7640 -0.6115 -0.2057
vn 0.7640 -0.3942 -0.5108
vn 0.5982 -0.4896 -0.6344
vn 0.5982 -0.0547 -0.7995
vn 0.5982 0.3987 -0.6951
vn 0.7640 0.5779 -0.2870
vn 0.7640 0.6399 0.0824
vn 0.5982 0.7948 0.1024
vn 0.7640 0.4863 0.4240
vn 0.5982 0.6040 0.5267
vn 0.7640 -0.2057 0.6115
vn 0.5982 -0.2555 0.7596
vn 0.7640 -0.5108 0.3942
vn 0.5982 -0.6344 0.4896
vn 0.5982 -0.3565 -0.7177
vn 0.5982 0.7596 0.2555
vn 0.5982 0.2096 0.7735
vn 0.5982 -0.7177 0.3564
vn 0.4367 -0.7122 0.5497
vn 0.5982 -0.7995 0.0547
vn 0.4367 -0.8922 -0.1149
vn 0.5982 -0.6040 -0.5267
vn 0.4367 -0.7803 -0.4476
vn 0.5982 0.7995 -0.0547
vn 0.4367 0.8683 -0.2353
vn 0.4367 0.7804 0.4476
vn 0.5982 0.4896 0.6344
vn 0.4367 0.4002 0.8057
vn 0.5982 0.0547 0.7995
vn 0.4367 -0.1149 0.8923
vn 0.5982 -0.5267 0.6040
vn 0.4367 -0.4476 0.7803
vn 0.4367 -0.8683 0.2353
vn 0.5982 -0.7596 -0.2555
vn 0.4367 -0.5497 -0.7122
vn 0.5982 0.7177 -0.3564
vn 0.4367 0.8057 -0.4002
vn 0.4367 0.8922 0.1149
vn 0.4367 0.6780 0.5913
vn 0.4367 -0.2868 0.8527
vn 0.4367 -0.4002 -0.8057
vn 0.4367 -0.2353 -0.8683
vn 0.4367 -0.0614 -0.8975
vn 0.5982 -0.0546 -0.7995
vn 0.4367 0.1149 -0.8922
vn 0.9725 -0.2022 -0.1160
vn 0.9725 -0.1757 -0.1532
vn 0.9990 0.0383 0.0220
vn 0.9725 -0.1037 -0.2088
vn 0.9725 -0.0610 -0.2250
vn 0.9990 0.0196 0.0395
vn 0.9725 0.0298 -0.2312
vn 0.9725 0.0743 -0.2209
vn 0.9990 -0.0141 0.0418
vn 0.9725 0.1532 -0.1757
vn 0.9725 0.1845 -0.1424
vn 0.9990 -0.0349 0.0270
vn 0.9725 0.2250 -0.0610
vn 0.9725 0.2325 -0.0159
vn 0.9990 -0.0440 0.0030
vn 0.9725 0.2209 0.0743
vn 0.9725 0.2022 0.1160
vn 0.9990 -0.0383 -0.0220
vn 0.9725 0.1424 0.1845
vn 0.9725 0.1037 0.2088
vn 0.9990 -0.0196 -0.0395
vn 0.9725 0.0159 0.2325
vn 0.9725 -0.0298 0.2312
vn 0.9990 0.0056 -0.0438
vn 0.9725 -0.1160 0.2022
vn 0.9725 -0.1532 0.1757
vn 0.9990 0.0220 -0.0383
vn 0.9725 -0.2088 0.1037
vn 0.9725 -0.2250 0.0610
vn 0.9990 0.0426 -0.0115
vn 0.9725 -0.2312 -0.0298
vn 0.9725 -0.2209 -0.0743
vn 0.9990 0.0438 0.0056
vn 0.9725 -0.1424 -0.1845
vn 0.9990 0.0270 0.0350
vn 0.9725 -0.0159 -0.2325
vn 0.9990 0.0030 0.0440
vn 0.9725 0.1160 -0.2022
vn 0.9990 -0.0220 0.0383
vn 0.9725 0.2088 -0.1037
vn 0.9990 -0.0395 0.0196
vn 0.9725 0.2312 0.0298
vn 0.9725 0.1757 0.1532
vn 0.9990 -0.0333 -0.0290
vn 0.9725 0.0610 0.2250
vn 0.9990 -0.0115 -0.0426
vn 0.9725 -0.0743 0.2209
vn 0.9990 0.0141 -0.0418
vn 0.9725 -0.1845 0.1424
vn 0.9990 0.0290 -0.0333
vn 0.9725 -0.2325 0.0159
vn 0.9990 -0.0290 0.0333
vn 0.9990 -0.0426 0.0115
vn 0.9990 -0.0438 -0.0056
vn 0.9990 0.0349 -0.0270
vn 0.9990 0.0440 -0.0030
vn 0.9990 0.0333 0.0290
vn 0.9990 0.0115 0.0426
vn 0.9990 -0.0056 0.0438
vn 0.9990 -0.0418 -0.0141
vn 0.9990 -0.0270 -0.0350
vn 0.9990 -0.0030 -0.0441
vn 0.9990 0.0395 -0.0196
vn 0.9990 0.0418 0.0141
vn 0.5982 -0.3564 -0.7177
vn 0.5982 0.1024 -0.7948
vn 0.5982 0.2555 -0.7595
vn 0.5982 0.5267 -0.6040
vn 0.5982 0.7734 -0.2096
vn 0.5982 0.7995 -0.0546
vn 0.5982 0.7595 0.2555
vn 0.5982 0.0546 0.7995
vn 0.5982 -0.7734 0.2096
vn 0.5982 -0.7595 -0.2555
vn 0.5982 -0.2555 0.7595
vn 0.5982 -0.7995 0.0546
vn -0.2743 -0.4277 -0.8613
vn -0.2743 0.8613 -0.4277
vn -0.4732 -0.2304 -0.8503
vn -0.4732 0.8350 0.2808
vn -0.4732 -0.7890 0.3918
vn -0.4732 0.6974 -0.5382
vn -1.0000 0.0035 -0.0061
vn -1.0000 0.0070 -0.0005
vn -1.0000 0.0053 0.0046
vn -1.0000 0.0009 -0.0070
vn -1.0000 -0.0035 0.0061
vn -1.0000 -0.0070 -0.0009
vn -1.0000 -0.0068 0.0018
vn 0.7777 -0.3841 -0.4977
vn 0.7777 0.0429 0.6272
vn 0.7777 0.5630 -0.2796
vn 0.9442 0.2165 -0.2482
vn 0.9442 -0.3266 -0.0421
vn 0.9442 0.3286 -0.0225
vn 0.9442 -0.3122 -0.1050
vn 0.4367 -0.8975 0.0614
vn 0.4367 -0.8527 -0.2868
vn 0.4367 0.0614 0.8975
vn 0.4367 -0.5913 0.6780
vn 0.4367 0.7122 -0.5497
vn 0.4367 0.8975 -0.0614
vn 0.4367 0.8527 0.2868
vn 0.4367 0.5497 0.7122
vn 0.4367 -0.8057 0.4002
vn 0.4367 -0.6780 -0.5913
vn 0.4367 0.4476 -0.7803
vn 0.4367 0.2353 0.8683
vn -0.4732 0.4383 -0.7642
vn -0.4732 0.7890 -0.3918
vn -0.4732 -0.1125 0.8737
vn -0.4732 -0.8503 0.2304
vn -0.4732 -0.5383 -0.6974
vn -0.4732 0.6640 0.5790
vn -0.4732 0.2304 0.8503
vn -0.4732 -0.6640 -0.5790
vn -0.4732 -0.3918 -0.7890
vn -0.4732 0.1125 -0.8737
vn -0.4732 0.8789 -0.0601
vn -0.4732 0.0601 0.8789
vn -0.4732 -0.4383 0.7642
vn -0.4732 -0.8737 -0.1125
vn -1.0000 -0.0005 -0.0070
vn -1.0000 -0.0018 -0.0068
vn -1.0000 0.0022 -0.0067
vn -1.0000 0.0063 -0.0031
vn -1.0000 0.0056 -0.0043
vn -1.0000 0.0070 0.0009
vn -1.0000 0.0061 0.0035
vn -1.0000 0.0031 0.0063
vn -1.0000 -0.0022 0.0067
vn -1.0000 -0.0056 0.0043
vn -1.0000 -0.0046 0.0053
vn -1.0000 -0.0070 0.0005
vn -1.0000 -0.0067 -0.0022
vn -1.0000 0.0046 -0.0053
vn -1.0000 0.0068 -0.0018
vn -1.0000 0.0067 0.0022
vn -1.0000 0.0043 0.0056
vn -1.0000 -0.0063 0.0031
vn 0.9442 0.1050 -0.3122
vn 0.9442 -0.2482 -0.2165
vn 0.9442 -0.1050 0.3122
vn 0.9442 -0.2012 -0.2607
vn 0.4367 0.2868 -0.8527
vn 0.4367 0.5913 -0.6780
vn -0.4732 0.2808 -0.8350
vn -0.4732 -0.7642 -0.4383
vn -0.4732 0.8503 -0.2304
vn -0.2743 0.9282 -0.2515
vn 0.9198 0.3787 -0.1026
vn 0.5982 0.3565 0.7177
vn 0.4367 0.4001 0.8057
vn -0.4732 -0.5382 -0.6974
vn -0.4732 -0.3919 -0.7890
vn 0.0069 -0.0682 -0.9976
vn -0.2560 -0.2528 -0.9330
vn -0.2560 -0.0659 -0.9644
vn 0.0069 -0.2615 -0.9652
vn -0.2560 -0.4300 -0.8658
vn 0.0069 -0.4448 -0.8956
vn -0.2560 -0.5906 -0.7653
vn 0.0069 -0.6110 -0.7916
vn -0.2560 -0.7286 -0.6353
vn 0.0069 -0.7537 -0.6572
vn -0.2560 -0.8385 -0.4810
vn 0.0069 -0.8674 -0.4976
vn -0.2560 -0.9163 -0.3082
vn 0.0069 -0.9478 -0.3188
vn -0.2560 -0.9588 -0.1235
vn 0.0069 -0.9918 -0.1277
vn -0.2560 -0.9644 0.0659
vn 0.0069 -0.9976 0.0682
vn -0.2560 -0.9330 0.2528
vn 0.0069 -0.9652 0.2615
vn -0.2560 -0.8658 0.4300
vn 0.0069 -0.8956 0.4448
vn -0.2560 -0.7653 0.5906
vn 0.0069 -0.7916 0.6110
vn -0.2560 -0.6353 0.7286
vn 0.0069 -0.6572 0.7537
vn -0.2560 -0.4810 0.8385
vn 0.0069 -0.4976 0.8674
vn 0.0069 -0.3188 0.9478
vn 0.0069 -0.1277 0.9918
vn -0.2560 -0.3082 0.9163
vn 0.0069 0.0682 0.9976
vn -0.2560 -0.1235 0.9588
vn 0.0069 0.2615 0.9652
vn -0.2560 0.0659 0.9644
vn 0.0069 0.4448 0.8956
vn -0.2560 0.2528 0.9330
vn 0.0069 0.6110 0.7916
vn -0.2560 0.4300 0.8658
vn 0.0069 0.7537 0.6572
vn -0.2560 0.5906 0.7653
vn 0.0069 0.8674 0.4976
vn -0.2560 0.7286 0.6353
vn 0.0069 0.9478 0.3188
vn -0.2560 0.8385 0.4810
vn 0.0069 0.9918 0.1277
vn -0.2560 0.9163 0.3082
vn 0.0069 0.9976 -0.0682
vn -0.2560 0.9588 0.1235
vn 0.0069 0.9652 -0.2615
vn -0.2560 0.9644 -0.0659
vn 0.0069 0.8956 -0.4448
vn -0.2560 0.9330 -0.2528
vn 0.0069 0.7916 -0.6110
vn -0.2560 0.8658 -0.4300
vn 0.0069 0.6572 -0.7537
vn -0.2560 0.7653 -0.5906
vn 0.0069 0.4976 -0.8674
vn -0.2560 0.6353 -0.7286
vn 0.0069 0.3188 -0.9478
vn -0.2560 0.4810 -0.8385
vn 0.2743 0.7248 0.6320
vn 0.0069 0.1277 -0.9918
vn -0.2560 0.1235 -0.9588
vn -0.2560 0.3082 -0.9163
vn 0.2743 0.8342 0.4785
vn 0.2743 0.5875 0.7613
vn 0.2743 0.4277 0.8613
vn 0.2743 0.2515 0.9282
vn 0.2743 0.0656 0.9594
vn 0.2743 -0.1229 0.9538
vn 0.2743 -0.3066 0.9115
vn 0.2743 -0.4785 0.8342
vn 0.2743 -0.6320 0.7248
vn 0.2743 -0.7613 0.5875
vn 0.2743 -0.9282 0.2515
vn 0.2743 -0.9594 0.0656
vn 0.2743 -0.9538 -0.1229
vn 0.2743 -0.9115 -0.3066
vn 0.2743 -0.8342 -0.4785
vn 0.2743 -0.7248 -0.6320
vn 0.2743 -0.5876 -0.7613
vn 0.2743 -0.2515 -0.9282
vn 0.2743 -0.0656 -0.9594
vn 0.2743 0.1229 -0.9538
vn 0.2743 0.3066 -0.9115
vn 0.2743 0.4785 -0.8342
vn 0.2743 0.6320 -0.7248
vn 0.2743 0.7613 -0.5876
vn 0.2742 0.9282 -0.2515
vn 0.2743 0.9594 -0.0656
vn 0.2743 0.9538 0.1229
vn 0.2743 0.9115 0.3066
vn 0.4732 -0.0601 -0.8789
vn 0.4732 0.8737 0.1125
vn 0.4732 0.7642 0.4383
vn 0.4732 0.3919 0.7890
vn 0.4732 -0.5790 0.6640
vn 0.4732 -0.8350 -0.2808
vn 0.4732 0.5790 -0.6640
vn 0.4732 -0.2808 0.8350
vn 0.2743 -0.8613 0.4277
vn 0.4732 -0.6974 0.5382
vn 0.4732 -0.8789 0.0601
vn 0.4732 0.5382 0.6974
vn 1.0000 -0.0043 -0.0056
vn 0.7454 -0.5024 -0.4381
vn 1.0000 -0.0053 -0.0046
vn 1.0000 -0.0031 -0.0063
vn 0.7454 -0.2965 -0.5970
vn 1.0000 0.0005 0.0070
vn 0.7454 0.1743 0.6434
vn 1.0000 0.0018 0.0068
vn 0.7454 -0.5782 -0.3317
vn 1.0000 -0.0061 -0.0035
vn 1.0000 -0.0009 0.0070
vn 0.7454 0.0455 0.6650
vn 0.7454 -0.6318 -0.2125
vn 0.6743 -0.7324 -0.0943
vn 0.7454 -0.6611 -0.0852
vn 0.7454 -0.4073 -0.5277
vn 0.6743 -0.5566 -0.4853
vn 0.7454 -0.0455 -0.6650
vn 0.6743 -0.1931 -0.7128
vn 0.7454 -0.1743 -0.6434
vn 0.7454 0.3317 -0.5782
vn 0.6743 0.2354 -0.6999
vn 0.7454 0.2125 -0.6318
vn 0.7454 0.5970 -0.2965
vn 0.6743 0.5846 -0.4512
vn 0.7454 0.5277 -0.4073
vn 0.7454 0.6611 0.0852
vn 0.6743 0.7367 -0.0504
vn 0.7454 0.6650 -0.0455
vn 0.7454 0.5024 0.4381
vn 0.6743 0.6406 0.3674
vn 0.7454 0.5782 0.3317
vn 0.6743 0.3285 0.6614
vn 0.7454 0.2965 0.5970
vn 0.7454 -0.2125 0.6318
vn 0.6743 -0.0943 0.7324
vn 0.7454 -0.0852 0.6611
vn 0.7454 -0.5277 0.4073
vn 0.6743 -0.4853 0.5566
vn 0.7454 -0.4381 0.5024
vn 0.7454 -0.6650 0.0455
vn 0.6743 -0.7128 0.1931
vn 0.7454 -0.6434 0.1743
vn 0.6743 -0.6999 -0.2354
vn 0.6743 -0.4512 -0.5846
vn 0.7454 0.0852 -0.6611
vn 0.6743 -0.0504 -0.7367
vn 0.7454 0.4381 -0.5024
vn 0.6743 0.3674 -0.6406
vn 0.7454 0.6434 -0.1743
vn 0.6743 0.6614 -0.3285
vn 0.7454 0.6318 0.2125
vn 0.6743 0.7324 0.0943
vn 0.7454 0.4073 0.5277
vn 0.6743 0.5566 0.4853
vn 0.6743 0.1931 0.7128
vn 0.7454 -0.3317 0.5782
vn 0.6743 -0.2354 0.6999
vn 0.7454 -0.5970 0.2965
vn 0.6743 -0.5846 0.4512
vn 0.6743 -0.7367 0.0504
vn 0.6743 -0.6406 -0.3674
vn 0.6743 -0.3285 -0.6614
vn 0.6743 0.0943 -0.7324
vn 0.6743 0.4853 -0.5566
vn 0.6743 0.7128 -0.1931
vn 0.6743 0.4512 0.5846
vn 0.6743 0.0504 0.7367
vn 0.6743 -0.3674 0.6406
vn 0.6743 -0.6614 0.3285
vn 0.6743 0.6999 0.2354
vn -0.7181 -0.6718 0.1820
vn -0.7181 -0.6944 0.0475
vn -0.7181 -0.6903 -0.0889
vn -0.7181 -0.6597 -0.2219
vn -0.7181 -0.6037 -0.3463
vn -0.7181 -0.4252 -0.5510
vn -0.7181 -0.3096 -0.6233
vn -0.7181 -0.1820 -0.6718
vn -0.7181 -0.0475 -0.6944
vn -0.7181 0.2219 -0.6597
vn -0.7181 0.3463 -0.6037
vn -0.7181 0.4574 -0.5246
vn -0.7181 0.5510 -0.4252
vn -0.7181 0.6233 -0.3096
vn -0.7181 0.6718 -0.1820
vn -0.7181 0.6944 -0.0475
vn -0.7181 0.6903 0.0889
vn -0.7181 0.6597 0.2219
vn -0.7181 0.6037 0.3463
vn -0.7181 0.5246 0.4574
vn -0.7181 0.4252 0.5510
vn -0.7181 0.3096 0.6233
vn -0.7181 0.1820 0.6718
vn -0.7181 0.0475 0.6944
vn -0.7180 -0.0889 0.6903
vn -0.7181 -0.2219 0.6597
vn -0.7181 -0.3463 0.6037
vn -0.7181 -0.5510 0.4252
vn -0.7181 -0.6233 0.3096
vn -0.8273 -0.2795 0.4872
vn -0.7180 -0.4574 0.5246
vn -0.8273 -0.5421 0.1469
vn -0.8273 -0.5571 -0.0718
vn -0.7180 -0.5246 -0.4574
vn -0.8273 -0.3432 -0.4447
vn -0.8273 -0.0383 -0.5604
vn -0.8273 0.2795 -0.4872
vn -0.8273 0.5031 -0.2498
vn -0.8273 0.5571 0.0718
vn -0.8273 0.4233 0.3692
vn -0.8273 0.1469 0.5421
vn -0.8273 -0.1791 0.5324
vn -0.8273 -0.4447 0.3432
vn -0.8273 -0.5324 -0.1791
vn -0.8273 -0.2498 -0.5031
vn -0.8273 0.0718 -0.5571
vn -0.7181 0.0889 -0.6903
vn -0.8273 0.5422 -0.1469
vn -0.8273 0.5324 0.1791
vn -0.8273 0.3432 0.4447
vn -0.8273 -0.5604 0.0383
vn -0.8273 -0.4872 -0.2795
vn -0.8273 -0.1469 -0.5421
vn -0.8273 0.1791 -0.5324
vn -0.8273 0.4447 -0.3432
vn -0.8273 0.4872 0.2795
vn -0.8273 0.2498 0.5031
vn -0.8273 0.0383 0.5604
vn -0.9198 -0.0501 0.3891
vn -0.8273 -0.0718 0.5571
vn -0.9198 -0.1952 0.3403
vn -0.8273 -0.3692 0.4233
vn -0.8273 -0.5031 0.2498
vn -0.9198 -0.3514 0.1745
vn -0.9198 -0.3718 -0.1251
vn -0.8273 -0.4233 -0.3692
vn -0.9198 -0.2397 -0.3106
vn -0.9198 -0.0268 -0.3914
vn -0.9198 0.1952 -0.3403
vn -0.9198 0.3514 -0.1745
vn -0.8273 0.5604 -0.0383
vn -0.9198 0.3891 0.0501
vn -0.9198 0.2957 0.2578
vn -0.9198 0.1745 0.3514
vn -0.9198 -0.1251 0.3718
vn -0.9198 -0.3106 0.2397
vn -0.9198 -0.3786 0.1026
vn -0.9198 -0.3403 -0.1952
vn -0.9198 -0.1745 -0.3514
vn -0.9198 0.2578 -0.2957
vn -0.8273 0.3692 -0.4233
vn -0.9198 0.3786 -0.1026
vn -0.9198 0.3718 0.1251
vn -0.9198 0.2397 0.3106
vn -0.9198 0.1026 0.3786
vn -0.9198 -0.3891 -0.0501
vn -0.9198 0.1251 -0.3718
vn -0.9198 0.3106 -0.2397
vn -0.9198 0.3403 0.1952
vn -0.9803 0.0252 -0.1958
vn -0.9803 0.0629 -0.1871
vn -0.9198 0.0268 0.3914
vn -0.9803 -0.0135 -0.1970
vn -0.9803 0.0982 -0.1712
vn -0.9198 -0.2578 0.2957
vn -0.9803 0.1970 -0.0135
vn -0.9803 0.1958 0.0252
vn -0.9198 -0.3914 0.0268
vn -0.9803 0.1206 0.1563
vn -0.9803 0.0135 0.1970
vn -0.9803 -0.0252 0.1958
vn -0.9803 -0.1297 0.1488
vn -0.9803 -0.1563 0.1206
vn -0.9803 -0.1768 0.0878
vn -0.9803 -0.1905 0.0516
vn -0.9803 -0.1958 -0.0252
vn -0.9803 -0.1871 -0.0629
vn -0.9803 -0.1712 -0.0982
vn -0.9803 -0.0878 -0.1768
vn -0.9803 0.1768 -0.0878
vn -0.9803 0.1297 -0.1488
vn -0.9803 0.1905 -0.0516
vn -0.9803 0.1871 0.0629
vn -0.9803 0.0516 0.1905
vn -0.9198 -0.1026 -0.3786
vn -0.9803 -0.0629 0.1871
vn -0.9198 0.0501 -0.3891
vn -0.9803 -0.0982 0.1712
vn -0.9803 -0.1970 0.0135
vn -0.9198 0.3914 -0.0268
vn -0.9803 -0.1488 -0.1297
vn -0.9803 -0.0516 -0.1905
vn -0.9803 0.1563 -0.1206
vn -0.9803 0.1488 0.1297
vn -0.9198 -0.2957 -0.2578
vn -0.9803 0.1712 0.0982
vn -0.9803 0.0878 0.1768
vn -0.9803 -0.1206 -0.1563
vn -0.8899 -0.3956 -0.2269
vn -0.8899 -0.2029 -0.4085
vn -0.8899 -0.0311 -0.4550
vn -0.8899 0.2269 -0.3956
vn -0.8899 0.4402 -0.1193
vn -0.8899 0.4523 0.0583
vn -0.8899 0.2786 0.3610
vn -0.8899 0.0311 0.4550
vn -0.8899 -0.2269 0.3956
vn -0.8899 -0.4085 0.2029
vn -0.8899 -0.4523 -0.0583
vn -0.8899 -0.3437 -0.2997
vn -0.8899 0.1454 -0.4323
vn -0.8899 0.3610 -0.2786
vn -0.8899 0.3956 0.2269
vn -0.8899 -0.0583 0.4523
vn -0.8899 -0.4402 0.1193
vn -0.8899 -0.4323 -0.1454
vn -0.8899 -0.1193 -0.4402
vn -0.8899 0.1193 0.4402
vn -0.8899 -0.1454 0.4323
vn -0.8899 -0.3610 0.2786
vn -0.8667 -0.4814 0.1304
vn -0.8899 -0.4550 0.0311
vn -0.8667 -0.4326 -0.2482
vn -0.8899 -0.2786 -0.3610
vn -0.8667 -0.2218 -0.4467
vn -0.8667 0.0637 -0.4947
vn -0.8899 0.0583 -0.4523
vn -0.8667 0.2482 -0.4326
vn -0.8899 0.2997 -0.3437
vn -0.8899 0.4085 -0.2029
vn -0.8667 0.4814 -0.1304
vn -0.8667 0.4947 0.0637
vn -0.8899 0.4323 0.1454
vn -0.8899 0.3437 0.2997
vn -0.8667 0.3047 0.3948
vn -0.8667 0.0340 0.4976
vn -0.8667 -0.2482 0.4326
vn -0.8667 -0.4467 0.2218
vn -0.8667 -0.4947 -0.0637
vn -0.8667 -0.3759 -0.3278
vn -0.8667 0.1590 -0.4727
vn -0.8667 0.3948 -0.3047
vn -0.8899 0.4550 -0.0311
vn -0.8667 0.4326 0.2482
vn -0.8899 0.2029 0.4085
vn -0.8667 -0.0637 0.4947
vn -0.8899 -0.2997 0.3437
vn -0.8667 -0.4727 -0.1590
vn -0.8667 -0.1304 -0.4814
vn -0.8667 0.1304 0.4814
vn -0.8667 -0.1590 0.4727
vn -0.8667 -0.3948 0.3047
vn -0.8667 -0.3278 0.3759
vn -0.7777 -0.4977 0.3841
vn -0.7777 -0.6068 0.1644
vn -0.8667 -0.4976 0.0340
vn -0.7777 -0.5453 -0.3128
vn -0.8667 -0.3047 -0.3948
vn -0.7777 -0.2796 -0.5630
vn -0.8667 -0.0340 -0.4976
vn -0.7777 0.0803 -0.6235
vn -0.7777 0.3128 -0.5453
vn -0.8667 0.3278 -0.3759
vn -0.8667 0.4467 -0.2218
vn -0.7777 0.6068 -0.1644
vn -0.7777 0.5958 0.2004
vn -0.8667 0.4727 0.1590
vn -0.8667 0.3759 0.3278
vn -0.7777 0.3841 0.4977
vn -0.7777 0.1644 0.6068
vn -0.7777 -0.3128 0.5453
vn -0.7777 -0.5630 0.2796
vn -0.7777 -0.6235 -0.0803
vn -0.7777 -0.4738 -0.4132
vn -0.7777 0.2004 -0.5958
vn -0.7777 0.4132 -0.4738
vn -0.8667 0.4976 -0.0340
vn -0.7777 0.5453 0.3128
vn -0.8667 0.2218 0.4467
vn -0.7777 -0.0803 0.6235
vn -0.7777 -0.5958 -0.2004
vn -0.7777 -0.1644 -0.6068
vn -0.7777 0.4977 -0.3841
vn -0.7777 0.6235 0.0803
vn -0.7777 -0.2004 0.5958
vn -0.7777 -0.4132 0.4738
vn -0.9442 -0.2607 0.2012
vn -0.9442 -0.3286 0.0225
vn -0.7777 -0.6272 0.0429
vn -0.9442 -0.2857 -0.1639
vn -0.7777 -0.0429 -0.6272
vn -0.9442 0.0421 -0.3267
vn -0.9442 0.1639 -0.2857
vn -0.7777 0.4738 0.4132
vn -0.9442 0.2012 0.2607
vn -0.7777 0.2796 0.5630
vn -0.7777 0.6272 -0.0429
vn -0.9442 0.3267 0.0421
vn -0.9442 0.1465 0.2950
vn -0.7640 -0.2870 -0.5779
vn -0.9442 0.0861 0.3179
vn -0.9442 0.2950 -0.1465
vn -0.7640 -0.5779 0.2870
vn -0.9442 0.3179 -0.0861
vn -0.7640 -0.0440 -0.6437
vn -0.9442 0.0225 0.3286
vn -0.9442 -0.1465 -0.2950
vn -0.7640 0.2870 0.5779
vn -0.9442 -0.0861 -0.3179
vn -0.9442 0.3122 0.1050
vn -0.7640 -0.5597 -0.3210
vn -0.9442 0.2857 0.1639
vn -0.7640 0.0824 -0.6399
vn -0.9442 -0.0421 0.3267
vn -0.9442 -0.1639 0.2857
vn -0.7640 0.3210 -0.5597
vn -0.9442 -0.2165 0.2482
vn -0.9442 -0.2950 0.1465
vn -0.7640 0.6227 -0.1687
vn -0.9442 -0.3179 0.0861
vn -0.7640 0.1687 0.6227
vn -0.9442 -0.0225 -0.3286
vn -0.9442 0.2607 -0.2012
vn -0.9442 0.2482 0.2165
vn -0.7640 -0.6437 0.0440
vn -0.5982 -0.7948 -0.1024
vn -0.7640 -0.6399 -0.0824
vn -0.5982 -0.6951 -0.3987
vn -0.7640 -0.4863 -0.4240
vn -0.5982 -0.2096 -0.7735
vn -0.7640 -0.1687 -0.6227
vn -0.5982 0.2555 -0.7596
vn -0.7640 0.2057 -0.6115
vn -0.7640 0.4240 -0.4863
vn -0.5982 0.6344 -0.4896
vn -0.7640 0.5108 -0.3942
vn -0.5982 0.7735 -0.2096
vn -0.7640 0.6437 -0.0440
vn -0.7640 0.6115 0.2057
vn -0.5982 0.6951 0.3987
vn -0.7640 0.5597 0.3210
vn -0.7640 0.3942 0.5108
vn -0.5982 0.3564 0.7177
vn -0.7640 0.0440 0.6437
vn -0.5982 -0.1024 0.7948
vn -0.7640 -0.0824 0.6399
vn -0.7640 -0.3210 0.5597
vn -0.5982 -0.3987 0.6951
vn -0.7640 -0.4240 0.4863
vn -0.5982 -0.7735 0.2096
vn -0.7640 -0.6227 0.1687
vn -0.7640 -0.6115 -0.2057
vn -0.5982 -0.4896 -0.6344
vn -0.7640 -0.3942 -0.5108
vn -0.5982 -0.0547 -0.7995
vn -0.5982 0.3987 -0.6951
vn -0.7640 0.5779 -0.2870
vn -0.5982 0.7948 0.1024
vn -0.7640 0.6399 0.0824
vn -0.5982 0.6040 0.5267
vn -0.7640 0.4863 0.4240
vn -0.5982 -0.2555 0.7596
vn -0.7640 -0.2057 0.6115
vn -0.5982 -0.6344 0.4896
vn -0.7640 -0.5108 0.3942
vn -0.5982 -0.3565 -0.7177
vn -0.5982 0.7596 0.2555
vn -0.5982 0.2096 0.7735
vn -0.5982 -0.7177 0.3564
vn -0.4367 -0.7122 0.5497
vn -0.5982 -0.7995 0.0547
vn -0.4367 -0.8922 -0.1149
vn -0.4367 -0.7803 -0.4476
vn -0.5982 -0.6040 -0.5267
vn -0.4367 0.8683 -0.2353
vn -0.5982 0.7995 -0.0547
vn -0.4367 0.7804 0.4476
vn -0.5982 0.4896 0.6344
vn -0.4367 0.4002 0.8057
vn -0.5982 0.0547 0.7995
vn -0.4367 -0.1149 0.8923
vn -0.4367 -0.4476 0.7803
vn -0.5982 -0.5267 0.6040
vn -0.4367 -0.8683 0.2353
vn -0.5982 -0.7596 -0.2555
vn -0.4367 -0.5497 -0.7122
vn -0.4367 0.8057 -0.4002
vn -0.5982 0.7177 -0.3564
vn -0.4367 0.8922 0.1149
vn -0.4367 0.6780 0.5913
vn -0.4367 -0.2868 0.8527
vn -0.4367 -0.4002 -0.8057
vn -0.4367 -0.2353 -0.8683
vn -0.5982 -0.0546 -0.7995
vn -0.4367 -0.0614 -0.8975
vn -0.4367 0.1149 -0.8922
vn -0.9725 -0.2022 -0.1160
vn -0.9990 0.0383 0.0220
vn -0.9725 -0.1757 -0.1532
vn -0.9725 -0.1037 -0.2088
vn -0.9990 0.0196 0.0395
vn -0.9725 -0.0610 -0.2250
vn -0.9725 0.0298 -0.2312
vn -0.9990 -0.0141 0.0418
vn -0.9725 0.0743 -0.2209
vn -0.9725 0.1532 -0.1757
vn -0.9990 -0.0349 0.0270
vn -0.9725 0.1845 -0.1424
vn -0.9725 0.2250 -0.0610
vn -0.9990 -0.0440 0.0030
vn -0.9725 0.2325 -0.0159
vn -0.9725 0.2209 0.0743
vn -0.9990 -0.0383 -0.0220
vn -0.9725 0.2022 0.1160
vn -0.9725 0.1424 0.1845
vn -0.9990 -0.0196 -0.0395
vn -0.9725 0.1037 0.2088
vn -0.9725 0.0159 0.2325
vn -0.9990 0.0056 -0.0438
vn -0.9725 -0.0298 0.2312
vn -0.9725 -0.1160 0.2022
vn -0.9990 0.0220 -0.0383
vn -0.9725 -0.1532 0.1757
vn -0.9725 -0.2088 0.1037
vn -0.9990 0.0426 -0.0115
vn -0.9725 -0.2250 0.0610
vn -0.9725 -0.2312 -0.0298
vn -0.9990 0.0438 0.0056
vn -0.9725 -0.2209 -0.0743
vn -0.9990 0.0270 0.0350
vn -0.9725 -0.1424 -0.1845
vn -0.9990 0.0030 0.0440
vn -0.9725 -0.0159 -0.2325
vn -0.9990 -0.0220 0.0383
vn -0.9725 0.1160 -0.2022
vn -0.9990 -0.0395 0.0196
vn -0.9725 0.2088 -0.1037
vn -0.9725 0.2312 0.0298
vn -0.9990 -0.0333 -0.0290
vn -0.9725 0.1757 0.1532
vn -0.9990 -0.0115 -0.0426
vn -0.9725 0.0610 0.2250
vn -0.9990 0.0141 -0.0418
vn -0.9725 -0.0743 0.2209
vn -0.9990 0.0290 -0.0333
vn -0.9725 -0.1845 0.1424
vn -0.9725 -0.2325 0.0159
vn -0.9990 -0.0290 0.0333
vn -0.9990 -0.0426 0.0115
vn -0.9990 -0.0438 -0.0056
vn -0.9990 0.0349 -0.0270
vn -0.9990 0.0440 -0.0030
vn -0.9990 0.0333 0.0290
vn -0.9990 0.0115 0.0426
vn -0.9990 -0.0056 0.0438
vn -0.9990 -0.0418 -0.0141
vn -0.9990 -0.0270 -0.0350
vn -0.9990 -0.0030 -0.0441
vn -0.9990 0.0395 -0.0196
vn -0.9990 0.0418 0.0141
vn -0.5982 -0.3564 -0.7177
vn -0.5982 0.1024 -0.7948
vn -0.5982 0.2555 -0.7595
vn -0.5982 0.5267 -0.6040
vn -0.5982 0.7734 -0.2096
vn -0.5982 0.7995 -0.0546
vn -0.5982 0.7595 0.2555
vn -0.5982 0.0546 0.7995
vn -0.5982 -0.7734 0.2096
vn -0.5982 -0.7595 -0.2555
vn -0.5982 -0.2555 0.7595
vn -0.5982 -0.7995 0.0546
vn 0.2743 -0.4277 -0.8613
vn 0.2743 0.8613 -0.4277
vn 0.4732 -0.2304 -0.8503
vn 0.4732 0.8350 0.2808
vn 0.4732 -0.7890 0.3918
vn 0.4732 0.6974 -0.5382
vn 1.0000 0.0035 -0.0061
vn 1.0000 0.0070 -0.0005
vn 1.0000 0.0053 0.0046
vn 1.0000 0.0009 -0.0070
vn 1.0000 -0.0035 0.0061
vn 1.0000 -0.0070 -0.0009
vn 1.0000 -0.0068 0.0018
vn -0.7777 -0.3841 -0.4977
vn -0.7777 0.0429 0.6272
vn -0.7777 0.5630 -0.2796
vn -0.9442 0.2165 -0.2482
vn -0.9442 -0.3266 -0.0421
vn -0.9442 0.3286 -0.0225
vn -0.9442 -0.3122 -0.1050
vn -0.4367 -0.8975 0.0614
vn -0.4367 -0.8527 -0.2868
vn -0.4367 0.0614 0.8975
vn -0.4367 -0.5913 0.6780
vn -0.4367 0.7122 -0.5497
vn -0.4367 0.8975 -0.0614
vn -0.4367 0.8527 0.2868
vn -0.4367 0.5497 0.7122
vn -0.4367 -0.8057 0.4002
vn -0.4367 -0.6780 -0.5913
vn -0.4367 0.4476 -0.7803
vn -0.4367 0.2353 0.8683
vn 0.4732 0.4383 -0.7642
vn 0.4732 0.7890 -0.3918
vn 0.4732 -0.1125 0.8737
vn 0.4732 -0.8503 0.2304
vn 0.4732 -0.5383 -0.6974
vn 0.4732 0.6640 0.5790
vn 0.4732 0.2304 0.8503
vn 0.4732 -0.6640 -0.5790
vn 0.4732 -0.3918 -0.7890
vn 0.4732 0.1125 -0.8737
vn 0.4732 0.8789 -0.0601
vn 0.4732 0.0601 0.8789
vn 0.4732 -0.4383 0.7642
vn 0.4732 -0.8737 -0.1125
vn 1.0000 -0.0005 -0.0070
vn 1.0000 -0.0018 -0.0068
vn 1.0000 0.0022 -0.0067
vn 1.0000 0.0063 -0.0031
vn 1.0000 0.0056 -0.0043
vn 1.0000 0.0070 0.0009
vn 1.0000 0.0061 0.0035
vn 1.0000 0.0031 0.0063
vn 1.0000 -0.0022 0.0067
vn 1.0000 -0.0056 0.0043
vn 1.0000 -0.0046 0.0053
vn 1.0000 -0.0070 0.0005
vn 1.0000 -0.0067 -0.0022
vn 1.0000 0.0046 -0.0053
vn 1.0000 0.0068 -0.0018
vn 1.0000 0.0067 0.0022
vn 1.0000 0.0043 0.0056
vn 1.0000 -0.0063 0.0031
vn -0.9442 0.1050 -0.3122
vn -0.9442 -0.2482 -0.2165
vn -0.9442 -0.1050 0.3122
vn -0.9442 -0.2012 -0.2607
vn -0.4367 0.2868 -0.8527
vn -0.4367 0.5913 -0.6780
vn 0.4732 0.2808 -0.8350
vn 0.4732 -0.7642 -0.4383
vn 0.4732 0.8503 -0.2304
vn 0.2743 0.9282 -0.2515
vn -0.9198 0.3787 -0.1026
vn -0.5982 0.3565 0.7177
vn -0.4367 0.4001 0.8057
vn 0.4732 -0.5382 -0.6974
vn 0.4732 -0.3919 -0.7890
vt 0.048893 0.463396
vt 0.048892 0.465364
vt 0.047502 0.465470
vt 0.047504 0.463288
vt 0.060905 0.465372
vt 0.061555 0.466605
vt 0.048240 0.466596
vt 0.060906 0.463404
vt 0.062296 0.463298
vt 0.062295 0.465480
vt 0.048243 0.462163
vt 0.061558 0.462172
vt 0.048238 0.469600
vt 0.041137 0.469595
vt 0.041137 0.466110
vt 0.029098 0.463566
vt 0.029098 0.465174
vt 0.026528 0.464369
vt 0.040384 0.465466
vt 0.040385 0.463285
vt 0.061553 0.469610
vt 0.068441 0.466028
vt 0.068438 0.469614
vt 0.048245 0.459159
vt 0.061560 0.459168
vt 0.041146 0.459154
vt 0.041142 0.462638
vt 0.030010 0.460763
vt 0.028875 0.458321
vt 0.028860 0.470409
vt 0.029999 0.467969
vt 0.069202 0.465657
vt 0.069204 0.463129
vt 0.080393 0.463434
vt 0.080392 0.465364
vt 0.068444 0.459173
vt 0.068442 0.462759
vt 0.083068 0.464400
vt 0.079509 0.467696
vt 0.080361 0.470409
vt 0.080365 0.458395
vt 0.079509 0.461106
vt 0.058287 0.440899
vt 0.058911 0.443188
vt 0.029231 0.443188
vt 0.027888 0.440899
vt 0.058880 0.444739
vt 0.029205 0.444739
vt 0.058165 0.447221
vt 0.027783 0.447221
vt 0.106634 0.444739
vt 0.106630 0.443188
vt 0.143352 0.443188
vt 0.143382 0.444739
vt 0.107236 0.447221
vt 0.144635 0.447221
vt 0.107341 0.440899
vt 0.144711 0.440899
vt 0.083520 0.440899
vt 0.083454 0.443188
vt 0.083418 0.444739
vt 0.083383 0.447221
vt 0.027436 0.452832
vt 0.038088 0.452832
vt 0.038194 0.454677
vt 0.027499 0.454677
vt 0.079865 0.452832
vt 0.080129 0.451138
vt 0.093204 0.451138
vt 0.093010 0.452832
vt 0.037868 0.451138
vt 0.027616 0.451138
vt 0.027853 0.449541
vt 0.038065 0.449541
vt 0.026528 0.452832
vt 0.026697 0.451138
vt 0.079913 0.454677
vt 0.093180 0.454677
vt 0.080392 0.449541
vt 0.093472 0.449541
vt 0.117532 0.452833
vt 0.118101 0.454672
vt 0.117884 0.452342
vt 0.118897 0.453038
vt 0.117997 0.449578
vt 0.117617 0.451146
vt 0.051429 0.451138
vt 0.051159 0.452832
vt 0.066080 0.451138
vt 0.065748 0.452832
vt 0.051380 0.454677
vt 0.065900 0.454677
vt 0.051668 0.449541
vt 0.066372 0.449541
vt 0.117914 0.451694
vt 0.118785 0.451003
vt 0.027854 0.474838
vt 0.153316 0.474946
vt 0.153291 0.501927
vt 0.027829 0.501818
vt 0.366572 0.032979
vt 0.366766 0.020927
vt 0.370260 0.031171
vt 0.384040 0.024040
vt 0.384655 0.031037
vt 0.387920 0.020941
vt 0.387973 0.032994
vt 0.370848 0.024008
vt 0.348139 0.010491
vt 0.409613 0.005289
vt 0.407032 0.008230
vt 0.347803 0.008038
vt 0.787490 0.003483
vt 0.848056 0.004089
vt 0.846012 0.006508
vt 0.406855 0.045817
vt 0.347340 0.045700
vt 0.409370 0.048693
vt 0.411947 0.052184
vt 0.344746 0.048632
vt 0.406494 0.043340
vt 0.789098 0.040884
vt 0.785338 0.036642
vt 0.785633 0.010107
vt 0.851895 0.007736
vt 0.851561 0.040369
vt 0.849499 0.037306
vt 0.847645 0.043935
vt 0.787053 0.043304
vt 0.414031 0.008864
vt 0.417200 0.005540
vt 0.416672 0.048426
vt 0.783212 0.039657
vt 0.783574 0.007045
vt 0.343368 0.042029
vt 0.346384 0.043861
vt 0.343862 0.011563
vt 0.410823 0.042206
vt 0.411043 0.011856
vt 0.408024 0.010047
vt 0.413674 0.045179
vt 0.340345 0.045011
vt 0.341034 0.008598
vt 0.338065 0.005342
vt 0.342784 0.001663
vt 0.845652 0.041472
vt 0.850100 0.001669
vt 0.854021 0.004719
vt 0.789482 0.005946
vt 0.785008 0.045725
vt 0.781087 0.042673
vt 0.337141 0.048323
vt 0.412244 0.001740
vt 0.345327 0.005152
vt 0.342095 0.052184
vt 0.785498 0.001021
vt 0.853624 0.043432
vt 0.849638 0.046399
vt 0.781514 0.003982
vt 0.849769 0.010753
vt 0.536459 0.986053
vt 0.528415 0.986053
vt 0.527847 0.982815
vt 0.536547 0.991027
vt 0.581154 0.991027
vt 0.538558 0.994115
vt 0.539281 0.979529
vt 0.538548 0.982815
vt 0.526938 0.979529
vt 0.536228 0.988524
vt 0.581154 0.988524
vt 0.505648 0.982815
vt 0.518349 0.982815
vt 0.508018 0.986053
vt 0.506224 0.994115
vt 0.469493 0.994115
vt 0.469493 0.991027
vt 0.508500 0.988524
vt 0.517331 0.986053
vt 0.504765 0.979529
vt 0.469493 0.982815
vt 0.518965 0.979529
vt 0.528486 0.991027
vt 0.528090 0.994115
vt 0.517482 0.991027
vt 0.517424 0.988524
vt 0.528450 0.988524
vt 0.581154 0.986053
vt 0.581154 0.979529
vt 0.581154 0.982815
vt 0.518585 0.994115
vt 0.508202 0.991027
vt 0.469493 0.986053
vt 0.469493 0.988524
vt 0.539411 0.997405
vt 0.527299 0.997405
vt 0.505555 0.997405
vt 0.581154 0.994115
vt 0.581154 0.997405
vt 0.519417 0.997405
vt 0.469493 0.979529
vt 0.469493 0.997405
vt 0.233404 0.858617
vt 0.206248 0.844099
vt 0.212694 0.840651
vt 0.232256 0.851730
vt 0.308502 0.905693
vt 0.321801 0.903948
vt 0.323037 0.940818
vt 0.309314 0.941278
vt 0.265432 0.875757
vt 0.272406 0.876094
vt 0.282607 0.888740
vt 0.281459 0.895627
vt 0.269171 0.907251
vt 0.282087 0.908015
vt 0.280514 0.934598
vt 0.267598 0.933834
vt 0.308615 0.881109
vt 0.285369 0.852290
vt 0.253458 0.872522
vt 0.260725 0.845631
vt 0.267448 0.833609
vt 0.302169 0.877661
vt 0.190989 0.910085
vt 0.207772 0.910085
vt 0.207772 0.923527
vt 0.190989 0.923527
vt 0.287374 0.859320
vt 0.176179 0.938767
vt 0.179953 0.915853
vt 0.187215 0.946441
vt 0.211546 0.946441
vt 0.218808 0.915853
vt 0.222582 0.938767
vt 0.159274 0.846654
vt 0.149664 0.848785
vt 0.150569 0.834842
vt 0.163020 0.832743
vt 0.144296 0.848969
vt 0.146522 0.833518
vt 0.152912 0.822767
vt 0.156234 0.825681
vt 0.162419 0.816151
vt 0.164438 0.820214
vt 0.168429 0.812546
vt 0.172454 0.814925
vt 0.176339 0.844553
vt 0.170138 0.842581
vt 0.180873 0.833726
vt 0.182266 0.837831
vt 0.237515 0.799465
vt 0.226176 0.794157
vt 0.248535 0.728158
vt 0.259817 0.739139
vt 0.201974 0.789056
vt 0.187310 0.777308
vt 0.206823 0.722844
vt 0.222528 0.720397
vt 0.188313 0.791514
vt 0.189707 0.796560
vt 0.196900 0.812318
vt 0.208321 0.804383
vt 0.206296 0.823572
vt 0.216743 0.812565
vt 0.215548 0.791973
vt 0.234714 0.724921
vt 0.224114 0.817913
vt 0.068977 0.977526
vt 0.067469 0.969257
vt 0.135481 0.968527
vt 0.137148 0.977309
vt 0.065917 0.960684
vt 0.065746 0.950301
vt 0.133646 0.950410
vt 0.133993 0.960422
vt 0.061449 0.960941
vt 0.062018 0.950265
vt 0.057798 0.987278
vt 0.057871 0.977870
vt 0.069501 0.986663
vt 0.059389 0.969789
vt 0.137474 0.986757
vt 0.142843 0.968281
vt 0.143621 0.960085
vt 0.319360 0.962770
vt 0.318440 0.973113
vt 0.315930 0.988742
vt 0.314316 0.980013
vt 0.324113 0.982913
vt 0.326185 0.991062
vt 0.141279 0.977286
vt 0.143575 0.950227
vt 0.308533 0.950980
vt 0.333215 0.983282
vt 0.336113 0.992279
vt 0.285887 0.828600
vt 0.275752 0.817958
vt 0.290415 0.810685
vt 0.293074 0.824812
vt 0.271025 0.802853
vt 0.288391 0.796898
vt 0.307108 0.811806
vt 0.300318 0.823402
vt 0.308769 0.803858
vt 0.288946 0.787631
vt 0.290463 0.772922
vt 0.308305 0.776997
vt 0.305013 0.790103
vt 0.468266 0.773762
vt 0.473830 0.773782
vt 0.471179 0.784113
vt 0.322390 0.787048
vt 0.318485 0.799921
vt 0.478635 0.776574
vt 0.481405 0.781388
vt 0.331356 0.813937
vt 0.334798 0.805006
vt 0.355042 0.813368
vt 0.352942 0.818655
vt 0.350639 0.823798
vt 0.348266 0.828820
vt 0.351822 0.824382
vt 0.349404 0.829433
vt 0.356299 0.813887
vt 0.354159 0.819204
vt 0.361429 0.797470
vt 0.363851 0.792145
vt 0.365023 0.792807
vt 0.362646 0.797969
vt 0.357146 0.808001
vt 0.359217 0.802711
vt 0.360471 0.803192
vt 0.358438 0.808508
vt 0.342956 0.838328
vt 0.345668 0.833658
vt 0.346761 0.834298
vt 0.343996 0.838945
vt 0.337363 0.847506
vt 0.340218 0.842878
vt 0.341293 0.843507
vt 0.338479 0.848140
vt 0.337397 0.795112
vt 0.326454 0.822323
vt 0.320328 0.830806
vt 0.341134 0.785283
vt 0.315483 0.839874
vt 0.334431 0.852427
vt 0.329655 0.974256
vt 0.463406 0.791777
vt 0.460614 0.786940
vt 0.269664 0.681913
vt 0.268875 0.705706
vt 0.232060 0.704728
vt 0.232483 0.681233
vt 0.460624 0.781355
vt 0.463429 0.776530
vt 0.353525 0.997084
vt 0.351174 0.986796
vt 0.358306 0.981913
vt 0.362614 0.997846
vt 0.206739 0.832755
vt 0.176588 0.824084
vt 0.149931 0.924966
vt 0.146810 0.899521
vt 0.152341 0.898616
vt 0.017581 0.968262
vt 0.011844 0.967815
vt 0.011699 0.957640
vt 0.017446 0.958720
vt 0.011565 0.948167
vt 0.017298 0.948289
vt 0.017854 0.987527
vt 0.012130 0.988025
vt 0.011981 0.977531
vt 0.017717 0.977901
vt 0.162539 0.911671
vt 0.176047 0.923932
vt 0.163237 0.929608
vt 0.466736 0.994694
vt 0.376064 0.994173
vt 0.376180 0.973905
vt 0.466590 0.974162
vt 0.346903 0.972137
vt 0.141066 0.986755
vt 0.337165 0.940923
vt 0.342198 0.955958
vt 0.365132 0.980886
vt 0.369092 0.995536
vt 0.354093 0.966327
vt 0.360883 0.965169
vt 0.349875 0.950724
vt 0.356407 0.948614
vt 0.346120 0.936931
vt 0.352802 0.935078
vt 0.284553 0.845933
vt 0.265976 0.826773
vt 0.260601 0.806021
vt 0.252707 0.785306
vt 0.266414 0.788088
vt 0.262952 0.752430
vt 0.272273 0.771055
vt 0.232926 0.649514
vt 0.232713 0.665351
vt 0.191977 0.665049
vt 0.191686 0.649277
vt 0.270395 0.649368
vt 0.270099 0.665633
vt 0.270363 0.629512
vt 0.232754 0.630085
vt 0.191686 0.704612
vt 0.191733 0.681042
vt 0.191776 0.630021
vt 0.481405 0.786942
vt 0.478632 0.791759
vt 0.256935 0.719832
vt 0.272987 0.737980
vt 0.466591 0.937890
vt 0.376444 0.937890
vt 0.376444 0.917560
vt 0.466591 0.917560
vt 0.236424 0.719051
vt 0.220531 0.709732
vt 0.200508 0.714453
vt 0.376444 0.956030
vt 0.466590 0.956030
vt 0.473817 0.794551
vt 0.468243 0.794562
vt 0.177179 0.898332
vt 0.171491 0.897765
vt 0.335688 0.852961
vt 0.997041 0.877565
vt 0.986098 0.877565
vt 0.985834 0.851183
vt 0.996785 0.855014
vt 0.996197 0.806388
vt 0.995468 0.830439
vt 0.986668 0.829925
vt 0.986768 0.805310
vt 0.991612 0.797903
vt 0.993719 0.799766
vt 0.995393 0.802914
vt 0.982465 0.792498
vt 0.987768 0.795523
vt 0.981735 0.804737
vt 0.979057 0.791885
vt 0.980794 0.792131
vt 0.359212 0.732872
vt 0.362053 0.745451
vt 0.356966 0.733339
vt 0.362077 0.732483
vt 0.388750 0.732394
vt 0.381981 0.745301
vt 0.382749 0.731600
vt 0.376766 0.730941
vt 0.401220 0.748342
vt 0.414491 0.750458
vt 0.409074 0.765624
vt 0.397942 0.760833
vt 0.335720 0.734482
vt 0.342677 0.733774
vt 0.345631 0.746076
vt 0.334498 0.747568
vt 0.369482 0.745080
vt 0.370880 0.731340
vt 0.407732 0.738428
vt 0.412776 0.739516
vt 0.363776 0.759004
vt 0.381071 0.761203
vt 0.370623 0.769999
vt 0.349885 0.762862
vt 0.394283 0.734294
vt 0.398064 0.735650
vt 0.394778 0.747156
vt 0.365269 0.731907
vt 0.417418 0.740187
vt 0.400861 0.736567
vt 0.344439 0.734309
vt 0.403103 0.737317
vt 0.405352 0.738016
vt 0.927750 0.831212
vt 0.909558 0.828416
vt 0.913241 0.821377
vt 0.926276 0.823381
vt 0.357593 0.784581
vt 0.339882 0.766817
vt 0.348976 0.734109
vt 0.352925 0.733734
vt 0.890284 0.842763
vt 0.891543 0.825882
vt 0.894685 0.816817
vt 0.416346 0.770512
vt 0.405000 0.783828
vt 0.391410 0.770276
vt 0.959730 0.850236
vt 0.954479 0.833042
vt 0.977760 0.830464
vt 0.972607 0.850814
vt 0.975820 0.877565
vt 0.954633 0.852794
vt 0.956957 0.877996
vt 0.944128 0.877996
vt 0.943986 0.860849
vt 0.936018 0.877996
vt 0.938053 0.859147
vt 0.846298 0.859114
vt 0.845363 0.877997
vt 0.830733 0.877997
vt 0.832226 0.849744
vt 0.943614 0.847454
vt 0.954895 0.852598
vt 0.423621 0.752770
vt 0.423782 0.741802
vt 0.893957 0.856373
vt 0.834163 0.846781
vt 0.965858 0.824331
vt 0.944661 0.831295
vt 0.943111 0.822378
vt 0.952387 0.819525
vt 0.657148 0.774343
vt 0.707011 0.783987
vt 0.704558 0.791225
vt 0.656441 0.781363
vt 0.894358 0.877996
vt 0.837002 0.799548
vt 0.821315 0.830137
vt 0.821569 0.807848
vt 0.807743 0.860278
vt 0.801154 0.869127
vt 0.790754 0.860992
vt 0.801917 0.850724
vt 0.825802 0.840296
vt 0.764774 0.781714
vt 0.812872 0.773115
vt 0.806737 0.779595
vt 0.761526 0.788154
vt 0.811003 0.765272
vt 0.762841 0.775018
vt 0.813801 0.808478
vt 0.811074 0.825854
vt 0.770615 0.788782
vt 0.799698 0.783115
vt 0.796533 0.792083
vt 0.777089 0.796388
vt 0.776535 0.858924
vt 0.776535 0.830496
vt 0.781836 0.834427
vt 0.781525 0.853361
vt 0.801768 0.877998
vt 0.787645 0.877998
vt 0.969019 0.800476
vt 0.954814 0.801558
vt 0.927499 0.823298
vt 0.939501 0.819153
vt 0.885002 0.812183
vt 0.893497 0.794649
vt 0.902928 0.799099
vt 0.977205 0.791776
vt 0.905755 0.803466
vt 0.899886 0.816179
vt 0.869927 0.814853
vt 0.899061 0.813934
vt 0.911101 0.820074
vt 0.915184 0.808871
vt 0.928162 0.810744
vt 0.924419 0.813356
vt 0.921399 0.811539
vt 0.917979 0.812390
vt 0.916162 0.815410
vt 0.917012 0.818830
vt 0.920032 0.820647
vt 0.923452 0.819797
vt 0.925270 0.816777
vt 0.859177 0.835729
vt 0.855306 0.835824
vt 0.855307 0.831638
vt 0.859177 0.831543
vt 0.847571 0.836141
vt 0.843700 0.836178
vt 0.843700 0.831992
vt 0.847571 0.831955
vt 0.851439 0.835995
vt 0.851439 0.831808
vt 0.866916 0.835913
vt 0.863047 0.835766
vt 0.863047 0.831580
vt 0.866916 0.831727
vt 0.839830 0.836083
vt 0.839830 0.831897
vt 0.835963 0.835911
vt 0.835963 0.831725
vt 0.709321 0.791346
vt 0.708049 0.829628
vt 0.703330 0.829474
vt 0.693581 0.879345
vt 0.694377 0.860856
vt 0.702248 0.861367
vt 0.701875 0.879367
vt 0.707033 0.861502
vt 0.706275 0.879378
vt 0.770432 0.799527
vt 0.773990 0.827270
vt 0.764667 0.827106
vt 0.763957 0.805661
vt 0.807302 0.825507
vt 0.801455 0.820867
vt 0.779487 0.828882
vt 0.783172 0.822475
vt 0.643377 0.800340
vt 0.689052 0.800340
vt 0.685093 0.805492
vt 0.647521 0.805401
vt 0.717728 0.825776
vt 0.723620 0.799527
vt 0.727698 0.806042
vt 0.725636 0.826010
vt 0.637275 0.852271
vt 0.690291 0.861604
vt 0.682135 0.866332
vt 0.634775 0.858959
vt 0.713567 0.797213
vt 0.722282 0.853185
vt 0.726703 0.846724
vt 0.763182 0.848014
vt 0.769391 0.854340
vt 0.714916 0.861530
vt 0.783238 0.861278
vt 0.776311 0.869005
vt 0.721680 0.869354
vt 0.641169 0.819341
vt 0.647115 0.820463
vt 0.697055 0.828922
vt 0.714146 0.879397
vt 0.714341 0.829488
vt 0.699940 0.796607
vt 0.655804 0.786935
vt 0.636667 0.813570
vt 0.626898 0.820953
vt 0.620745 0.811694
vt 0.627670 0.806961
vt 0.607072 0.798258
vt 0.610862 0.795474
vt 0.480050 0.832849
vt 0.487072 0.833305
vt 0.486082 0.861356
vt 0.478914 0.861062
vt 0.485893 0.877927
vt 0.478724 0.877940
vt 0.471845 0.832330
vt 0.470288 0.860871
vt 0.469982 0.877945
vt 0.488059 0.877345
vt 0.488194 0.861848
vt 0.495325 0.859888
vt 0.495144 0.877376
vt 0.532328 0.850742
vt 0.532428 0.877539
vt 0.525363 0.877508
vt 0.525229 0.850037
vt 0.527995 0.805931
vt 0.530868 0.825134
vt 0.525000 0.827630
vt 0.524073 0.810850
vt 0.495533 0.836647
vt 0.497504 0.811628
vt 0.485499 0.800332
vt 0.482975 0.795565
vt 0.498478 0.795658
vt 0.643044 0.796259
vt 0.631557 0.793901
vt 0.479745 0.796635
vt 0.481122 0.795968
vt 0.477728 0.800300
vt 0.478574 0.798051
vt 0.541457 0.849715
vt 0.542154 0.877845
vt 0.533923 0.877856
vt 0.533937 0.849822
vt 0.539765 0.822806
vt 0.532814 0.823298
vt 0.554768 0.849091
vt 0.556142 0.877832
vt 0.547760 0.877839
vt 0.547146 0.849518
vt 0.551822 0.821500
vt 0.545095 0.822314
vt 0.534669 0.799002
vt 0.540889 0.797824
vt 0.530684 0.804344
vt 0.547007 0.800204
vt 0.490848 0.804423
vt 0.611514 0.789966
vt 0.533075 0.793936
vt 0.541823 0.791282
vt 0.571940 0.811631
vt 0.587495 0.799117
vt 0.565835 0.806732
vt 0.584021 0.796371
vt 0.565292 0.820352
vt 0.553544 0.777530
vt 0.562093 0.775376
vt 0.563847 0.779072
vt 0.548456 0.782819
vt 0.624441 0.778777
vt 0.629241 0.779744
vt 0.618378 0.780482
vt 0.619061 0.776911
vt 0.577884 0.777889
vt 0.590635 0.775351
vt 0.620218 0.823330
vt 0.631995 0.848539
vt 0.621791 0.842259
vt 0.616189 0.828758
vt 0.633890 0.780418
vt 0.636135 0.779769
vt 0.634308 0.783229
vt 0.620031 0.777570
vt 0.577790 0.774443
vt 0.547460 0.779200
vt 0.561888 0.790015
vt 0.583482 0.789383
vt 0.641348 0.781292
vt 0.644425 0.785854
vt 0.546979 0.792669
vt 0.545280 0.789842
vt 0.576862 0.774700
vt 0.645459 0.782568
vt 0.651866 0.777226
vt 0.652255 0.773833
vt 0.471887 0.819973
vt 0.475696 0.808044
vt 0.690959 0.880148
vt 0.681183 0.880015
vt 0.489521 0.835423
vt 0.493534 0.806752
vt 0.637758 0.822219
vt 0.637758 0.851573
vt 0.627876 0.828417
vt 0.562736 0.826738
vt 0.556487 0.812992
vt 0.549962 0.791059
vt 0.564342 0.776125
vt 0.334017 0.734843
vt 0.869567 0.789001
vt 0.871769 0.806991
vt 0.822220 0.761900
vt 0.824073 0.776924
vt 0.635589 0.879397
vt 0.567940 0.878479
vt 0.568899 0.857196
vt 0.560778 0.850195
vt 0.559486 0.878365
vt 0.686668 0.829303
vt 0.685328 0.853435
vt 0.648164 0.844625
vt 0.689190 0.859514
vt 0.643956 0.848997
vt 0.692519 0.829773
vt 0.565947 0.842120
vt 0.570576 0.829115
vt 0.556444 0.848539
vt 0.566081 0.823940
vt 0.774799 0.879543
vt 0.721184 0.879415
vt 0.782014 0.879560
vt 0.809793 0.833572
vt 0.806770 0.842790
vt 0.792598 0.848035
vt 0.815936 0.829608
vt 0.791475 0.851879
vt 0.811110 0.843845
vt 0.996784 0.900116
vt 0.985834 0.903947
vt 0.996197 0.948742
vt 0.986768 0.949820
vt 0.986668 0.925205
vt 0.995468 0.924691
vt 0.995393 0.952215
vt 0.993718 0.955363
vt 0.991611 0.957226
vt 0.982465 0.962631
vt 0.981735 0.950393
vt 0.987768 0.959606
vt 0.979058 0.963244
vt 0.980794 0.962998
vt 0.393556 0.831222
vt 0.391025 0.830872
vt 0.395767 0.817027
vt 0.396770 0.831439
vt 0.426424 0.829531
vt 0.419813 0.830864
vt 0.417928 0.815694
vt 0.413212 0.832048
vt 0.439083 0.810865
vt 0.434499 0.797227
vt 0.446512 0.791063
vt 0.453676 0.807513
vt 0.367326 0.831202
vt 0.364982 0.816751
vt 0.377467 0.817570
vt 0.375111 0.831465
vt 0.406640 0.832048
vt 0.404051 0.816880
vt 0.447068 0.821395
vt 0.452593 0.819806
vt 0.396661 0.801834
vt 0.380931 0.798593
vt 0.403442 0.789098
vt 0.415718 0.798087
vt 0.432430 0.827003
vt 0.432012 0.812668
vt 0.436531 0.825210
vt 0.400361 0.831839
vt 0.457703 0.818711
vt 0.439571 0.823981
vt 0.377029 0.830737
vt 0.442006 0.822978
vt 0.444454 0.822031
vt 0.927749 0.924780
vt 0.926276 0.932610
vt 0.913241 0.934615
vt 0.909558 0.927575
vt 0.387862 0.773872
vt 0.369515 0.794951
vt 0.382086 0.830619
vt 0.386504 0.830738
vt 0.890284 0.913229
vt 0.894685 0.939174
vt 0.891543 0.930109
vt 0.454227 0.785081
vt 0.426527 0.787223
vt 0.440612 0.771135
vt 0.959730 0.904894
vt 0.972607 0.904316
vt 0.977760 0.924666
vt 0.954479 0.922088
vt 0.954633 0.903199
vt 0.943986 0.895143
vt 0.938053 0.896845
vt 0.846298 0.896879
vt 0.832228 0.906250
vt 0.954895 0.903394
vt 0.943614 0.908538
vt 0.463651 0.804256
vt 0.464655 0.816436
vt 0.893957 0.899619
vt 0.834165 0.909212
vt 0.965857 0.931660
vt 0.952386 0.936467
vt 0.943111 0.933614
vt 0.944661 0.924697
vt 0.656526 0.984209
vt 0.655860 0.977177
vt 0.704097 0.967585
vt 0.706510 0.974848
vt 0.836875 0.960062
vt 0.821461 0.951643
vt 0.821351 0.929302
vt 0.807744 0.895717
vt 0.801155 0.886869
vt 0.801919 0.905271
vt 0.790755 0.895004
vt 0.825804 0.915698
vt 0.764369 0.977474
vt 0.761153 0.971001
vt 0.806411 0.979864
vt 0.812518 0.986398
vt 0.810595 0.994245
vt 0.762390 0.984172
vt 0.813679 0.950961
vt 0.811059 0.933528
vt 0.771718 0.971251
vt 0.778112 0.963398
vt 0.797917 0.967329
vt 0.801324 0.976350
vt 0.776658 0.901524
vt 0.781591 0.905898
vt 0.783534 0.924310
vt 0.778572 0.928382
vt 0.969019 0.955515
vt 0.954814 0.954433
vt 0.939501 0.936839
vt 0.927499 0.932694
vt 0.902929 0.956891
vt 0.893498 0.961341
vt 0.885003 0.943808
vt 0.977205 0.963353
vt 0.899886 0.939812
vt 0.905756 0.952525
vt 0.869929 0.941137
vt 0.911101 0.935917
vt 0.899061 0.942057
vt 0.915183 0.947121
vt 0.917978 0.943602
vt 0.921399 0.944453
vt 0.924419 0.942636
vt 0.928161 0.945249
vt 0.917012 0.937162
vt 0.916161 0.940582
vt 0.923452 0.936195
vt 0.920032 0.935345
vt 0.925269 0.939215
vt 0.854495 0.917862
vt 0.854494 0.921595
vt 0.851043 0.921510
vt 0.851044 0.917777
vt 0.844145 0.917492
vt 0.844145 0.921225
vt 0.840693 0.921192
vt 0.840693 0.917459
vt 0.847595 0.917624
vt 0.847595 0.921357
vt 0.861396 0.917698
vt 0.861396 0.921431
vt 0.857946 0.921562
vt 0.857947 0.917829
vt 0.837242 0.921277
vt 0.837242 0.917544
vt 0.833794 0.921429
vt 0.833794 0.917696
vt 0.708868 0.967491
vt 0.703077 0.929285
vt 0.707801 0.929156
vt 0.702157 0.897370
vt 0.694281 0.897841
vt 0.706944 0.897259
vt 0.771280 0.961224
vt 0.764839 0.954491
vt 0.765933 0.931564
vt 0.775364 0.931633
vt 0.802267 0.938043
vt 0.808090 0.933210
vt 0.779820 0.930408
vt 0.783698 0.936820
vt 0.639893 0.962041
vt 0.644303 0.956914
vt 0.683140 0.957760
vt 0.687104 0.963185
vt 0.718438 0.931755
vt 0.726440 0.931712
vt 0.728176 0.953133
vt 0.723938 0.959996
vt 0.636538 0.906557
vt 0.634221 0.899805
vt 0.681763 0.893718
vt 0.689788 0.898666
vt 0.713154 0.961639
vt 0.723523 0.902546
vt 0.727881 0.909576
vt 0.764796 0.909153
vt 0.771187 0.902546
vt 0.714830 0.897270
vt 0.721632 0.889477
vt 0.776260 0.890088
vt 0.783150 0.897848
vt 0.638087 0.942347
vt 0.644261 0.941335
vt 0.696793 0.929805
vt 0.714098 0.929328
vt 0.699504 0.962170
vt 0.655255 0.971594
vt 0.629854 0.940997
vt 0.621544 0.946963
vt 0.615246 0.942556
vt 0.620977 0.934134
vt 0.606027 0.957318
vt 0.602583 0.954730
vt 0.480563 0.923462
vt 0.478973 0.894877
vt 0.486185 0.894531
vt 0.487779 0.922840
vt 0.472116 0.924117
vt 0.470266 0.895108
vt 0.495172 0.894865
vt 0.488059 0.892842
vt 0.532094 0.904333
vt 0.524989 0.904976
vt 0.527370 0.949106
vt 0.523491 0.944153
vt 0.524565 0.927381
vt 0.530411 0.929928
vt 0.497998 0.943699
vt 0.495177 0.918106
vt 0.487310 0.957202
vt 0.500342 0.961019
vt 0.485082 0.962031
vt 0.635524 0.956923
vt 0.624974 0.958968
vt 0.481682 0.961184
vt 0.480350 0.959809
vt 0.479295 0.957524
vt 0.483163 0.961760
vt 0.541606 0.905934
vt 0.534132 0.905871
vt 0.540227 0.932595
vt 0.532049 0.931386
vt 0.554818 0.906510
vt 0.547254 0.906105
vt 0.551983 0.933734
vt 0.545423 0.933000
vt 0.541849 0.956574
vt 0.535780 0.955540
vt 0.529117 0.950776
vt 0.547680 0.954184
vt 0.492090 0.950367
vt 0.606569 0.962372
vt 0.534468 0.960588
vt 0.542993 0.962867
vt 0.584653 0.953746
vt 0.570526 0.942123
vt 0.581442 0.956227
vt 0.564882 0.946551
vt 0.564521 0.934065
vt 0.553327 0.973184
vt 0.548718 0.968287
vt 0.562783 0.971875
vt 0.561139 0.975244
vt 0.618301 0.972755
vt 0.612763 0.971131
vt 0.622710 0.971917
vt 0.613353 0.974410
vt 0.587291 0.975554
vt 0.575633 0.973100
vt 0.619118 0.932784
vt 0.615224 0.927538
vt 0.620639 0.914488
vt 0.630501 0.908418
vt 0.626976 0.971346
vt 0.627387 0.968774
vt 0.629027 0.971964
vt 0.614248 0.973816
vt 0.575512 0.976257
vt 0.547769 0.971593
vt 0.580878 0.962625
vt 0.561098 0.961829
vt 0.636684 0.966472
vt 0.633819 0.970620
vt 0.547883 0.961405
vt 0.546356 0.964158
vt 0.574664 0.976012
vt 0.637598 0.969493
vt 0.651624 0.984691
vt 0.651254 0.981291
vt 0.476794 0.949443
vt 0.472491 0.937040
vt 0.489154 0.919278
vt 0.493986 0.948540
vt 0.636688 0.935745
vt 0.626807 0.929548
vt 0.636688 0.906391
vt 0.562736 0.928547
vt 0.556379 0.940721
vt 0.550181 0.960752
vt 0.563207 0.974580
vt 0.365406 0.830929
vt 0.869444 0.970845
vt 0.871769 0.952829
vt 0.823770 0.982652
vt 0.821815 0.997698
vt 0.568322 0.899781
vt 0.560014 0.906558
vt 0.685365 0.933188
vt 0.645950 0.916387
vt 0.684583 0.908211
vt 0.688727 0.902025
vt 0.641709 0.911763
vt 0.691424 0.932849
vt 0.571136 0.927192
vt 0.566662 0.914622
vt 0.557477 0.908418
vt 0.566791 0.932194
vt 0.790823 0.909649
vt 0.806936 0.914298
vt 0.811134 0.924448
vt 0.817984 0.928382
vt 0.789619 0.906171
vt 0.811775 0.912728
vt 0.263198 0.931551
vt 0.252154 0.923872
vt 0.255931 0.900941
vt 0.266975 0.908620
vt 0.235358 0.923872
vt 0.231581 0.900941
vt 0.220537 0.908620
vt 0.224314 0.931551
vt 0.235358 0.937323
vt 0.252154 0.937323
vt 0.229494 0.815280
vt 0.247414 0.796598
vt 0.254138 0.808621
vt 0.261404 0.835512
vt 0.249431 0.838747
vt 0.205549 0.904268
vt 0.206361 0.868684
vt 0.232776 0.871005
vt 0.234349 0.897588
vt 0.193062 0.866938
vt 0.245692 0.870241
vt 0.247265 0.896824
vt 0.242456 0.839084
vt 0.227489 0.822310
vt 0.191826 0.903808
vt 0.322279 0.210496
vt 0.325953 0.209292
vt 0.325984 0.200233
vt 0.322327 0.199062
vt 0.334340 0.265885
vt 0.342532 0.254566
vt 0.338866 0.253729
vt 0.331932 0.262999
vt 0.341954 0.240754
vt 0.338522 0.242212
vt 0.333710 0.230008
vt 0.331838 0.233110
vt 0.320861 0.226203
vt 0.321160 0.229767
vt 0.308324 0.230551
vt 0.310646 0.233278
vt 0.300473 0.241384
vt 0.303974 0.242273
vt 0.300485 0.254869
vt 0.303868 0.253558
vt 0.308379 0.265763
vt 0.310363 0.262708
vt 0.321262 0.270120
vt 0.321050 0.266447
vt 0.321068 0.262606
vt 0.329628 0.259828
vt 0.335025 0.252505
vt 0.334984 0.243392
vt 0.329643 0.236212
vt 0.321201 0.233547
vt 0.312895 0.236335
vt 0.307589 0.243449
vt 0.307508 0.252408
vt 0.312651 0.259627
vt 0.326807 0.223197
vt 0.328993 0.219718
vt 0.318436 0.212020
vt 0.331241 0.216590
vt 0.334282 0.211691
vt 0.331582 0.206766
vt 0.340065 0.227228
vt 0.339776 0.223162
vt 0.353111 0.222748
vt 0.350460 0.219613
vt 0.361260 0.211344
vt 0.357247 0.210412
vt 0.360700 0.197422
vt 0.356902 0.198993
vt 0.352406 0.186484
vt 0.350278 0.189906
vt 0.339338 0.182519
vt 0.339619 0.186513
vt 0.326472 0.186901
vt 0.329054 0.189997
vt 0.318360 0.198044
vt 0.339206 0.213732
vt 0.339745 0.219328
vt 0.344470 0.212277
vt 0.348149 0.216506
vt 0.347384 0.207444
vt 0.353436 0.209219
vt 0.347794 0.202724
vt 0.353386 0.200165
vt 0.348078 0.192995
vt 0.345089 0.197831
vt 0.340180 0.195799
vt 0.339649 0.190299
vt 0.334933 0.197250
vt 0.331315 0.193073
vt 0.332009 0.202080
vt 0.400511 0.879361
vt 0.401635 0.875969
vt 0.398702 0.874447
vt 0.396437 0.877522
vt 0.423112 0.901552
vt 0.423934 0.898485
vt 0.400684 0.897473
vt 0.401538 0.900960
vt 0.449500 0.901255
vt 0.453070 0.895357
vt 0.448364 0.893312
vt 0.445272 0.897455
vt 0.399704 0.894272
vt 0.393738 0.896774
vt 0.396871 0.899569
vt 0.391212 0.893254
vt 0.398831 0.891544
vt 0.391160 0.883690
vt 0.390129 0.888273
vt 0.398381 0.888628
vt 0.398492 0.885647
vt 0.426291 0.892481
vt 0.426597 0.888467
vt 0.437256 0.885193
vt 0.438899 0.881316
vt 0.425095 0.881299
vt 0.426311 0.884635
vt 0.434387 0.872026
vt 0.438538 0.876383
vt 0.444733 0.870585
vt 0.439034 0.867169
vt 0.425098 0.895673
vt 0.438429 0.900426
vt 0.444341 0.905994
vt 0.398693 0.902611
vt 0.399331 0.882520
vt 0.449382 0.888640
vt 0.442203 0.888536
vt 0.441708 0.891736
vt 0.438796 0.895610
vt 0.423898 0.878489
vt 0.423035 0.875445
vt 0.437322 0.888483
vt 0.437216 0.891954
vt 0.439050 0.909213
vt 0.434493 0.904736
vt 0.441815 0.885489
vt 0.393540 0.880173
vt 0.448501 0.884259
vt 0.454760 0.888821
vt 0.454000 0.882320
vt 0.445612 0.879477
vt 0.450108 0.875822
vt 0.440007 0.914515
vt 0.447435 0.911383
vt 0.461328 0.889537
vt 0.460571 0.880572
vt 0.459003 0.898247
vt 0.455906 0.871849
vt 0.449309 0.865012
vt 0.454189 0.905765
vt 0.416245 0.859595
vt 0.428804 0.840464
vt 0.416451 0.847418
vt 0.376456 0.869564
vt 0.427025 0.869496
vt 0.414631 0.861558
vt 0.388364 0.861109
vt 0.371872 0.536610
vt 0.366562 0.533113
vt 0.336628 0.532996
vt 0.332710 0.537503
vt 0.388213 0.844391
vt 0.377102 0.836571
vt 0.375105 0.838871
vt 0.386514 0.846337
vt 0.388665 0.847001
vt 0.388820 0.858554
vt 0.386806 0.859079
vt 0.414238 0.858963
vt 0.414525 0.847867
vt 0.414991 0.845274
vt 0.374174 0.867016
vt 0.428727 0.866961
vt 0.426760 0.837813
vt 0.342837 0.521865
vt 0.339729 0.518796
vt 0.339879 0.530052
vt 0.342394 0.527094
vt 0.337651 0.515550
vt 0.332085 0.511449
vt 0.371157 0.511651
vt 0.367676 0.516138
vt 0.364203 0.530294
vt 0.364192 0.519650
vt 0.361471 0.522029
vt 0.361042 0.527660
vt 0.351482 0.522362
vt 0.351802 0.527050
vt 0.321564 0.255820
vt 0.316750 0.254404
vt 0.313864 0.250115
vt 0.313970 0.245955
vt 0.316374 0.241604
vt 0.321116 0.240152
vt 0.325767 0.241762
vt 0.328565 0.245930
vt 0.328487 0.250038
vt 0.326169 0.254288
vt 0.370874 0.260268
vt 0.361210 0.257159
vt 0.357225 0.263290
vt 0.371302 0.267568
vt 0.355240 0.248900
vt 0.348403 0.251512
vt 0.355214 0.238667
vt 0.348139 0.236802
vt 0.361128 0.230338
vt 0.356481 0.224705
vt 0.384348 0.224075
vt 0.380383 0.230184
vt 0.386309 0.238417
vt 0.393130 0.235790
vt 0.370741 0.227081
vt 0.370313 0.219806
vt 0.386461 0.248650
vt 0.393555 0.250481
vt 0.380510 0.257006
vt 0.385180 0.262657
vt 0.379175 0.255255
vt 0.384329 0.247983
vt 0.370780 0.229264
vt 0.379118 0.231961
vt 0.362457 0.232083
vt 0.357319 0.239313
vt 0.357326 0.248203
vt 0.362482 0.255376
vt 0.370835 0.258080
vt 0.366376 0.878860
vt 0.366368 0.905537
vt 0.384632 0.908421
vt 0.384642 0.875988
vt 0.384246 0.239092
vt 0.345838 0.877852
vt 0.346327 0.880416
vt 0.363363 0.880082
vt 0.363525 0.877482
vt 0.324972 0.909007
vt 0.343174 0.906138
vt 0.343174 0.879554
vt 0.324972 0.876685
vt 0.367907 0.930864
vt 0.363596 0.907171
vt 0.345924 0.907587
vt 0.341733 0.930628
vt 0.371178 0.929936
vt 0.346142 0.904981
vt 0.363164 0.904607
vt 0.338599 0.929746
vt 0.369689 0.854207
vt 0.366397 0.853483
vt 0.340135 0.855099
vt 0.337022 0.856198
vt 0.440304 0.860558
vt 0.381431 0.187480
vt 0.387731 0.187312
vt 0.373558 0.177916
vt 0.373558 0.216857
vt 0.380778 0.208294
vt 0.394951 0.217689
vt 0.387078 0.208126
vt 0.394951 0.178749
vt 0.841180 0.788567
vt 0.843867 0.782396
vt 0.835960 0.776703
vt 0.830808 0.780316
vt 0.844950 0.759538
vt 0.852089 0.758075
vt 0.848311 0.757804
vt 0.853589 0.782950
vt 0.855224 0.790194
vt 0.867319 0.782875
vt 0.862283 0.778573
vt 0.873311 0.771052
vt 0.867254 0.770200
vt 0.872455 0.758480
vt 0.867180 0.760736
vt 0.865764 0.748536
vt 0.862563 0.752858
vt 0.855659 0.743402
vt 0.854973 0.748343
vt 0.845026 0.743501
vt 0.846264 0.747927
vt 0.838449 0.751784
vt 0.835321 0.747838
vt 0.833307 0.758948
vt 0.828278 0.756711
vt 0.832236 0.768005
vt 0.826344 0.768534
vt 0.839816 0.773462
vt 0.845522 0.777505
vt 0.858830 0.774754
vt 0.862430 0.768780
vt 0.862492 0.761906
vt 0.859209 0.756024
vt 0.853606 0.752556
vt 0.847159 0.752250
vt 0.841375 0.755093
vt 0.837634 0.760496
vt 0.836992 0.767189
vt 0.847701 0.772124
vt 0.852569 0.778026
vt 0.851410 0.772370
vt 0.844517 0.770014
vt 0.842779 0.766575
vt 0.842946 0.762743
vt 0.855231 0.760230
vt 0.856948 0.763681
vt 0.856760 0.767522
vt 0.854716 0.770709
vt 0.683950 0.613613
vt 0.685987 0.612575
vt 0.631802 0.575184
vt 0.686905 0.611050
vt 0.526303 0.608332
vt 0.527396 0.604717
vt 0.475447 0.576790
vt 0.521981 0.609721
vt 0.686898 0.552284
vt 0.686897 0.541080
vt 0.821575 0.610699
vt 0.821575 0.593224
vt 0.768220 0.575386
vt 0.714804 0.610699
vt 0.715694 0.612704
vt 0.821575 0.552751
vt 0.821575 0.541713
vt 0.820841 0.539534
vt 0.818612 0.538841
vt 0.037426 0.211256
vt 0.038336 0.213083
vt 0.066563 0.139169
vt 0.040347 0.214069
vt 0.084925 0.214124
vt 0.108069 0.213885
vt 0.037355 0.139169
vt 0.037382 0.166599
vt 0.299271 0.554535
vt 0.303154 0.527266
vt 0.315485 0.533695
vt 0.319543 0.560450
vt 0.297822 0.622362
vt 0.310044 0.557955
vt 0.326738 0.540051
vt 0.333913 0.544580
vt 0.227421 0.515258
vt 0.227413 0.547746
vt 0.200596 0.547741
vt 0.337061 0.547486
vt 0.329520 0.562586
vt 0.279747 0.516379
vt 0.278733 0.548365
vt 0.277447 0.548123
vt 0.525475 0.244130
vt 0.475228 0.205541
vt 0.521394 0.245939
vt 0.423525 0.178772
vt 0.424866 0.174697
vt 0.429564 0.246443
vt 0.525871 0.173789
vt 0.526980 0.177394
vt 0.424795 0.245134
vt 0.423149 0.189845
vt 0.526725 0.241005
vt 0.423333 0.241546
vt 0.490541 0.171434
vt 0.521547 0.172423
vt 0.428545 0.172945
vt 0.686058 0.171194
vt 0.631465 0.206739
vt 0.686058 0.188781
vt 0.579800 0.243408
vt 0.577633 0.242551
vt 0.821724 0.171033
vt 0.768102 0.206523
vt 0.821724 0.188596
vt 0.714417 0.171033
vt 0.715311 0.169018
vt 0.821724 0.229273
vt 0.821724 0.240365
vt 0.820987 0.242556
vt 0.714417 0.229268
vt 0.714417 0.188596
vt 0.717388 0.168215
vt 0.084923 0.064214
vt 0.108066 0.064452
vt 0.042258 0.554546
vt 0.054744 0.550760
vt 0.052079 0.624216
vt 0.014789 0.540066
vt 0.026041 0.533708
vt 0.031485 0.557967
vt 0.428868 0.609653
vt 0.459906 0.610839
vt 0.525564 0.537911
vt 0.521469 0.536120
vt 0.527811 0.592797
vt 0.527811 0.550649
vt 0.423814 0.603844
vt 0.425176 0.607916
vt 0.429530 0.536064
vt 0.423315 0.540997
vt 0.423178 0.550611
vt 0.424762 0.537398
vt 0.423383 0.592759
vt 0.526830 0.541034
vt 0.490943 0.610862
vt 0.683937 0.538181
vt 0.579655 0.538181
vt 0.579662 0.613822
vt 0.686046 0.539088
vt 0.686903 0.593301
vt 0.576706 0.611059
vt 0.577722 0.612984
vt 0.576700 0.552286
vt 0.576704 0.593308
vt 0.576698 0.541080
vt 0.577468 0.539047
vt 0.717767 0.538841
vt 0.717760 0.613503
vt 0.818618 0.613675
vt 0.715836 0.539451
vt 0.714804 0.541714
vt 0.714804 0.552755
vt 0.714804 0.593224
vt 0.820886 0.612848
vt 0.045551 0.214124
vt 0.109943 0.212464
vt 0.110798 0.209783
vt 0.037409 0.194028
vt 0.111228 0.139168
vt 0.201020 0.626337
vt 0.170766 0.626432
vt 0.227381 0.626246
vt 0.250274 0.547711
vt 0.250280 0.625985
vt 0.286784 0.550750
vt 0.283359 0.624957
vt 0.276153 0.625652
vt 0.289455 0.624208
vt 0.301450 0.619048
vt 0.326001 0.562138
vt 0.331475 0.562692
vt 0.303377 0.615784
vt 0.200419 0.515211
vt 0.170763 0.547770
vt 0.250258 0.515318
vt 0.295525 0.623135
vt 0.299424 0.621413
vt 0.337871 0.550660
vt 0.336672 0.555444
vt 0.333350 0.562646
vt 0.311386 0.602223
vt 0.278231 0.516003
vt 0.275480 0.625733
vt 0.288461 0.520020
vt 0.683130 0.168655
vt 0.685149 0.169684
vt 0.459540 0.171608
vt 0.527452 0.189298
vt 0.527658 0.231396
vt 0.423149 0.231944
vt 0.683126 0.243396
vt 0.579797 0.168461
vt 0.685216 0.242497
vt 0.686059 0.229422
vt 0.576870 0.171199
vt 0.577876 0.169291
vt 0.576870 0.229433
vt 0.576870 0.188787
vt 0.686058 0.240523
vt 0.576870 0.240536
vt 0.818746 0.243252
vt 0.717395 0.243252
vt 0.818753 0.168042
vt 0.715454 0.242639
vt 0.714417 0.240365
vt 0.821032 0.168873
vt 0.040345 0.064270
vt 0.045549 0.064214
vt 0.109941 0.065872
vt 0.110795 0.068553
vt 0.037424 0.067083
vt 0.038334 0.065256
vt 0.037408 0.084311
vt 0.037381 0.111740
vt 0.140930 0.547743
vt 0.114114 0.547751
vt 0.140513 0.626339
vt 0.091253 0.547718
vt 0.091253 0.625991
vt 0.062794 0.548374
vt 0.065381 0.625659
vt 0.021986 0.560463
vt 0.043712 0.622370
vt 0.015529 0.562152
vt 0.007615 0.544596
vt 0.012010 0.562600
vt 0.040084 0.619056
vt 0.010054 0.562706
vt 0.038161 0.615801
vt 0.141104 0.515214
vt 0.170762 0.515213
vt 0.114103 0.515263
vt 0.091266 0.515325
vt 0.038372 0.527277
vt 0.053064 0.520030
vt 0.046010 0.623143
vt 0.042111 0.621422
vt 0.004467 0.547502
vt 0.003658 0.550676
vt 0.004857 0.555460
vt 0.008180 0.562661
vt 0.030149 0.602237
vt 0.064080 0.548132
vt 0.063293 0.516012
vt 0.066053 0.625740
vt 0.061777 0.516388
vt 0.058175 0.624964
vt 0.114151 0.626250
vt 0.275003 0.157799
vt 0.274512 0.269633
vt 0.277188 0.269621
vt 0.277483 0.157518
vt 0.277566 0.269662
vt 0.277835 0.157600
vt 0.274120 0.269679
vt 0.274666 0.157945
vt 0.270465 0.270289
vt 0.270488 0.160126
vt 0.281235 0.270284
vt 0.282018 0.159802
vt 0.291692 0.157799
vt 0.294172 0.157518
vt 0.293877 0.269621
vt 0.291201 0.269633
vt 0.294524 0.157600
vt 0.294256 0.269662
vt 0.290810 0.269679
vt 0.291356 0.157945
vt 0.287154 0.270289
vt 0.287177 0.160126
vt 0.298707 0.159802
vt 0.297924 0.270284
vt 0.361089 0.565460
vt 0.362654 0.564999
vt 0.361827 0.579614
vt 0.287402 0.460681
vt 0.286889 0.500966
vt 0.299425 0.463385
vt 0.287367 0.391435
vt 0.287441 0.426581
vt 0.299709 0.391435
vt 0.299604 0.426606
vt 0.303392 0.426627
vt 0.298716 0.501462
vt 0.303044 0.465306
vt 0.303636 0.391435
vt 0.307581 0.426672
vt 0.302480 0.501683
vt 0.307165 0.467321
vt 0.191395 0.391435
vt 0.191395 0.427416
vt 0.205254 0.391435
vt 0.191395 0.465805
vt 0.191395 0.502661
vt 0.207067 0.502365
vt 0.280313 0.751297
vt 0.280615 0.766204
vt 0.283639 0.751615
vt 0.294876 0.752270
vt 0.293983 0.767135
vt 0.301892 0.752873
vt 0.301098 0.767732
vt 0.311217 0.753655
vt 0.315291 0.753169
vt 0.318068 0.766096
vt 0.322023 0.753688
vt 0.322544 0.742793
vt 0.324815 0.744737
vt 0.328739 0.735180
vt 0.318000 0.751787
vt 0.313381 0.768432
vt 0.316084 0.767832
vt 0.371139 0.720668
vt 0.349829 0.722405
vt 0.365424 0.723261
vt 0.346109 0.725357
vt 0.354089 0.724233
vt 0.376629 0.722968
vt 0.393709 0.720927
vt 0.398848 0.723630
vt 0.413332 0.723310
vt 0.387755 0.723089
vt 0.409459 0.724746
vt 0.415516 0.726456
vt 0.337325 0.725478
vt 0.340277 0.726916
vt 0.434286 0.744225
vt 0.432472 0.745322
vt 0.436743 0.751089
vt 0.430511 0.737385
vt 0.428747 0.738715
vt 0.335833 0.728728
vt 0.743366 0.767367
vt 0.743800 0.769765
vt 0.749982 0.765995
vt 0.751208 0.768105
vt 0.755789 0.763359
vt 0.871615 0.746242
vt 0.870412 0.748898
vt 0.874321 0.748460
vt 0.881222 0.759486
vt 0.880206 0.761726
vt 0.886826 0.766374
vt 0.885834 0.768613
vt 0.891695 0.768781
vt 0.890717 0.771023
vt 0.952383 0.770604
vt 0.952383 0.768349
vt 0.974932 0.770421
vt 0.262305 0.273328
vt 0.265349 0.271706
vt 0.262755 0.266449
vt 0.263306 0.220775
vt 0.265604 0.220804
vt 0.266194 0.139442
vt 0.262962 0.252720
vt 0.265241 0.252843
vt 0.265437 0.236082
vt 0.401835 0.599687
vt 0.403338 0.603496
vt 0.404897 0.593243
vt 0.402595 0.592138
vt 0.404727 0.548250
vt 0.323119 0.623982
vt 0.317153 0.622378
vt 0.311936 0.640506
vt 0.312163 0.619388
vt 0.325884 0.604145
vt 0.286036 0.649717
vt 0.279617 0.653998
vt 0.284856 0.655174
vt 0.339117 0.608754
vt 0.333963 0.608213
vt 0.329978 0.624806
vt 0.329653 0.606848
vt 0.291611 0.655472
vt 0.291494 0.656836
vt 0.284798 0.657065
vt 0.289414 0.751913
vt 0.288836 0.766787
vt 0.283485 0.766519
vt 0.283843 0.726713
vt 0.289759 0.726927
vt 0.312291 0.677047
vt 0.325302 0.677395
vt 0.324988 0.666774
vt 0.284425 0.670399
vt 0.279391 0.657836
vt 0.220115 0.475457
vt 0.223551 0.476062
vt 0.230696 0.465129
vt 0.311947 0.728892
vt 0.310671 0.768520
vt 0.284076 0.699599
vt 0.279799 0.726457
vt 0.321081 0.729382
vt 0.278886 0.669897
vt 0.229902 0.391435
vt 0.230262 0.426923
vt 0.255275 0.391435
vt 0.297786 0.665881
vt 0.304734 0.666464
vt 0.304742 0.665821
vt 0.428709 0.711978
vt 0.445272 0.729349
vt 0.543056 0.712164
vt 0.312347 0.692504
vt 0.304122 0.692112
vt 0.312248 0.693465
vt 0.327048 0.733735
vt 0.424747 0.729824
vt 0.420442 0.729311
vt 0.423853 0.732341
vt 0.542988 0.767573
vt 0.543098 0.769983
vt 0.701824 0.767520
vt 0.410316 0.626867
vt 0.410066 0.643534
vt 0.543355 0.644116
vt 0.450292 0.737572
vt 0.453536 0.744175
vt 0.543007 0.737527
vt 0.457544 0.767640
vt 0.457537 0.770060
vt 0.400030 0.716915
vt 0.445563 0.767191
vt 0.443172 0.768262
vt 0.445888 0.770000
vt 0.543448 0.627500
vt 0.701129 0.644954
vt 0.696084 0.420823
vt 0.696079 0.449794
vt 0.825981 0.420929
vt 0.702166 0.769922
vt 0.543022 0.729243
vt 0.701169 0.712403
vt 0.543002 0.744111
vt 0.701210 0.737625
vt 0.700537 0.526511
vt 0.700853 0.531679
vt 0.833086 0.526726
vt 0.401890 0.548163
vt 0.404480 0.532554
vt 0.420363 0.538396
vt 0.419825 0.548766
vt 0.421752 0.539035
vt 0.445808 0.730890
vt 0.701220 0.744176
vt 0.764312 0.744349
vt 0.769425 0.739591
vt 0.768184 0.737448
vt 0.760799 0.751182
vt 0.762245 0.753206
vt 0.765549 0.746415
vt 0.531609 0.549920
vt 0.531121 0.594313
vt 0.543925 0.550066
vt 0.433942 0.391837
vt 0.434060 0.420935
vt 0.530580 0.391837
vt 0.400642 0.604001
vt 0.570339 0.494768
vt 0.570319 0.486822
vt 0.530588 0.494504
vt 0.531301 0.525337
vt 0.531072 0.530601
vt 0.572722 0.525878
vt 0.425483 0.611970
vt 0.421435 0.609971
vt 0.570368 0.503482
vt 0.530605 0.503334
vt 0.423286 0.535408
vt 0.422018 0.534403
vt 0.433736 0.523973
vt 0.433104 0.529228
vt 0.412205 0.523625
vt 0.413124 0.529188
vt 0.420626 0.523818
vt 0.575218 0.617444
vt 0.573002 0.616101
vt 0.458536 0.613654
vt 0.491569 0.613796
vt 0.491276 0.612443
vt 0.411979 0.605026
vt 0.385036 0.626547
vt 0.384838 0.643174
vt 0.255527 0.426692
vt 0.205673 0.427220
vt 0.841220 0.730391
vt 0.840837 0.732271
vt 0.859950 0.732496
vt 0.711410 0.536317
vt 0.713764 0.538066
vt 0.713571 0.535122
vt 0.570307 0.479073
vt 0.696101 0.478960
vt 0.544128 0.536163
vt 0.530550 0.539616
vt 0.701133 0.628525
vt 0.840163 0.627695
vt 0.952150 0.747962
vt 0.952102 0.745120
vt 0.690451 0.536519
vt 0.691643 0.538986
vt 0.696087 0.464354
vt 0.825964 0.464212
vt 0.936197 0.501181
vt 0.932891 0.493432
vt 0.826213 0.503166
vt 0.840295 0.644113
vt 0.949584 0.626422
vt 0.696117 0.486742
vt 0.826008 0.478703
vt 0.571613 0.613759
vt 0.949823 0.642883
vt 0.968256 0.626268
vt 0.970357 0.642704
vt 0.973844 0.626159
vt 0.956509 0.530415
vt 0.959678 0.549587
vt 0.961000 0.529974
vt 0.085992 0.260171
vt 0.119500 0.262966
vt 0.119675 0.250367
vt 0.964766 0.593509
vt 0.964352 0.549258
vt 0.040138 0.260943
vt 0.085641 0.264956
vt 0.040580 0.256849
vt 0.020636 0.258940
vt 0.020636 0.255151
vt 0.119192 0.268374
vt 0.135784 0.270403
vt 0.136080 0.264571
vt 0.975065 0.768129
vt 0.977726 0.770853
vt 0.981542 0.768072
vt 0.980435 0.772269
vt 0.266502 0.274435
vt 0.015529 0.246142
vt 0.020636 0.246430
vt 0.020636 0.236042
vt 0.086145 0.248948
vt 0.119694 0.235138
vt 0.265013 0.266743
vt 0.136268 0.251229
vt 0.136343 0.235137
vt 0.146228 0.265469
vt 0.147474 0.265391
vt 0.147590 0.251756
vt 0.947911 0.550010
vt 0.948457 0.593493
vt 0.040772 0.247260
vt 0.086126 0.235466
vt 0.947982 0.612830
vt 0.170508 0.265697
vt 0.171698 0.265513
vt 0.170625 0.251924
vt 0.015529 0.172017
vt 0.020636 0.171793
vt 0.020636 0.139442
vt 0.136389 0.219929
vt 0.263145 0.236022
vt 0.015529 0.236161
vt 0.020636 0.221002
vt 0.825775 0.616265
vt 0.841541 0.616190
vt 0.969991 0.593291
vt 0.946554 0.530523
vt 0.945270 0.535362
vt 0.030837 0.169983
vt 0.847282 0.593552
vt 0.941195 0.592653
vt 0.940696 0.550587
vt 0.846953 0.551601
vt 0.940542 0.539289
vt 0.847201 0.611683
vt 0.941462 0.610781
vt 0.843143 0.611751
vt 0.843022 0.593606
vt 0.842778 0.551540
vt 0.846706 0.540368
vt 0.206198 0.465511
vt 0.255741 0.459396
vt 0.231425 0.501861
vt 0.220541 0.493297
vt 0.384709 0.588150
vt 0.388832 0.584960
vt 0.381647 0.582242
vt 0.256165 0.498843
vt 0.265669 0.496337
vt 0.262816 0.492971
vt 0.237968 0.481259
vt 0.240218 0.490207
vt 0.241771 0.481234
vt 0.248590 0.468914
vt 0.243501 0.474165
vt 0.251277 0.473142
vt 0.255655 0.466947
vt 0.255809 0.471874
vt 0.248004 0.476512
vt 0.256002 0.480855
vt 0.263703 0.476351
vt 0.260363 0.473051
vt 0.248171 0.485537
vt 0.251509 0.488771
vt 0.256006 0.489905
vt 0.260457 0.488662
vt 0.263711 0.485368
vt 0.264908 0.480871
vt 0.246875 0.481057
vt 0.373621 0.574230
vt 0.373136 0.576495
vt 0.379275 0.576489
vt 0.374950 0.572311
vt 0.383687 0.572119
vt 0.381523 0.570856
vt 0.376885 0.582143
vt 0.379179 0.582725
vt 0.376891 0.570995
vt 0.385049 0.574119
vt 0.204445 0.220361
vt 0.221902 0.220515
vt 0.222467 0.139442
vt 0.349508 0.666975
vt 0.170422 0.273890
vt 0.171538 0.274367
vt 0.409963 0.655234
vt 0.409939 0.666504
vt 0.543291 0.655767
vt 0.015529 0.257843
vt 0.015529 0.254467
vt 0.040769 0.235816
vt 0.955501 0.525257
vt 0.959809 0.524710
vt 0.421944 0.465265
vt 0.421485 0.445520
vt 0.408947 0.445807
vt 0.423020 0.486633
vt 0.422359 0.480285
vt 0.410269 0.483720
vt 0.420997 0.421077
vt 0.420588 0.391837
vt 0.408367 0.421282
vt 0.397317 0.421507
vt 0.396472 0.391837
vt 0.385479 0.421778
vt 0.401730 0.490401
vt 0.400314 0.487582
vt 0.389418 0.493824
vt 0.409555 0.466580
vt 0.398130 0.446122
vt 0.407911 0.391837
vt 0.410931 0.488364
vt 0.928464 0.464441
vt 0.928736 0.478468
vt 0.932373 0.464629
vt 0.929984 0.485804
vt 0.932512 0.478573
vt 0.928800 0.391837
vt 0.928642 0.421412
vt 0.932819 0.391837
vt 0.928283 0.450230
vt 0.932711 0.421460
vt 0.932289 0.450389
vt 0.937230 0.450604
vt 0.938016 0.391837
vt 0.937953 0.421536
vt 0.943300 0.391837
vt 0.942071 0.450853
vt 0.942939 0.421629
vt 0.949159 0.391837
vt 0.948191 0.451193
vt 0.948894 0.421749
vt 0.957080 0.391837
vt 0.956593 0.421923
vt 0.399114 0.467570
vt 0.434324 0.493794
vt 0.434346 0.486422
vt 0.422981 0.493386
vt 0.936782 0.464930
vt 0.936253 0.478788
vt 0.933785 0.485804
vt 0.947329 0.465864
vt 0.941246 0.465280
vt 0.945168 0.479722
vt 0.954407 0.466633
vt 0.952099 0.480870
vt 0.943793 0.484606
vt 0.939038 0.482549
vt 0.937221 0.485437
vt 0.955579 0.451622
vt 0.945142 0.497118
vt 0.947235 0.494313
vt 0.940349 0.491450
vt 0.940021 0.479110
vt 0.950182 0.487770
vt 0.941917 0.489380
vt 0.942459 0.499287
vt 0.948063 0.505929
vt 0.936707 0.493155
vt 0.434411 0.479015
vt 0.422496 0.501912
vt 0.414904 0.499638
vt 0.412438 0.509772
vt 0.407999 0.496178
vt 0.415732 0.493364
vt 0.940332 0.500318
vt 0.434099 0.502740
vt 0.434358 0.464484
vt 0.434224 0.445339
vt 0.530577 0.486749
vt 0.826051 0.391837
vt 0.826062 0.486509
vt 0.825942 0.449770
vt 0.530618 0.512543
vt 0.530614 0.511629
vt 0.433857 0.511394
vt 0.382314 0.422034
vt 0.384192 0.421964
vt 0.381577 0.391837
vt 0.385071 0.446556
vt 0.386205 0.468320
vt 0.386313 0.446499
vt 0.396816 0.499644
vt 0.530618 0.514639
vt 0.433774 0.514469
vt 0.530616 0.515299
vt 0.015529 0.221176
vt 0.020636 0.201958
vt 0.015529 0.202172
vt 0.011016 0.216682
vt 0.011016 0.230841
vt 0.399541 0.514757
vt 0.396145 0.516140
vt 0.401553 0.521224
vt 0.402703 0.504044
vt 0.420954 0.529255
vt 0.427299 0.532906
vt 0.530575 0.479083
vt 0.530610 0.449747
vt 0.530602 0.420760
vt 0.696163 0.503417
vt 0.696138 0.494801
vt 0.570329 0.391837
vt 0.530597 0.464405
vt 0.570311 0.464409
vt 0.696186 0.511353
vt 0.570390 0.511570
vt 0.696107 0.391837
vt 0.570323 0.420771
vt 0.529204 0.536153
vt 0.572886 0.531124
vt 0.570317 0.449785
vt 0.826130 0.494673
vt 0.826299 0.510926
vt 0.688123 0.535000
vt 0.576222 0.534721
vt 0.938419 0.508661
vt 0.946561 0.525256
vt 0.947395 0.521418
vt 0.832788 0.522857
vt 0.833117 0.531881
vt 0.825463 0.536610
vt 0.841279 0.536682
vt 0.844166 0.535256
vt 0.011016 0.249666
vt 0.287420 0.322190
vt 0.299443 0.319485
vt 0.286907 0.281904
vt 0.287386 0.391435
vt 0.299728 0.391435
vt 0.287459 0.356290
vt 0.303654 0.391435
vt 0.303410 0.356244
vt 0.303062 0.317565
vt 0.298734 0.281409
vt 0.307981 0.391435
vt 0.307599 0.356199
vt 0.307183 0.315549
vt 0.302498 0.281188
vt 0.347229 0.391435
vt 0.368079 0.391435
vt 0.368079 0.360497
vt 0.205272 0.391435
vt 0.191395 0.355455
vt 0.191395 0.317065
vt 0.206216 0.317359
vt 0.207085 0.280505
vt 0.280313 0.030953
vt 0.283639 0.030635
vt 0.280615 0.016046
vt 0.294876 0.029980
vt 0.301892 0.029378
vt 0.293983 0.015115
vt 0.311217 0.028595
vt 0.301098 0.014518
vt 0.315291 0.029081
vt 0.318000 0.030463
vt 0.322023 0.028562
vt 0.322544 0.039457
vt 0.327048 0.048515
vt 0.328739 0.047070
vt 0.324815 0.037513
vt 0.316084 0.014419
vt 0.313381 0.013818
vt 0.354089 0.058017
vt 0.349829 0.059845
vt 0.365424 0.058989
vt 0.346109 0.056893
vt 0.371139 0.061582
vt 0.376629 0.059282
vt 0.393709 0.061324
vt 0.413332 0.058940
vt 0.398848 0.058620
vt 0.387755 0.059161
vt 0.415516 0.055794
vt 0.409459 0.057504
vt 0.337325 0.056772
vt 0.430511 0.044866
vt 0.434286 0.038025
vt 0.428747 0.043535
vt 0.438885 0.028567
vt 0.445563 0.015059
vt 0.437724 0.026279
vt 0.340277 0.055334
vt 0.335833 0.053523
vt 0.318068 0.016153
vt 0.743366 0.014883
vt 0.749982 0.016255
vt 0.743800 0.012485
vt 0.754534 0.021004
vt 0.755789 0.018891
vt 0.881222 0.022764
vt 0.886826 0.015876
vt 0.880206 0.020524
vt 0.891695 0.013469
vt 0.885834 0.013637
vt 0.291285 0.129871
vt 0.291611 0.126778
vt 0.284856 0.127076
vt 0.952383 0.013901
vt 0.952383 0.011646
vt 0.975065 0.014121
vt 0.974932 0.011829
vt 0.262293 0.005556
vt 0.262743 0.012435
vt 0.265336 0.007329
vt 0.263293 0.058109
vt 0.263897 0.139442
vt 0.266196 0.139442
vt 0.262949 0.026165
vt 0.263132 0.042862
vt 0.265424 0.042802
vt 0.332538 0.180455
vt 0.334168 0.179557
vt 0.329653 0.175402
vt 0.338454 0.156850
vt 0.331643 0.140337
vt 0.329978 0.157444
vt 0.321655 0.140856
vt 0.323119 0.158268
vt 0.305594 0.129241
vt 0.312387 0.129245
vt 0.311936 0.127417
vt 0.326384 0.391435
vt 0.347229 0.360857
vt 0.326384 0.312270
vt 0.347229 0.310499
vt 0.326384 0.284303
vt 0.345919 0.173258
vt 0.359891 0.172787
vt 0.355186 0.156266
vt 0.325730 0.089238
vt 0.349217 0.088749
vt 0.349139 0.087726
vt 0.298416 0.127092
vt 0.298188 0.125915
vt 0.291494 0.125414
vt 0.284798 0.125185
vt 0.279617 0.128252
vt 0.289414 0.030337
vt 0.288836 0.015463
vt 0.283485 0.015731
vt 0.283843 0.055537
vt 0.289759 0.055323
vt 0.290943 0.111561
vt 0.284425 0.111851
vt 0.278886 0.112353
vt 0.279391 0.124414
vt 0.311947 0.053358
vt 0.279799 0.055793
vt 0.284076 0.082651
vt 0.321081 0.052868
vt 0.279331 0.082980
vt 0.229920 0.391435
vt 0.255293 0.391435
vt 0.230280 0.355947
vt 0.297786 0.116369
vt 0.304734 0.115786
vt 0.297305 0.105607
vt 0.453536 0.038075
vt 0.543002 0.038139
vt 0.455159 0.031518
vt 0.542988 0.014677
vt 0.701824 0.014730
vt 0.543098 0.012267
vt 0.450292 0.044678
vt 0.543007 0.044723
vt 0.436743 0.031161
vt 0.457544 0.014610
vt 0.457537 0.012190
vt 0.400030 0.065335
vt 0.445888 0.012250
vt 0.443172 0.013988
vt 0.701220 0.038074
vt 0.701229 0.031559
vt 0.543448 0.154750
vt 0.701133 0.153725
vt 0.701129 0.137296
vt 0.696084 0.362850
vt 0.825981 0.362745
vt 0.696079 0.333880
vt 0.691974 0.230838
vt 0.688922 0.230776
vt 0.691643 0.243264
vt 0.413054 0.249276
vt 0.420363 0.243854
vt 0.412662 0.233647
vt 0.702166 0.012328
vt 0.543056 0.070086
vt 0.701169 0.069847
vt 0.543022 0.053007
vt 0.701210 0.044625
vt 0.543925 0.232184
vt 0.571805 0.231653
vt 0.543478 0.187825
vt 0.543000 0.029158
vt 0.701226 0.029153
vt 0.700537 0.255739
vt 0.833086 0.255524
vt 0.700853 0.250571
vt 0.573685 0.246258
vt 0.544128 0.246087
vt 0.572886 0.251126
vt 0.768184 0.044802
vt 0.772240 0.051344
vt 0.772954 0.048218
vt 0.424747 0.052426
vt 0.423853 0.049909
vt 0.774243 0.049429
vt 0.764312 0.037901
vt 0.769425 0.042660
vt 0.765549 0.035835
vt 0.760799 0.031068
vt 0.419825 0.233484
vt 0.412223 0.188785
vt 0.434060 0.362738
vt 0.570339 0.288906
vt 0.530588 0.289169
vt 0.570319 0.296851
vt 0.531301 0.256913
vt 0.572722 0.256371
vt 0.531072 0.251649
vt 0.403082 0.258951
vt 0.412205 0.258625
vt 0.404405 0.253509
vt 0.570368 0.280191
vt 0.530605 0.280339
vt 0.433736 0.258276
vt 0.422018 0.247847
vt 0.420626 0.258432
vt 0.413124 0.253062
vt 0.575218 0.164806
vt 0.573002 0.166149
vt 0.255545 0.356179
vt 0.205691 0.355650
vt 0.841220 0.051859
vt 0.861178 0.051531
vt 0.859950 0.049754
vt 0.420954 0.252995
vt 0.571406 0.187797
vt 0.543430 0.171500
vt 0.570307 0.304601
vt 0.696101 0.304713
vt 0.686635 0.166643
vt 0.688267 0.167576
vt 0.688101 0.164114
vt 0.821464 0.167152
vt 0.823402 0.168165
vt 0.823225 0.164477
vt 0.840163 0.154555
vt 0.942274 0.248183
vt 0.940552 0.245547
vt 0.844166 0.246994
vt 0.840375 0.128309
vt 0.949956 0.129542
vt 0.950000 0.127834
vt 0.825942 0.333903
vt 0.825964 0.319461
vt 0.936197 0.282492
vt 0.826213 0.280507
vt 0.932891 0.290242
vt 0.949584 0.155829
vt 0.840295 0.138137
vt 0.826008 0.304971
vt 0.696117 0.296932
vt 0.571613 0.168491
vt 0.968256 0.155982
vt 0.949823 0.139367
vt 0.203812 0.004275
vt 0.203914 0.012899
vt 0.221253 0.004598
vt 0.973844 0.156091
vt 0.970357 0.139546
vt 0.976156 0.140047
vt 0.971100 0.129737
vt 0.956509 0.251835
vt 0.961000 0.252276
vt 0.959678 0.232663
vt 0.085979 0.018713
vt 0.086133 0.029936
vt 0.119662 0.028518
vt 0.951522 0.055158
vt 0.972990 0.055726
vt 0.972993 0.054039
vt 0.964352 0.232992
vt 0.964766 0.188741
vt 0.040125 0.017941
vt 0.040567 0.022036
vt 0.085629 0.013928
vt 0.020636 0.019945
vt 0.020636 0.023734
vt 0.135771 0.008481
vt 0.136068 0.014313
vt 0.146215 0.013415
vt 0.119179 0.010511
vt 0.119488 0.015918
vt 0.981542 0.014178
vt 0.977726 0.011397
vt 0.980435 0.009981
vt 0.266489 0.004450
vt 0.015529 0.032742
vt 0.015529 0.042724
vt 0.020636 0.042843
vt 0.086113 0.043418
vt 0.119681 0.043747
vt 0.265228 0.026041
vt 0.136331 0.043748
vt 0.242272 0.026324
vt 0.242316 0.042956
vt 0.040760 0.031625
vt 0.040756 0.043068
vt 0.948457 0.188757
vt 0.947982 0.169420
vt 0.136255 0.027655
vt 0.146333 0.027146
vt 0.015529 0.106868
vt 0.015529 0.139442
vt 0.136376 0.058955
vt 0.265591 0.058080
vt 0.015529 0.057708
vt 0.020636 0.057882
vt 0.112206 0.058897
vt 0.843844 0.243513
vt 0.842798 0.241890
vt 0.841279 0.245568
vt 0.841541 0.166060
vt 0.844421 0.164817
vt 0.846046 0.244456
vt 0.969991 0.188959
vt 0.020636 0.107091
vt 0.030825 0.108902
vt 0.847282 0.188698
vt 0.846953 0.230649
vt 0.940696 0.231663
vt 0.846706 0.241882
vt 0.940542 0.242961
vt 0.847201 0.170567
vt 0.941195 0.189597
vt 0.299622 0.356264
vt 0.326384 0.361200
vt 0.255759 0.323474
vt 0.230715 0.317742
vt 0.220559 0.289574
vt 0.217139 0.290174
vt 0.213881 0.304658
vt 0.215359 0.303151
vt 0.212025 0.301717
vt 0.226805 0.292338
vt 0.231443 0.281010
vt 0.223958 0.290337
vt 0.262757 0.314067
vt 0.260381 0.309820
vt 0.255673 0.315924
vt 0.243827 0.294674
vt 0.248189 0.297333
vt 0.251527 0.294099
vt 0.243519 0.308705
vt 0.248022 0.306359
vt 0.241789 0.301637
vt 0.246893 0.301814
vt 0.251295 0.309728
vt 0.256021 0.302016
vt 0.263722 0.306519
vt 0.255827 0.310997
vt 0.256024 0.292965
vt 0.260475 0.294209
vt 0.263729 0.297503
vt 0.264926 0.301999
vt 0.381643 0.553696
vt 0.379411 0.548059
vt 0.379238 0.554093
vt 0.377011 0.553547
vt 0.543121 0.087590
vt 0.701148 0.087215
vt 0.543111 0.086356
vt 0.204432 0.058524
vt 0.204987 0.139442
vt 0.222454 0.139442
vt 0.972206 0.090015
vt 0.979262 0.090108
vt 0.972255 0.088837
vt 0.384537 0.071405
vt 0.428417 0.071309
vt 0.384575 0.070519
vt 0.840712 0.087978
vt 0.701147 0.086012
vt 0.840853 0.071488
vt 0.951106 0.073037
vt 0.951145 0.072146
vt 0.159570 0.013259
vt 0.159711 0.027028
vt 0.170495 0.013187
vt 0.409939 0.115746
vt 0.543239 0.115253
vt 0.543228 0.114370
vt 0.015529 0.021041
vt 0.015529 0.024418
vt 0.020636 0.032455
vt 0.955501 0.256993
vt 0.959809 0.257540
vt 0.421944 0.318408
vt 0.409555 0.317093
vt 0.408947 0.337867
vt 0.423020 0.297041
vt 0.410931 0.295309
vt 0.410269 0.299953
vt 0.421485 0.338153
vt 0.420997 0.362597
vt 0.408367 0.362391
vt 0.399114 0.316103
vt 0.398130 0.337551
vt 0.397317 0.362167
vt 0.401730 0.293273
vt 0.928464 0.319233
vt 0.932373 0.319044
vt 0.928736 0.305206
vt 0.932512 0.305100
vt 0.929984 0.297869
vt 0.928642 0.362261
vt 0.932711 0.362213
vt 0.928283 0.333443
vt 0.937953 0.362137
vt 0.937230 0.333069
vt 0.942939 0.362045
vt 0.942071 0.332820
vt 0.948894 0.361925
vt 0.948191 0.332480
vt 0.956593 0.361750
vt 0.964968 0.391837
vt 0.964598 0.361580
vt 0.422359 0.303389
vt 0.400314 0.296091
vt 0.932289 0.333285
vt 0.434324 0.289880
vt 0.422981 0.290287
vt 0.434346 0.297252
vt 0.936782 0.318743
vt 0.936253 0.304886
vt 0.937221 0.298236
vt 0.933785 0.297869
vt 0.947329 0.317809
vt 0.945168 0.303952
vt 0.941246 0.318394
vt 0.957819 0.291553
vt 0.953626 0.283187
vt 0.947235 0.289361
vt 0.954407 0.317040
vt 0.952099 0.302804
vt 0.943793 0.299067
vt 0.941917 0.294293
vt 0.940021 0.304564
vt 0.955579 0.332052
vt 0.945142 0.286555
vt 0.940349 0.292223
vt 0.939038 0.301124
vt 0.950182 0.295903
vt 0.936707 0.290518
vt 0.407999 0.287495
vt 0.415732 0.290309
vt 0.414904 0.284036
vt 0.422496 0.281761
vt 0.942459 0.284386
vt 0.940332 0.283355
vt 0.434099 0.280934
vt 0.434411 0.304659
vt 0.434224 0.338334
vt 0.530577 0.296925
vt 0.826062 0.297164
vt 0.434358 0.319190
vt 0.383191 0.337019
vt 0.382525 0.336979
vt 0.381648 0.361616
vt 0.966311 0.315695
vt 0.967035 0.315622
vt 0.964918 0.300341
vt 0.945205 0.272763
vt 0.945421 0.271984
vt 0.939346 0.271836
vt 0.015529 0.076713
vt 0.020636 0.076926
vt 0.011016 0.077111
vt 0.011016 0.106970
vt 0.011016 0.139442
vt 0.409948 0.262766
vt 0.433104 0.253022
vt 0.570390 0.272103
vt 0.530614 0.272045
vt 0.530575 0.304590
vt 0.530597 0.319268
vt 0.530610 0.333926
vt 0.530602 0.362914
vt 0.696163 0.280256
vt 0.696138 0.288873
vt 0.570317 0.333889
vt 0.570311 0.319265
vt 0.696186 0.272320
vt 0.570323 0.362903
vt 0.531353 0.261083
vt 0.572752 0.260413
vt 0.696087 0.319320
vt 0.826130 0.289001
vt 0.826299 0.272747
vt 0.938419 0.275012
vt 0.011016 0.025579
vt 0.011016 0.029219
vt 0.011016 0.022238
vt 0.290943 0.670689
vt 0.290283 0.699872
vt 0.296891 0.692375
vt 0.296386 0.708236
vt 0.290283 0.082378
vt 0.353003 0.550644
vt 0.353003 0.580917
vt 0.353003 0.582673
vt 0.307963 0.391435
vt 0.326384 0.421671
vt 0.306826 0.501344
vt 0.326384 0.470601
vt 0.347229 0.422014
vt 0.368079 0.422373
vt 0.347229 0.472372
vt 0.347229 0.498986
vt 0.368079 0.472773
vt 0.373752 0.422472
vt 0.368079 0.499386
vt 0.373752 0.472898
vt 0.435391 0.753453
vt 0.438885 0.753683
vt 0.437724 0.755971
vt 0.754534 0.761246
vt 0.759467 0.755655
vt 0.758117 0.753698
vt 0.304299 0.638558
vt 0.291285 0.652379
vt 0.299697 0.652952
vt 0.298416 0.655158
vt 0.873204 0.750997
vt 0.242107 0.274020
vt 0.980996 0.747071
vt 0.973506 0.747521
vt 0.332538 0.601795
vt 0.334168 0.602693
vt 0.360179 0.606742
vt 0.359891 0.609463
vt 0.373757 0.609915
vt 0.386831 0.607425
vt 0.387007 0.610029
vt 0.395065 0.607022
vt 0.374025 0.607246
vt 0.395615 0.609624
vt 0.398818 0.606088
vt 0.530521 0.607068
vt 0.543478 0.594425
vt 0.400887 0.525907
vt 0.404405 0.528741
vt 0.403082 0.523299
vt 0.400173 0.524332
vt 0.389967 0.514576
vt 0.390809 0.511648
vt 0.384754 0.509903
vt 0.385322 0.507169
vt 0.384913 0.507060
vt 0.398750 0.522521
vt 0.394737 0.518111
vt 0.362468 0.506103
vt 0.362444 0.504785
vt 0.340370 0.505869
vt 0.362507 0.508034
vt 0.340361 0.508073
vt 0.384101 0.509762
vt 0.315250 0.505897
vt 0.315434 0.505028
vt 0.338454 0.625400
vt 0.331643 0.641913
vt 0.321655 0.641394
vt 0.350481 0.642466
vt 0.304706 0.654991
vt 0.305594 0.653009
vt 0.311936 0.654833
vt 0.312387 0.653005
vt 0.324354 0.654962
vt 0.298382 0.634749
vt 0.312201 0.666648
vt 0.324913 0.666082
vt 0.326384 0.498567
vt 0.345919 0.608992
vt 0.355186 0.625984
vt 0.326061 0.710679
vt 0.321092 0.728623
vt 0.331020 0.728126
vt 0.325730 0.693012
vt 0.325700 0.694021
vt 0.349139 0.694524
vt 0.311693 0.655326
vt 0.304575 0.655677
vt 0.298188 0.656335
vt 0.272011 0.489828
vt 0.239910 0.472237
vt 0.295595 0.727293
vt 0.303086 0.728141
vt 0.304537 0.676707
vt 0.303667 0.709193
vt 0.303549 0.708559
vt 0.330260 0.729408
vt 0.543014 0.731113
vt 0.325400 0.678281
vt 0.312186 0.665983
vt 0.311993 0.728039
vt 0.312212 0.709877
vt 0.303022 0.727370
vt 0.312367 0.677914
vt 0.304041 0.692990
vt 0.312036 0.709009
vt 0.325900 0.709662
vt 0.297305 0.676643
vt 0.304569 0.677552
vt 0.410019 0.695459
vt 0.428417 0.710941
vt 0.543111 0.695894
vt 0.324584 0.652761
vt 0.331894 0.731371
vt 0.409858 0.653486
vt 0.543305 0.654005
vt 0.455159 0.750732
vt 0.348841 0.710014
vt 0.349015 0.712211
vt 0.384537 0.710845
vt 0.349143 0.652973
vt 0.384937 0.653318
vt 0.385023 0.666402
vt 0.384986 0.667202
vt 0.409906 0.667369
vt 0.384575 0.711731
vt 0.456805 0.753138
vt 0.543000 0.753092
vt 0.384727 0.695258
vt 0.412223 0.593465
vt 0.419618 0.593513
vt 0.412662 0.548603
vt 0.542999 0.750657
vt 0.701229 0.750691
vt 0.701197 0.729403
vt 0.691974 0.551412
vt 0.691787 0.595315
vt 0.709634 0.551461
vt 0.688922 0.551474
vt 0.413054 0.532974
vt 0.840853 0.711673
vt 0.772211 0.729051
vt 0.688101 0.618135
vt 0.686635 0.615607
vt 0.571805 0.550597
vt 0.543173 0.679973
vt 0.543121 0.694660
vt 0.701131 0.680435
vt 0.701226 0.753097
vt 0.701129 0.654778
vt 0.701200 0.731248
vt 0.709631 0.595345
vt 0.709844 0.614745
vt 0.712607 0.613256
vt 0.420058 0.605454
vt 0.421305 0.604723
vt 0.400510 0.608221
vt 0.823015 0.535376
vt 0.715304 0.537303
vt 0.529079 0.540241
vt 0.572417 0.538405
vt 0.574936 0.550738
vt 0.573685 0.535992
vt 0.772954 0.734032
vt 0.772240 0.730906
vt 0.774243 0.732821
vt 0.861178 0.730719
vt 0.860734 0.733813
vt 0.710012 0.539065
vt 0.712761 0.540005
vt 0.529737 0.593919
vt 0.401454 0.532604
vt 0.401332 0.528887
vt 0.529240 0.606336
vt 0.571406 0.594453
vt 0.574265 0.612303
vt 0.528110 0.610009
vt 0.529335 0.611051
vt 0.422693 0.608887
vt 0.524739 0.534138
vt 0.524616 0.612624
vt 0.523694 0.611427
vt 0.691507 0.614789
vt 0.688839 0.613384
vt 0.428163 0.534063
vt 0.527886 0.537111
vt 0.543430 0.610750
vt 0.686455 0.537118
vt 0.577558 0.537102
vt 0.426458 0.610632
vt 0.409870 0.679483
vt 0.409760 0.694226
vt 0.939085 0.509582
vt 0.826308 0.511833
vt 0.420986 0.593137
vt 0.543065 0.711242
vt 0.701170 0.711507
vt 0.841025 0.728679
vt 0.826886 0.613657
vt 0.827006 0.594449
vt 0.824082 0.612201
vt 0.826791 0.551323
vt 0.839735 0.594398
vt 0.826566 0.539225
vt 0.823828 0.540012
vt 0.824033 0.593827
vt 0.844421 0.617433
vt 0.943628 0.616415
vt 0.846327 0.614457
vt 0.712669 0.594740
vt 0.574489 0.593816
vt 0.688815 0.594759
vt 0.939346 0.511838
vt 0.711050 0.617123
vt 0.713233 0.615026
vt 0.823294 0.538255
vt 0.575143 0.613920
vt 0.688095 0.538158
vt 0.688267 0.614674
vt 0.690349 0.616681
vt 0.575729 0.537712
vt 0.823402 0.614085
vt 0.713334 0.618403
vt 0.823225 0.617773
vt 0.714921 0.615759
vt 0.576726 0.614792
vt 0.688906 0.539820
vt 0.575062 0.539251
vt 0.821464 0.615098
vt 0.701148 0.695035
vt 0.840581 0.679678
vt 0.701130 0.667616
vt 0.701127 0.668462
vt 0.840479 0.666809
vt 0.840375 0.653941
vt 0.942274 0.534067
vt 0.940552 0.536703
vt 0.840712 0.694272
vt 0.950744 0.692760
vt 0.840386 0.655668
vt 0.950000 0.654417
vt 0.951762 0.728805
vt 0.949956 0.652708
vt 0.945009 0.592694
vt 0.840482 0.667683
vt 0.950215 0.666328
vt 0.973271 0.744687
vt 0.203825 0.274609
vt 0.221266 0.274286
vt 0.203927 0.265985
vt 0.971100 0.652513
vt 0.976156 0.642203
vt 0.972993 0.728211
vt 0.980107 0.744575
vt 0.971870 0.677784
vt 0.972206 0.692235
vt 0.978973 0.677549
vt 0.972990 0.726524
vt 0.979771 0.728000
vt 0.972672 0.709572
vt 0.979738 0.709404
vt 0.951522 0.727092
vt 0.946918 0.537750
vt 0.943940 0.539108
vt 0.222712 0.273713
vt 0.221244 0.266208
vt 0.239506 0.266657
vt 0.239588 0.273142
vt 0.242257 0.266113
vt 0.944942 0.610860
vt 0.222780 0.266514
vt 0.950796 0.693951
vt 0.951106 0.709213
vt 0.972255 0.693413
vt 0.145839 0.272077
vt 0.950453 0.678250
vt 0.950179 0.665481
vt 0.971557 0.665887
vt 0.159444 0.273451
vt 0.239537 0.252720
vt 0.242284 0.252560
vt 0.239648 0.235948
vt 0.186756 0.252057
vt 0.187759 0.252106
vt 0.187951 0.235432
vt 0.221471 0.252508
vt 0.222856 0.252596
vt 0.222957 0.235819
vt 0.146346 0.251739
vt 0.146393 0.235165
vt 0.171846 0.251878
vt 0.170742 0.235286
vt 0.242329 0.235929
vt 0.239751 0.220656
vt 0.242418 0.220681
vt 0.242980 0.139442
vt 0.040629 0.220820
vt 0.085971 0.220394
vt 0.042203 0.217584
vt 0.223093 0.220528
vt 0.223661 0.139442
vt 0.035150 0.220736
vt 0.036794 0.217597
vt 0.240309 0.139442
vt 0.146451 0.219967
vt 0.136804 0.139442
vt 0.159925 0.220026
vt 0.170844 0.220091
vt 0.171330 0.139442
vt 0.186939 0.235418
vt 0.188089 0.220219
vt 0.221744 0.235798
vt 0.147659 0.235156
vt 0.159075 0.235213
vt 0.147717 0.219966
vt 0.116231 0.214389
vt 0.112580 0.213130
vt 0.111838 0.215588
vt 0.112219 0.219988
vt 0.159840 0.235219
vt 0.117127 0.139442
vt 0.839441 0.551308
vt 0.840084 0.613691
vt 0.843844 0.538737
vt 0.842798 0.540360
vt 0.946471 0.615223
vt 0.839775 0.539152
vt 0.942806 0.537539
vt 0.844109 0.613498
vt 0.943970 0.612559
vt 0.846046 0.537794
vt 0.110139 0.216736
vt 0.114866 0.217963
vt 0.034953 0.216821
vt 0.032324 0.219362
vt 0.030699 0.198749
vt 0.030904 0.216921
vt 0.034133 0.215300
vt 0.343755 0.604809
vt 0.944462 0.550388
vt 0.941787 0.613485
vt 0.368079 0.449672
vt 0.373752 0.449781
vt 0.217121 0.492696
vt 0.228655 0.487598
vt 0.226787 0.490533
vt 0.211423 0.484582
vt 0.212180 0.487984
vt 0.213445 0.484559
vt 0.214183 0.490833
vt 0.214043 0.487151
vt 0.223940 0.492533
vt 0.222884 0.490396
vt 0.224928 0.488885
vt 0.222630 0.478269
vt 0.224750 0.479701
vt 0.226490 0.477932
vt 0.212007 0.481154
vt 0.213902 0.481941
vt 0.213863 0.478213
vt 0.215341 0.479720
vt 0.216704 0.476211
vt 0.228497 0.480778
vt 0.229259 0.484171
vt 0.226165 0.481799
vt 0.217836 0.490646
vt 0.220397 0.491025
vt 0.226252 0.486737
vt 0.226683 0.484260
vt 0.217523 0.478249
vt 0.220091 0.477749
vt 0.369888 0.584962
vt 0.373995 0.588156
vt 0.374991 0.580723
vt 0.379350 0.589224
vt 0.367288 0.571811
vt 0.366375 0.576340
vt 0.367256 0.580889
vt 0.392231 0.576266
vt 0.391294 0.571718
vt 0.385557 0.576445
vt 0.388678 0.567660
vt 0.384537 0.564616
vt 0.379260 0.563625
vt 0.373996 0.564671
vt 0.391399 0.580840
vt 0.385113 0.578797
vt 0.383747 0.580841
vt 0.369900 0.567775
vt 0.379120 0.570455
vt 0.373607 0.578781
vt 0.246428 0.465550
vt 0.274401 0.480926
vt 0.246892 0.496642
vt 0.272065 0.471952
vt 0.265540 0.465415
vt 0.243809 0.488196
vt 0.255756 0.463043
vt 0.262739 0.468804
vt 0.249019 0.493181
vt 0.267846 0.487907
vt 0.269727 0.480956
vt 0.267906 0.473942
vt 0.255971 0.494889
vt 0.349463 0.654969
vt 0.349526 0.666256
vt 0.385037 0.655070
vt 0.840573 0.678301
vt 0.950411 0.676904
vt 0.409850 0.678100
vt 0.543228 0.667880
vt 0.543183 0.678575
vt 0.951145 0.710104
vt 0.972646 0.708735
vt 0.349217 0.693501
vt 0.172083 0.220100
vt 0.187078 0.220209
vt 0.187602 0.139442
vt 0.840714 0.695493
vt 0.188622 0.139442
vt 0.971838 0.676482
vt 0.978405 0.665610
vt 0.171982 0.235283
vt 0.971500 0.665084
vt 0.978461 0.664801
vt 0.701125 0.656476
vt 0.158967 0.251831
vt 0.159724 0.251857
vt 0.158680 0.273598
vt 0.158827 0.265530
vt 0.186489 0.274382
vt 0.187454 0.274009
vt 0.186576 0.265761
vt 0.543239 0.666996
vt 0.384990 0.679242
vt 0.384791 0.694071
vt 0.203225 0.274244
vt 0.203295 0.266101
vt 0.187572 0.265913
vt 0.840853 0.710762
vt 0.979262 0.692142
vt 0.701134 0.679078
vt 0.159161 0.220023
vt 0.159622 0.139442
vt 0.384930 0.677993
vt 0.146892 0.139442
vt 0.349484 0.678696
vt 0.203637 0.235591
vt 0.204300 0.235591
vt 0.147289 0.273125
vt 0.203449 0.252287
vt 0.971149 0.654138
vt 0.160393 0.139442
vt 0.701147 0.696238
vt 0.204097 0.252261
vt 0.203784 0.220349
vt 0.204334 0.139442
vt 0.205000 0.139442
vt 0.979631 0.708657
vt 0.349443 0.677743
vt 0.172578 0.139442
vt 0.977898 0.653731
vt 0.159582 0.265626
vt 0.946593 0.530473
vt 0.387382 0.468242
vt 0.964598 0.422094
vt 0.963833 0.452088
vt 0.962752 0.467602
vt 0.960589 0.482412
vt 0.957819 0.492120
vt 0.943639 0.507706
vt 0.407752 0.508612
vt 0.408303 0.507706
vt 0.393237 0.511091
vt 0.953626 0.500487
vt 0.421906 0.510851
vt 0.961877 0.482672
vt 0.944548 0.508587
vt 0.951119 0.503528
vt 0.954574 0.501482
vt 0.958982 0.492658
vt 0.949019 0.506846
vt 0.965806 0.422116
vt 0.964026 0.467741
vt 0.965075 0.452150
vt 0.966311 0.467979
vt 0.967290 0.452250
vt 0.945205 0.510910
vt 0.966165 0.391837
vt 0.967953 0.422153
vt 0.952052 0.504528
vt 0.953735 0.506297
vt 0.964180 0.483174
vt 0.961217 0.493530
vt 0.950199 0.508929
vt 0.433824 0.512329
vt 0.421522 0.513980
vt 0.421814 0.511803
vt 0.412125 0.510709
vt 0.394999 0.502317
vt 0.387376 0.495610
vt 0.386846 0.496093
vt 0.388326 0.494333
vt 0.388165 0.493891
vt 0.386822 0.494596
vt 0.411358 0.512832
vt 0.406980 0.510696
vt 0.401174 0.506868
vt 0.400929 0.507530
vt 0.395843 0.500454
vt 0.383191 0.446654
vt 0.384325 0.468480
vt 0.389120 0.493088
vt 0.383476 0.391837
vt 0.382525 0.446694
vt 0.381648 0.422057
vt 0.380911 0.391837
vt 0.386295 0.494974
vt 0.967989 0.452279
vt 0.956591 0.502842
vt 0.954317 0.506909
vt 0.950599 0.509635
vt 0.411224 0.513519
vt 0.968293 0.391837
vt 0.968630 0.422165
vt 0.964918 0.483332
vt 0.961939 0.493811
vt 0.421469 0.514675
vt 0.957267 0.503295
vt 0.406769 0.511373
vt 0.945421 0.511689
vt 0.034115 0.197687
vt 0.011016 0.171915
vt 0.011016 0.201773
vt 0.952417 0.521293
vt 0.030984 0.139442
vt 0.034267 0.169372
vt 0.011016 0.240492
vt 0.956722 0.520550
vt 0.409948 0.519484
vt 0.405527 0.517842
vt 0.420030 0.519770
vt 0.401889 0.504824
vt 0.394762 0.502995
vt 0.385175 0.505740
vt 0.285561 0.505419
vt 0.314867 0.508287
vt 0.285577 0.506170
vt 0.432297 0.519761
vt 0.523784 0.535305
vt 0.570398 0.514575
vt 0.570395 0.512482
vt 0.570397 0.515234
vt 0.696195 0.514351
vt 0.696190 0.512261
vt 0.696196 0.515009
vt 0.531353 0.521167
vt 0.572752 0.521837
vt 0.826330 0.513919
vt 0.826337 0.514574
vt 0.700549 0.522523
vt 0.011016 0.256647
vt 0.011016 0.253305
vt 0.353003 0.550733
vt 0.353003 0.581006
vt 0.345789 0.565259
vt 0.344224 0.564798
vt 0.353065 0.547012
vt 0.345438 0.579171
vt 0.353003 0.582762
vt 0.344224 0.580054
vt 0.306844 0.281527
vt 0.368079 0.310097
vt 0.347229 0.283885
vt 0.373752 0.391435
vt 0.373752 0.360399
vt 0.373752 0.309972
vt 0.368079 0.283484
vt 0.420442 0.052940
vt 0.432472 0.036928
vt 0.435391 0.028797
vt 0.758117 0.028552
vt 0.759467 0.026595
vt 0.762245 0.029044
vt 0.304299 0.143692
vt 0.311936 0.141744
vt 0.299697 0.129298
vt 0.871615 0.036008
vt 0.874321 0.033790
vt 0.870412 0.033352
vt 0.873204 0.031253
vt 0.242094 0.004865
vt 0.242244 0.012771
vt 0.980996 0.035179
vt 0.343755 0.177441
vt 0.339117 0.173496
vt 0.360179 0.175507
vt 0.374025 0.175004
vt 0.373757 0.172335
vt 0.386831 0.174825
vt 0.395065 0.175228
vt 0.387007 0.172221
vt 0.398818 0.176162
vt 0.395615 0.172626
vt 0.401835 0.182563
vt 0.402595 0.190112
vt 0.404897 0.189007
vt 0.401890 0.234087
vt 0.404727 0.234000
vt 0.531121 0.187937
vt 0.530521 0.175182
vt 0.400887 0.256343
vt 0.400173 0.257918
vt 0.398750 0.259729
vt 0.401553 0.261026
vt 0.389967 0.267674
vt 0.384754 0.272347
vt 0.390809 0.270602
vt 0.384101 0.272488
vt 0.384913 0.275190
vt 0.394737 0.264139
vt 0.396145 0.266110
vt 0.362468 0.276147
vt 0.340370 0.276381
vt 0.362444 0.277465
vt 0.362507 0.274216
vt 0.340361 0.274177
vt 0.315250 0.276353
vt 0.315434 0.277222
vt 0.317153 0.159872
vt 0.312163 0.162862
vt 0.325884 0.178105
vt 0.333963 0.174037
vt 0.350481 0.139784
vt 0.286036 0.132533
vt 0.304706 0.127259
vt 0.324584 0.129489
vt 0.324354 0.127288
vt 0.298382 0.147501
vt 0.312201 0.115602
vt 0.312186 0.116267
vt 0.324913 0.116168
vt 0.326061 0.071571
vt 0.331020 0.054124
vt 0.321092 0.053627
vt 0.311693 0.126924
vt 0.304575 0.126573
vt 0.265687 0.286533
vt 0.272030 0.293043
vt 0.239928 0.310634
vt 0.237986 0.301612
vt 0.295595 0.054957
vt 0.303086 0.054109
vt 0.312291 0.105203
vt 0.304537 0.105543
vt 0.324988 0.115476
vt 0.220133 0.307413
vt 0.223569 0.306809
vt 0.296386 0.074014
vt 0.303549 0.073692
vt 0.303667 0.073057
vt 0.330260 0.052842
vt 0.445808 0.051360
vt 0.543014 0.051137
vt 0.312347 0.089746
vt 0.312367 0.104336
vt 0.325400 0.103969
vt 0.304742 0.116429
vt 0.311993 0.054211
vt 0.303022 0.054880
vt 0.312212 0.072373
vt 0.304122 0.090138
vt 0.296891 0.089875
vt 0.304041 0.089260
vt 0.312036 0.073241
vt 0.312248 0.088785
vt 0.325700 0.088229
vt 0.304569 0.104698
vt 0.410019 0.086791
vt 0.428709 0.070272
vt 0.445272 0.052901
vt 0.325302 0.104855
vt 0.331894 0.050879
vt 0.410066 0.138716
vt 0.543355 0.138134
vt 0.543305 0.128245
vt 0.348841 0.072236
vt 0.349015 0.070039
vt 0.384838 0.139076
vt 0.384937 0.128932
vt 0.458536 0.168596
vt 0.491569 0.168454
vt 0.410316 0.155383
vt 0.385023 0.115848
vt 0.409906 0.114881
vt 0.456805 0.029112
vt 0.384727 0.086992
vt 0.385036 0.155703
vt 0.419618 0.188737
vt 0.411979 0.177224
vt 0.409858 0.128764
vt 0.409963 0.127016
vt 0.701197 0.052847
vt 0.709634 0.230789
vt 0.691787 0.186935
vt 0.772211 0.053199
vt 0.576726 0.167458
vt 0.543173 0.102277
vt 0.701131 0.101815
vt 0.701129 0.127472
vt 0.701200 0.051002
vt 0.542999 0.031593
vt 0.709631 0.186905
vt 0.712669 0.187510
vt 0.712607 0.168994
vt 0.420986 0.189113
vt 0.421305 0.177527
vt 0.404480 0.249696
vt 0.401454 0.249645
vt 0.400642 0.178249
vt 0.400510 0.174029
vt 0.421752 0.243215
vt 0.833117 0.250369
vt 0.713571 0.247128
vt 0.823015 0.246874
vt 0.821503 0.244530
vt 0.715304 0.244947
vt 0.531609 0.232330
vt 0.529959 0.232077
vt 0.529079 0.242009
vt 0.572417 0.243845
vt 0.575062 0.242999
vt 0.574936 0.231512
vt 0.860734 0.048437
vt 0.710012 0.243185
vt 0.712761 0.242245
vt 0.529737 0.188331
vt 0.403338 0.178754
vt 0.401332 0.253363
vt 0.529240 0.175914
vt 0.574489 0.188434
vt 0.574265 0.169947
vt 0.421435 0.172279
vt 0.425483 0.170280
vt 0.528110 0.172241
vt 0.423286 0.246842
vt 0.422693 0.173363
vt 0.426458 0.171618
vt 0.427299 0.249344
vt 0.524739 0.248112
vt 0.491276 0.169807
vt 0.523694 0.170823
vt 0.691507 0.167461
vt 0.688839 0.168866
vt 0.524616 0.169626
vt 0.428163 0.248187
vt 0.420058 0.176796
vt 0.527886 0.245139
vt 0.530550 0.242634
vt 0.529335 0.171199
vt 0.576222 0.247529
vt 0.688123 0.247249
vt 0.577558 0.245148
vt 0.458823 0.170057
vt 0.325900 0.072588
vt 0.409870 0.102767
vt 0.939085 0.274092
vt 0.826308 0.271840
vt 0.421419 0.233199
vt 0.349143 0.129277
vt 0.701170 0.070743
vt 0.841025 0.053571
vt 0.826886 0.168593
vt 0.824082 0.170049
vt 0.827006 0.187801
vt 0.826791 0.230927
vt 0.839441 0.230942
vt 0.839735 0.187852
vt 0.711410 0.245933
vt 0.823723 0.230863
vt 0.823828 0.242238
vt 0.824033 0.188423
vt 0.846327 0.167793
vt 0.943628 0.165835
vt 0.712707 0.230643
vt 0.688815 0.187491
vt 0.826330 0.269755
vt 0.711050 0.165127
vt 0.709844 0.167505
vt 0.713233 0.167224
vt 0.823294 0.243995
vt 0.713764 0.244184
vt 0.575143 0.168330
vt 0.688095 0.244092
vt 0.686455 0.245132
vt 0.575729 0.244538
vt 0.713334 0.163847
vt 0.714921 0.166491
vt 0.825463 0.245640
vt 0.688906 0.242430
vt 0.690451 0.245732
vt 0.952150 0.034288
vt 0.840581 0.102572
vt 0.701130 0.114634
vt 0.840479 0.115441
vt 0.701127 0.113788
vt 0.840853 0.070577
vt 0.950453 0.104000
vt 0.950744 0.089489
vt 0.951762 0.053445
vt 0.945009 0.189556
vt 0.947911 0.232240
vt 0.952102 0.037130
vt 0.950179 0.116769
vt 0.950215 0.115922
vt 0.825775 0.165985
vt 0.690349 0.165569
vt 0.973271 0.037563
vt 0.979771 0.054250
vt 0.980107 0.037675
vt 0.971870 0.104466
vt 0.978973 0.104701
vt 0.973506 0.034729
vt 0.980076 0.055737
vt 0.972672 0.072677
vt 0.979738 0.072846
vt 0.944462 0.231862
vt 0.943940 0.243142
vt 0.221231 0.012677
vt 0.222700 0.005171
vt 0.239576 0.005743
vt 0.944942 0.171390
vt 0.222767 0.012371
vt 0.950796 0.088299
vt 0.971500 0.117166
vt 0.971557 0.116363
vt 0.159431 0.005433
vt 0.239524 0.026164
vt 0.239635 0.042936
vt 0.186744 0.026828
vt 0.186926 0.043467
vt 0.187938 0.043452
vt 0.221458 0.026377
vt 0.221732 0.043086
vt 0.222944 0.043066
vt 0.222843 0.026289
vt 0.146381 0.043719
vt 0.170612 0.026960
vt 0.170730 0.043599
vt 0.171834 0.027006
vt 0.239493 0.012228
vt 0.147577 0.027129
vt 0.204085 0.026623
vt 0.171686 0.013372
vt 0.239739 0.058228
vt 0.240306 0.139442
vt 0.242978 0.139442
vt 0.040617 0.058064
vt 0.042190 0.061301
vt 0.085959 0.058491
vt 0.221890 0.058370
vt 0.223649 0.139442
vt 0.035137 0.058149
vt 0.036781 0.061288
vt 0.223080 0.058356
vt 0.136792 0.139442
vt 0.146439 0.058918
vt 0.159913 0.058859
vt 0.160380 0.139442
vt 0.171318 0.139442
vt 0.242406 0.058204
vt 0.187065 0.058676
vt 0.188076 0.058665
vt 0.147646 0.043728
vt 0.147704 0.058918
vt 0.159062 0.043672
vt 0.116219 0.064496
vt 0.114853 0.060922
vt 0.111825 0.063297
vt 0.159828 0.043665
vt 0.170831 0.058794
vt 0.112567 0.065754
vt 0.117114 0.139442
vt 0.842778 0.230710
vt 0.843022 0.188644
vt 0.843143 0.170499
vt 0.946471 0.167027
vt 0.839775 0.243098
vt 0.946554 0.251727
vt 0.945270 0.246888
vt 0.946918 0.244500
vt 0.840084 0.168559
vt 0.844109 0.168752
vt 0.943970 0.169691
vt 0.942806 0.244711
vt 0.826566 0.243025
vt 0.946561 0.256994
vt 0.085067 0.061789
vt 0.110127 0.062149
vt 0.034940 0.062064
vt 0.030687 0.080135
vt 0.034102 0.081198
vt 0.034121 0.063585
vt 0.030891 0.061963
vt 0.941462 0.171468
vt 0.941787 0.168765
vt 0.368079 0.333199
vt 0.373752 0.333090
vt 0.228673 0.295273
vt 0.211441 0.298288
vt 0.213463 0.298311
vt 0.212198 0.294886
vt 0.214061 0.295720
vt 0.214201 0.292038
vt 0.220415 0.291845
vt 0.222902 0.292475
vt 0.224946 0.293986
vt 0.222648 0.304602
vt 0.226508 0.304939
vt 0.213920 0.300930
vt 0.216722 0.306660
vt 0.228515 0.302093
vt 0.226183 0.301071
vt 0.224768 0.303169
vt 0.229277 0.298700
vt 0.226701 0.298610
vt 0.215613 0.293579
vt 0.217854 0.292224
vt 0.226270 0.296134
vt 0.217541 0.304622
vt 0.220109 0.305122
vt 0.370047 0.539565
vt 0.375138 0.543815
vt 0.374163 0.536380
vt 0.377037 0.542399
vt 0.379521 0.535293
vt 0.367411 0.552710
vt 0.373751 0.550305
vt 0.373272 0.548039
vt 0.367404 0.543632
vt 0.373749 0.545754
vt 0.392366 0.548311
vt 0.385692 0.548117
vt 0.391416 0.552856
vt 0.379332 0.541822
vt 0.384877 0.536409
vt 0.388789 0.556908
vt 0.383811 0.552439
vt 0.384640 0.559943
vt 0.379360 0.560953
vt 0.391546 0.543735
vt 0.385255 0.545764
vt 0.388992 0.539609
vt 0.383894 0.543717
vt 0.374099 0.559865
vt 0.375074 0.552227
vt 0.381798 0.542310
vt 0.385178 0.550441
vt 0.366510 0.548178
vt 0.370011 0.556751
vt 0.246446 0.317321
vt 0.272083 0.310918
vt 0.274419 0.301945
vt 0.240236 0.292664
vt 0.246911 0.286228
vt 0.265558 0.317456
vt 0.255774 0.319828
vt 0.249037 0.289690
vt 0.256183 0.284028
vt 0.255989 0.287982
vt 0.262834 0.289900
vt 0.267864 0.294964
vt 0.269745 0.301915
vt 0.248608 0.313957
vt 0.267924 0.308928
vt 0.349463 0.127282
vt 0.385037 0.127180
vt 0.349526 0.115993
vt 0.840482 0.114566
vt 0.950411 0.105346
vt 0.409850 0.104150
vt 0.543183 0.103675
vt 0.972646 0.073515
vt 0.384791 0.088179
vt 0.172070 0.058785
vt 0.172565 0.139442
vt 0.187589 0.139442
vt 0.188609 0.139442
vt 0.978405 0.116640
vt 0.971838 0.105768
vt 0.171969 0.043601
vt 0.978461 0.117449
vt 0.701125 0.125774
vt 0.158955 0.027053
vt 0.158667 0.005286
vt 0.158814 0.013354
vt 0.186476 0.004503
vt 0.186564 0.013123
vt 0.187441 0.004876
vt 0.840573 0.103949
vt 0.543291 0.126483
vt 0.384990 0.103009
vt 0.409760 0.088024
vt 0.187560 0.012971
vt 0.203282 0.012784
vt 0.349508 0.115275
vt 0.187746 0.026778
vt 0.840714 0.086757
vt 0.701134 0.103172
vt 0.979631 0.073593
vt 0.148147 0.139442
vt 0.159610 0.139442
vt 0.384930 0.104257
vt 0.978762 0.105898
vt 0.146879 0.139442
vt 0.349484 0.103554
vt 0.203624 0.043294
vt 0.203772 0.058536
vt 0.147277 0.005760
vt 0.147461 0.013493
vt 0.840386 0.126582
vt 0.384986 0.115048
vt 0.145827 0.006808
vt 0.203437 0.026598
vt 0.971149 0.128112
vt 0.977898 0.128519
vt 0.159148 0.058861
vt 0.203212 0.004640
vt 0.204322 0.139442
vt 0.171526 0.004518
vt 0.543065 0.071008
vt 0.979215 0.089064
vt 0.349443 0.104507
vt 0.204288 0.043293
vt 0.170409 0.004994
vt 0.977514 0.130253
vt 0.946593 0.251777
vt 0.032311 0.059523
vt 0.387382 0.315431
vt 0.386313 0.337174
vt 0.385479 0.361896
vt 0.389418 0.289850
vt 0.963833 0.331585
vt 0.389120 0.290585
vt 0.962752 0.316072
vt 0.960589 0.301261
vt 0.951119 0.280145
vt 0.948063 0.277745
vt 0.943639 0.275967
vt 0.407752 0.275061
vt 0.401889 0.278850
vt 0.402703 0.279629
vt 0.421906 0.272823
vt 0.412438 0.273901
vt 0.385322 0.275081
vt 0.393237 0.271159
vt 0.433857 0.272280
vt 0.961877 0.301001
vt 0.949019 0.276827
vt 0.944548 0.275087
vt 0.954574 0.282191
vt 0.958982 0.291016
vt 0.952052 0.279146
vt 0.965806 0.361558
vt 0.965075 0.331524
vt 0.964026 0.315932
vt 0.967290 0.331423
vt 0.967953 0.361520
vt 0.950199 0.274744
vt 0.956591 0.280831
vt 0.953735 0.277376
vt 0.964180 0.300499
vt 0.961217 0.290143
vt 0.530618 0.269034
vt 0.433774 0.269205
vt 0.433824 0.271344
vt 0.530618 0.271130
vt 0.421522 0.269694
vt 0.411358 0.270841
vt 0.412125 0.272964
vt 0.421814 0.271870
vt 0.394999 0.281356
vt 0.394762 0.280679
vt 0.386846 0.287580
vt 0.388326 0.289340
vt 0.388165 0.289782
vt 0.387376 0.288063
vt 0.386822 0.289077
vt 0.406980 0.272978
vt 0.406769 0.272300
vt 0.400929 0.276144
vt 0.395843 0.283219
vt 0.399541 0.267493
vt 0.382314 0.361639
vt 0.384192 0.361710
vt 0.385071 0.337118
vt 0.384325 0.315193
vt 0.386205 0.315353
vt 0.384907 0.391837
vt 0.383654 0.315129
vt 0.386295 0.288699
vt 0.967989 0.331394
vt 0.401174 0.276805
vt 0.957267 0.280379
vt 0.954317 0.276765
vt 0.950599 0.274039
vt 0.421469 0.268999
vt 0.411224 0.270155
vt 0.396816 0.284029
vt 0.968963 0.391837
vt 0.968630 0.361509
vt 0.961939 0.289863
vt 0.433759 0.268529
vt 0.530616 0.268375
vt 0.034254 0.109513
vt 0.952417 0.260957
vt 0.030971 0.139442
vt 0.034398 0.139442
vt 0.011016 0.062203
vt 0.011016 0.048044
vt 0.011016 0.038393
vt 0.956722 0.261700
vt 0.405527 0.264408
vt 0.420030 0.262480
vt 0.408303 0.275967
vt 0.385175 0.276510
vt 0.285577 0.276080
vt 0.285561 0.276830
vt 0.314867 0.273963
vt 0.285631 0.273654
vt 0.384495 0.276808
vt 0.432297 0.262489
vt 0.523784 0.246945
vt 0.529204 0.246097
vt 0.570398 0.269098
vt 0.570395 0.271191
vt 0.570397 0.268440
vt 0.696195 0.269322
vt 0.696190 0.271412
vt 0.696196 0.268664
vt 0.826337 0.269100
vt 0.700549 0.259727
vt 0.939417 0.271102
vt 0.832788 0.259393
vt 0.363041 0.580497
vt 0.263896 0.139442
vt 0.279331 0.699270
vt 0.421419 0.549051
vt 0.458823 0.612193
vt 0.433759 0.515144
vt 0.191395 0.280209
vt 0.310671 0.013730
vt 0.751208 0.014145
vt 0.890717 0.011227
vt 0.265000 0.012141
vt 0.840837 0.049979
vt 0.373752 0.501223
vt 0.258085 0.501402
vt 0.340377 0.504849
vt 0.821503 0.537720
vt 0.529959 0.550173
vt 0.712707 0.551607
vt 0.823723 0.551387
vt 0.977514 0.651997
vt 0.980076 0.726513
vt 0.085080 0.217095
vt 0.113326 0.139442
vt 0.215595 0.489292
vt 0.978762 0.676352
vt 0.979215 0.693186
vt 0.148159 0.139442
vt 0.383654 0.468544
vt 0.967035 0.468052
vt 0.939417 0.512572
vt 0.034411 0.139442
vt 0.384495 0.505442
vt 0.285631 0.508596
vt 0.373752 0.281648
vt 0.258104 0.281468
vt 0.340377 0.277401
vt 0.113313 0.139442
vt 0.947395 0.260832
vt 0.160900 0.761803
vt 0.149566 0.755782
vt 0.153838 0.745096
vt 0.166376 0.748793
vt 0.156049 0.733862
vt 0.168912 0.734915
vt 0.155971 0.722404
vt 0.168690 0.720891
vt 0.153628 0.711222
vt 0.165729 0.707256
vt 0.149150 0.700760
vt 0.160179 0.694534
vt 0.142740 0.691411
vt 0.152295 0.683203
vt 0.134671 0.683517
vt 0.142415 0.673669
vt 0.125265 0.677348
vt 0.130941 0.666263
vt 0.114880 0.673099
vt 0.118320 0.661230
vt 0.103859 0.670888
vt 0.105021 0.658751
vt 0.092634 0.670955
vt 0.091517 0.658677
vt 0.081666 0.673133
vt 0.078221 0.661226
vt 0.071310 0.677359
vt 0.065632 0.666295
vt 0.054223 0.673711
vt 0.061947 0.683502
vt 0.044435 0.683217
vt 0.053934 0.691355
vt 0.036652 0.694466
vt 0.047570 0.700626
vt 0.031185 0.707041
vt 0.043117 0.710973
vt 0.028262 0.720467
vt 0.040756 0.722008
vt 0.028007 0.734234
vt 0.040586 0.733311
vt 0.030445 0.747813
vt 0.042625 0.744450
vt 0.035492 0.760679
vt 0.046804 0.754995
vt 0.042967 0.772336
vt 0.052970 0.764539
vt 0.052591 0.782327
vt 0.060894 0.772709
vt 0.064003 0.790261
vt 0.070278 0.779184
vt 0.076772 0.795823
vt 0.080767 0.783706
vt 0.090413 0.798783
vt 0.091959 0.786091
vt 0.104403 0.799013
vt 0.103423 0.786233
vt 0.118200 0.796482
vt 0.114712 0.784112
vt 0.131264 0.791268
vt 0.125376 0.779794
vt 0.143074 0.783557
vt 0.016780 0.751773
vt 0.153174 0.773655
vt 0.143075 0.765305
vt 0.134974 0.773437
vt 0.022838 0.767242
vt 0.013861 0.735453
vt 0.014179 0.718910
vt 0.017706 0.702783
vt 0.024287 0.687687
vt 0.033650 0.674194
vt 0.045414 0.662808
vt 0.059108 0.653941
vt 0.074194 0.647896
vt 0.090096 0.644849
vt 0.122132 0.647824
vt 0.137260 0.653771
vt 0.151066 0.662554
vt 0.163001 0.673911
vt 0.172568 0.687460
vt 0.179350 0.702717
vt 0.183028 0.719118
vt 0.180331 0.752776
vt 0.173904 0.768594
vt 0.164468 0.782822
vt 0.152320 0.794836
vt 0.138061 0.804134
vt 0.122303 0.810392
vt 0.105682 0.813411
vt 0.072442 0.809530
vt 0.057092 0.802828
vt 0.043377 0.793278
vt 0.031815 0.781259
vt 0.178437 0.770977
vt 0.040136 0.797086
vt 0.018403 0.769510
vt 0.009263 0.718338
vt 0.072823 0.643240
vt 0.166741 0.670667
vt 0.123704 0.815265
vt 0.042364 0.658982
vt 0.106246 0.644848
vt 0.089632 0.640035
vt 0.139465 0.649416
vt 0.008917 0.735850
vt 0.119662 0.919751
vt 0.110874 0.928138
vt 0.083238 0.894246
vt 0.126741 0.909768
vt 0.087749 0.888783
vt 0.008573 0.874311
vt 0.011425 0.862164
vt 0.054132 0.875168
vt 0.100711 0.934664
vt 0.080265 0.896211
vt 0.009073 0.886778
vt 0.053451 0.878634
vt 0.076967 0.897562
vt 0.073469 0.898250
vt 0.072980 0.893375
vt 0.085766 0.891739
vt 0.080123 0.890467
vt 0.089798 0.882037
vt 0.089114 0.885505
vt 0.084398 0.884101
vt 0.087643 0.871813
vt 0.089040 0.875073
vt 0.084356 0.876521
vt 0.080131 0.864433
vt 0.083107 0.866385
vt 0.080032 0.870167
vt 0.069772 0.862415
vt 0.073336 0.862409
vt 0.072867 0.867293
vt 0.060006 0.866443
vt 0.062979 0.864477
vt 0.065308 0.868827
vt 0.055489 0.871891
vt 0.059813 0.874170
vt 0.054196 0.885591
vt 0.053477 0.882140
vt 0.058350 0.881647
vt 0.060134 0.894262
vt 0.057595 0.891772
vt 0.061378 0.888632
vt 0.069904 0.898251
vt 0.066406 0.897564
vt 0.067814 0.892871
vt 0.075539 0.892874
vt 0.081971 0.888656
vt 0.089770 0.878528
vt 0.084915 0.881586
vt 0.085642 0.868878
vt 0.083304 0.874148
vt 0.076834 0.863088
vt 0.077832 0.868767
vt 0.066276 0.863115
vt 0.070269 0.867267
vt 0.057476 0.868945
vt 0.063123 0.870241
vt 0.058860 0.876570
vt 0.055585 0.888845
vt 0.058865 0.884157
vt 0.063109 0.896217
vt 0.063229 0.890456
vt 0.070372 0.893374
vt 0.077951 0.891892
vt 0.083385 0.886477
vt 0.084921 0.879032
vt 0.081862 0.871995
vt 0.075437 0.867761
vt 0.061269 0.872047
vt 0.058347 0.879087
vt 0.059866 0.886520
vt 0.065402 0.891886
vt 0.071557 0.880303
vt 0.067717 0.867804
vt 0.114167 0.675502
vt 0.124105 0.679573
vt 0.133100 0.685484
vt 0.140811 0.693044
vt 0.146931 0.701990
vt 0.153430 0.722687
vt 0.153498 0.733634
vt 0.151387 0.744380
vt 0.147276 0.754574
vt 0.133339 0.771453
vt 0.124168 0.777524
vt 0.113979 0.781650
vt 0.103190 0.783680
vt 0.092231 0.783547
vt 0.081531 0.781270
vt 0.071503 0.776948
vt 0.062529 0.770759
vt 0.054951 0.762949
vt 0.049053 0.753824
vt 0.045056 0.743741
vt 0.043104 0.733090
vt 0.043264 0.722281
vt 0.045520 0.711728
vt 0.049777 0.701830
vt 0.055863 0.692961
vt 0.063526 0.685445
vt 0.072483 0.679567
vt 0.092894 0.673442
vt 0.103627 0.673395
vt 0.082393 0.675522
vt 0.074230 0.682879
vt 0.113089 0.679098
vt 0.130736 0.688420
vt 0.151201 0.711998
vt 0.149628 0.723094
vt 0.143865 0.752759
vt 0.122374 0.774124
vt 0.092650 0.779742
vt 0.064984 0.767848
vt 0.048697 0.742692
vt 0.049114 0.712867
vt 0.065881 0.688360
vt 0.093267 0.677169
vt 0.137913 0.695475
vt 0.149684 0.733281
vt 0.141095 0.763686
vt 0.138137 0.761252
vt 0.082686 0.777627
vt 0.057922 0.760578
vt 0.046873 0.732771
vt 0.122356 0.682900
vt 0.143602 0.703817
vt 0.147724 0.743293
vt 0.130906 0.768480
vt 0.102852 0.779860
vt 0.052425 0.752082
vt 0.047017 0.722701
vt 0.053076 0.703643
vt 0.058745 0.695373
vt 0.060066 0.696476
vt 0.083472 0.679106
vt 0.075030 0.684395
vt 0.103267 0.677145
vt 0.103103 0.678857
vt 0.136586 0.696587
vt 0.147566 0.713141
vt 0.147891 0.723279
vt 0.142311 0.751933
vt 0.121553 0.772571
vt 0.092839 0.778002
vt 0.073345 0.773608
vt 0.066106 0.766516
vt 0.050362 0.742210
vt 0.048734 0.722891
vt 0.066961 0.689694
vt 0.093438 0.678876
vt 0.112596 0.680745
vt 0.142079 0.704652
vt 0.147941 0.733120
vt 0.112893 0.777966
vt 0.112395 0.776283
vt 0.083212 0.775961
vt 0.059281 0.759492
vt 0.048597 0.732623
vt 0.050759 0.713387
vt 0.129653 0.689764
vt 0.129793 0.767122
vt 0.102696 0.778114
vt 0.053966 0.751283
vt 0.067803 0.702946
vt 0.073310 0.697548
vt 0.054586 0.704471
vt 0.063451 0.709322
vt 0.083966 0.680747
vt 0.079742 0.693312
vt 0.116837 0.693371
vt 0.121554 0.684423
vt 0.123281 0.697645
vt 0.137704 0.724356
vt 0.133219 0.747095
vt 0.128848 0.753605
vt 0.109470 0.766412
vt 0.101770 0.767874
vt 0.093941 0.767794
vt 0.086289 0.766182
vt 0.072681 0.758691
vt 0.067245 0.753112
vt 0.063010 0.746588
vt 0.058816 0.723998
vt 0.102132 0.688925
vt 0.086869 0.690400
vt 0.109698 0.690429
vt 0.128786 0.703099
vt 0.136216 0.739853
vt 0.146046 0.742794
vt 0.136780 0.760138
vt 0.123285 0.759135
vt 0.116738 0.763462
vt 0.079110 0.763106
vt 0.074186 0.772079
vt 0.060132 0.739372
vt 0.060416 0.716428
vt 0.094427 0.688918
vt 0.136149 0.716711
vt 0.145904 0.713664
vt 0.133134 0.709534
vt 0.137729 0.732172
vt 0.058718 0.731745
vt 0.066033 0.745023
vt 0.062186 0.724373
vt 0.066417 0.710949
vt 0.081313 0.696298
vt 0.108717 0.693664
vt 0.121138 0.700272
vt 0.134302 0.724701
vt 0.130194 0.745472
vt 0.115139 0.760421
vt 0.094315 0.764388
vt 0.074881 0.756081
vt 0.063398 0.738429
vt 0.075430 0.700177
vt 0.094748 0.692278
vt 0.130137 0.711152
vt 0.126200 0.751419
vt 0.087322 0.762919
vt 0.069909 0.750984
vt 0.063645 0.717450
vt 0.132935 0.738859
vt 0.121118 0.756469
vt 0.101468 0.764457
vt 0.080760 0.760112
vt 0.088825 0.758121
vt 0.070471 0.742711
vt 0.062101 0.731457
vt 0.067143 0.724911
vt 0.070392 0.705113
vt 0.074218 0.708304
vt 0.087833 0.693633
vt 0.083631 0.700685
vt 0.101797 0.692287
vt 0.107282 0.698426
vt 0.126167 0.705264
vt 0.117991 0.704140
vt 0.132887 0.717714
vt 0.129306 0.725213
vt 0.125751 0.743100
vt 0.112780 0.755962
vt 0.094850 0.759383
vt 0.078102 0.752236
vt 0.068195 0.737029
vt 0.078547 0.704029
vt 0.095229 0.697221
vt 0.115246 0.696359
vt 0.125735 0.713533
vt 0.134321 0.731842
vt 0.122304 0.748213
vt 0.108501 0.763118
vt 0.073815 0.747847
vt 0.068397 0.718939
vt 0.128115 0.737406
vt 0.117928 0.752560
vt 0.101010 0.759440
vt 0.107066 0.758285
vt 0.100566 0.754464
vt 0.083170 0.755706
vt 0.090325 0.753364
vt 0.074879 0.740423
vt 0.067072 0.731019
vt 0.072066 0.725451
vt 0.070786 0.713332
vt 0.077992 0.711454
vt 0.089261 0.698386
vt 0.085931 0.705053
vt 0.101312 0.697233
vt 0.105841 0.703153
vt 0.122321 0.708452
vt 0.118490 0.711602
vt 0.128095 0.719192
vt 0.124348 0.725703
vt 0.123341 0.735949
vt 0.110452 0.751537
vt 0.095389 0.754420
vt 0.081305 0.748426
vt 0.072960 0.735645
vt 0.081667 0.707880
vt 0.090668 0.703114
vt 0.112913 0.700757
vt 0.121356 0.715879
vt 0.129314 0.731364
vt 0.118439 0.745021
vt 0.077696 0.744739
vt 0.073115 0.720426
vt 0.095693 0.702133
vt 0.114850 0.707969
vt 0.114773 0.748678
vt 0.105654 0.753491
vt 0.100048 0.749043
vt 0.085569 0.751339
vt 0.088154 0.746558
vt 0.079673 0.737894
vt 0.075118 0.715703
vt 0.082168 0.714919
vt 0.088457 0.709800
vt 0.123335 0.720640
vt 0.118941 0.726262
vt 0.124350 0.730873
vt 0.110579 0.705118
vt 0.111440 0.712166
vt 0.118930 0.730361
vt 0.118115 0.734379
vt 0.117930 0.730258
vt 0.100299 0.707514
vt 0.104291 0.708323
vt 0.100196 0.708508
vt 0.116528 0.738154
vt 0.115644 0.737678
vt 0.077442 0.726007
vt 0.078279 0.722017
vt 0.078437 0.726117
vt 0.114323 0.715058
vt 0.116589 0.718460
vt 0.115703 0.718931
vt 0.114261 0.741578
vt 0.113481 0.740933
vt 0.107892 0.746732
vt 0.104083 0.748275
vt 0.107424 0.745838
vt 0.095942 0.749005
vt 0.091926 0.748166
vt 0.092229 0.747206
vt 0.079876 0.718272
vt 0.079233 0.722318
vt 0.096228 0.707496
vt 0.118149 0.722243
vt 0.107578 0.710774
vt 0.110803 0.712938
vt 0.109370 0.714684
vt 0.117187 0.722532
vt 0.113708 0.719997
vt 0.117154 0.734082
vt 0.114987 0.733421
vt 0.110693 0.743687
vt 0.109257 0.741923
vt 0.103799 0.747308
vt 0.099959 0.748039
vt 0.099751 0.745778
vt 0.088638 0.745677
vt 0.092903 0.745041
vt 0.082692 0.740692
vt 0.080564 0.737432
vt 0.082567 0.736382
vt 0.078396 0.730001
vt 0.080680 0.726356
vt 0.080752 0.718752
vt 0.082933 0.715555
vt 0.084662 0.716986
vt 0.088921 0.710686
vt 0.092513 0.709226
vt 0.089975 0.712679
vt 0.103997 0.709278
vt 0.103340 0.711435
vt 0.113546 0.715692
vt 0.117940 0.726357
vt 0.115685 0.726578
vt 0.113649 0.736611
vt 0.106362 0.743829
vt 0.096052 0.748004
vt 0.085418 0.743477
vt 0.086869 0.741738
vt 0.079113 0.733822
vt 0.081281 0.733184
vt 0.085676 0.712818
vt 0.087103 0.714570
vt 0.096319 0.708491
vt 0.096534 0.710733
vt 0.115674 0.730034
vt 0.084453 0.739271
vt 0.081385 0.722989
vt 0.099971 0.710750
vt 0.096823 0.713846
vt 0.106513 0.712762
vt 0.107375 0.717098
vt 0.115021 0.723189
vt 0.110937 0.721468
vt 0.089722 0.743686
vt 0.093845 0.742041
vt 0.085348 0.734933
vt 0.080645 0.729798
vt 0.083791 0.726693
vt 0.082730 0.719826
vt 0.087061 0.718985
vt 0.093159 0.711384
vt 0.091431 0.715446
vt 0.102419 0.714424
vt 0.111800 0.717126
vt 0.112558 0.726875
vt 0.096290 0.745747
vt 0.096626 0.742619
vt 0.088886 0.739331
vt 0.084290 0.732305
vt 0.089071 0.717001
vt 0.112547 0.729714
vt 0.111982 0.732497
vt 0.110796 0.732136
vt 0.110884 0.735118
vt 0.109791 0.734532
vt 0.109295 0.737475
vt 0.105715 0.724282
vt 0.106340 0.725833
vt 0.101584 0.726514
vt 0.106635 0.729150
vt 0.106292 0.730789
vt 0.101956 0.728709
vt 0.104690 0.733713
vt 0.103492 0.734885
vt 0.100497 0.731256
vt 0.100531 0.736422
vt 0.098884 0.736727
vt 0.098415 0.732047
vt 0.095571 0.736355
vt 0.094033 0.735693
vt 0.096245 0.731545
vt 0.091490 0.733544
vt 0.090582 0.732141
vt 0.094721 0.729924
vt 0.089663 0.728945
vt 0.089687 0.727277
vt 0.094355 0.727731
vt 0.090695 0.724113
vt 0.091639 0.722738
vt 0.095268 0.725705
vt 0.094229 0.720664
vt 0.095777 0.720044
vt 0.096450 0.724793
vt 0.099083 0.719755
vt 0.100716 0.720098
vt 0.099372 0.724591
vt 0.103630 0.721692
vt 0.104800 0.722884
vt 0.100669 0.725332
vt 0.106651 0.727477
vt 0.101977 0.727957
vt 0.105635 0.732330
vt 0.101480 0.730127
vt 0.102088 0.735800
vt 0.099859 0.731655
vt 0.097209 0.736705
vt 0.097663 0.732024
vt 0.092656 0.734744
vt 0.089965 0.730588
vt 0.094456 0.729222
vt 0.090036 0.725645
vt 0.094524 0.727000
vt 0.092832 0.721574
vt 0.095814 0.725191
vt 0.097416 0.719738
vt 0.097151 0.724526
vt 0.102251 0.720752
vt 0.099156 0.731922
vt 0.096930 0.731854
vt 0.095634 0.731109
vt 0.097890 0.724402
vt 0.100057 0.724898
vt 0.098153 0.728221
vt 0.101851 0.727216
vt 0.101788 0.729441
vt 0.101044 0.730740
vt 0.095119 0.730561
vt 0.094332 0.728481
vt 0.094832 0.726316
vt 0.098640 0.724423
vt 0.101184 0.725878
vt 0.109846 0.722051
vt 0.110829 0.724450
vt 0.111314 0.729591
vt 0.108337 0.736686
vt 0.106488 0.738514
vt 0.101907 0.740921
vt 0.099353 0.741408
vt 0.094211 0.740856
vt 0.091822 0.739841
vt 0.087862 0.736527
vt 0.086443 0.734357
vt 0.084995 0.729410
vt 0.085019 0.726822
vt 0.086557 0.721910
vt 0.088010 0.719772
vt 0.092009 0.716536
vt 0.094403 0.715562
vt 0.099526 0.715088
vt 0.102059 0.715605
vt 0.106591 0.718053
vt 0.108415 0.719891
vt 0.111325 0.726996
vt 0.104316 0.739944
vt 0.096755 0.741386
vt 0.089678 0.738378
vt 0.085475 0.731954
vt 0.085547 0.724290
vt 0.089850 0.717957
vt 0.096941 0.715074
vt 0.104445 0.716606
vt 0.183387 0.736035
vt 0.088846 0.813110
vt 0.185241 0.754195
vt 0.027900 0.784355
vt 0.106686 0.640036
vt 0.106097 0.818446
vt 0.126258 0.850736
vt 0.077452 0.819283
vt 0.032365 0.832547
vt 0.134178 0.873893
vt 0.016988 0.909923
vt 0.077762 0.941389
vt 0.054022 0.939114
vt 0.072009 0.730589
vt 0.121362 0.740740
vt 0.100815 0.702146
vt 0.092230 0.708268
vt 0.084772 0.744246
vt 0.108053 0.709893
vt 0.081908 0.741320
vt 0.111721 0.739486
vt 0.103152 0.745130
vt 0.105028 0.715517
vt 0.109371 0.719107
vt 0.085473 0.721323
vt 0.094048 0.714381
vt 0.099469 0.742643
vt 0.091231 0.740930
vt 0.086900 0.737305
vt 0.083764 0.729523
vt 0.099649 0.713860
vt 0.112014 0.724091
vt 0.104897 0.741041
vt 0.084369 0.723925
vt 0.140409 0.808652
vt 0.088268 0.818114
vt 0.029904 0.671020
vt 0.123464 0.643162
vt 0.188045 0.718499
vt 0.011998 0.753130
vt 0.013006 0.701267
vt 0.184113 0.701130
vt 0.188460 0.736431
vt 0.168428 0.786070
vt 0.054651 0.807205
vt 0.019983 0.685293
vt 0.056862 0.649616
vt 0.154086 0.658675
vt 0.134678 0.886364
vt 0.131825 0.898515
vt 0.131319 0.861880
vt 0.100352 0.826000
vt 0.110474 0.832499
vt 0.065474 0.819283
vt 0.042527 0.826018
vt 0.016505 0.850914
vt 0.011930 0.898785
vt 0.032767 0.928157
vt 0.024026 0.919822
vt 0.065783 0.941383
vt 0.089541 0.939127
vt 0.119217 0.840834
vt 0.089215 0.821547
vt 0.053695 0.821550
vt 0.023581 0.840934
vt 0.042886 0.934657
vt 0.085044 0.712039
vt 0.078150 0.734101
vt 0.111328 0.744472
vt 0.077398 0.730087
vt 0.107273 0.739476
vt 0.102262 0.742110
vt 0.155537 0.798810
vt 0.176897 0.684989
vt 0.070900 0.814311
s 1
usemtl zuk
f 13/9/9 14/10/9 10/11/9 9/12/9
f 136/10/10 15/13/10 11/14/11 138/15/12
f 142/13/13 16/16/13 12/17/13 144/18/13
f 146/16/14 134/9/14 140/19/15 148/20/16
f 138/15/12 17/21/17 21/22/18 18/23/19
f 147/16/20 143/13/20 137/10/20 135/9/20
f 23/24/21 22/25/21 24/26/21
f 141/12/22 139/11/22 154/27/23 20/28/23
f 19/29/24 11/14/11 161/30/25 27/31/26
f 148/20/16 140/19/15 151/32/27 153/33/28
f 150/34/29 152/35/30 159/36/31 157/37/31
f 151/32/27 140/19/15 152/35/30 150/34/29
f 138/15/12 11/14/11 19/29/24 17/21/17
f 20/28/23 154/27/23 155/25/32 160/24/32
f 18/23/19 21/22/18 158/38/33 156/39/33
f 25/40/34 26/41/34 29/42/35 28/43/35
f 148/20/16 153/33/28 162/44/36 163/45/37
f 145/18/38 149/17/38 26/41/34 25/40/34
f 166/43/39 164/42/39 30/46/39
f 27/31/26 161/30/25 167/47/40 168/48/40
f 163/45/37 162/44/36 169/49/41 165/50/41
f 38/51/42 37/52/43 174/53/44 172/54/44
f 176/52/45 39/55/45 170/56/46 175/53/46
f 179/55/47 177/57/48 173/58/49 171/56/49
f 184/59/50 42/60/51 182/61/52 180/62/52
f 40/63/53 41/59/54 34/62/55 36/64/55
f 183/60/56 186/65/57 181/66/58 35/61/58
f 178/67/59 32/68/59 37/52/43 38/51/42
f 187/68/60 185/69/60 39/55/45 176/52/45
f 31/69/61 33/70/61 177/57/48 179/55/47
f 33/70/61 31/69/61 41/59/54 40/63/53
f 185/69/60 187/68/60 42/60/51 184/59/50
f 32/68/59 178/67/59 186/65/57 183/60/56
f 47/71/62 48/72/63 44/73/64 43/74/62
f 62/75/65 61/76/66 54/77/67 199/78/68
f 192/79/69 50/80/70 46/81/70 45/82/71
f 193/80/72 188/71/72 191/83/72 195/84/72
f 194/80/73 49/79/74 190/72/75 189/71/73
f 65/85/76 204/75/77 53/78/78 51/86/79
f 196/76/80 70/87/81 52/88/82 197/77/83
f 51/86/79 53/78/78 57/89/84 55/90/85
f 57/89/84 72/91/86 73/92/87 55/90/85
f 197/77/83 52/88/82 56/93/88 58/94/89
f 190/72/75 49/79/74 59/95/90 64/96/91
f 64/96/91 59/95/90 60/97/92 63/98/93
f 63/98/93 60/97/92 61/76/66 62/75/65
f 44/73/64 48/72/63 198/96/94 67/99/95
f 67/99/95 198/96/94 205/98/96 66/100/97
f 66/100/97 205/98/96 204/75/77 65/85/76
f 192/79/69 45/82/71 68/101/98 202/95/99
f 202/95/99 68/101/98 69/102/100 203/97/101
f 203/97/101 69/102/100 70/87/81 196/76/80
f 199/78/68 54/77/67 201/94/102 207/103/102 206/91/102 200/89/102
f 71/103/103 74/104/104 73/92/87 72/91/86
f 74/104/104 71/103/103 58/94/89 56/93/88
f 210/10/105 77/13/105 75/14/106 212/15/107
f 216/13/108 78/16/108 76/17/108 218/18/108
f 220/16/109 208/9/109 214/19/110 222/20/111
f 212/15/107 79/21/112 83/22/113 80/23/114
f 221/16/115 217/13/115 211/10/115 209/9/115
f 215/12/116 213/11/116 228/27/117 82/28/117
f 81/29/118 75/14/106 235/30/119 86/31/120
f 222/20/111 214/19/110 225/32/121 227/33/122
f 224/34/123 226/35/124 233/36/125 231/37/125
f 225/32/121 214/19/110 226/35/124 224/34/123
f 212/15/107 75/14/106 81/29/118 79/21/112
f 82/28/117 228/27/117 229/25/126 234/24/126
f 80/23/114 83/22/113 232/38/127 230/39/127
f 84/40/128 85/41/128 88/42/129 87/43/129
f 222/20/111 227/33/122 236/44/130 237/45/131
f 219/18/132 223/17/132 85/41/128 84/40/128
f 240/43/133 238/42/133 89/46/133
f 86/31/120 235/30/119 241/47/134 242/48/134
f 237/45/131 236/44/130 243/49/135 239/50/135
f 97/51/136 96/52/137 248/53/138 246/54/138
f 250/52/139 98/55/139 244/56/140 249/53/140
f 253/55/141 251/57/142 247/58/143 245/56/143
f 258/59/144 101/60/145 256/61/146 254/62/146
f 99/63/147 100/59/148 93/62/149 95/64/149
f 257/60/150 260/65/151 255/66/152 94/61/152
f 252/67/153 91/68/153 96/52/137 97/51/136
f 261/68/154 259/69/154 98/55/139 250/52/139
f 90/69/155 92/70/156 251/57/142 253/55/141
f 92/70/156 90/69/155 100/59/148 99/63/147
f 259/69/154 261/68/154 101/60/145 258/59/144
f 91/68/153 252/67/153 260/65/151 257/60/150
f 106/71/157 107/72/158 103/73/159 102/74/157
f 121/75/160 120/76/161 113/77/162 269/78/163
f 264/79/164 109/80/165 105/81/165 104/82/166
f 265/80/167 108/79/168 263/72/169 262/71/167
f 124/85/170 274/75/171 112/78/172 110/86/173
f 266/76/174 129/87/175 111/88/176 267/77/177
f 110/86/173 112/78/172 116/89/178 114/90/179
f 116/89/178 131/91/180 132/92/181 114/90/179
f 267/77/177 111/88/176 115/93/182 117/94/183
f 263/72/169 108/79/168 118/95/184 123/96/185
f 123/96/185 118/95/184 119/97/186 122/98/187
f 122/98/187 119/97/186 120/76/161 121/75/160
f 103/73/159 107/72/158 268/96/188 126/99/189
f 126/99/189 268/96/188 275/98/190 125/100/191
f 125/100/191 275/98/190 274/75/171 124/85/170
f 264/79/164 104/82/166 127/101/192 272/95/193
f 272/95/193 127/101/192 128/102/194 273/97/195
f 273/97/195 128/102/194 129/87/175 266/76/174
f 269/78/163 113/77/162 271/94/196 277/103/196 276/91/196 270/89/196
f 130/103/197 133/104/198 132/92/181 131/91/180
f 133/104/198 130/103/197 117/94/183 115/93/182
s 0
f 279/105/199 278/106/199 280/107/199 281/108/199
f 283/105/200 282/106/200 284/107/200 285/108/200
s 1
f 290/109/201 293/110/202 286/111/203
f 289/112/204 288/113/205 286/111/203
f 292/114/206 291/115/207 288/113/205
f 291/115/207 290/109/201 286/111/203
f 293/110/202 292/114/206 287/116/208
f 293/110/202 287/116/208 286/111/203
f 287/116/208 289/112/204 286/111/203
f 289/112/204 292/114/206 288/113/205
f 288/113/205 291/115/207 286/111/203
f 292/114/206 289/112/204 287/116/208
f 294/109/209 307/117/210 295/110/211
f 331/118/212 315/119/213 306/120/214
f 346/121/215 344/122/216 320/123/217
f 309/124/218 298/125/219 294/109/209
f 327/126/220 311/127/221 329/128/222
f 297/114/223 310/129/224 296/115/225
f 322/130/226 356/131/226 355/132/226
f 306/120/214 315/119/213 295/110/211
f 345/133/227 343/134/228 318/135/229
f 342/136/230 348/137/231 357/130/232
f 330/138/233 339/139/234 312/140/235
f 349/141/236 347/142/237 324/132/238
f 298/125/219 299/143/239 300/144/240
f 305/145/241 306/120/214 307/117/210
f 308/146/242 309/124/218 310/129/224
f 315/119/213 316/147/243 317/148/244
f 326/149/245 312/140/235 311/127/221
f 328/150/246 299/143/239 329/128/222
f 330/138/233 316/147/243 331/118/212
f 332/151/247 304/152/248 303/153/249
f 342/136/230 319/154/250 343/134/228
f 344/122/216 341/155/251 340/156/252
f 346/121/215 325/157/253 347/142/237
f 348/137/231 335/158/254 334/159/255
f 328/150/246 337/160/256 332/151/247
f 314/161/257 331/118/212 333/162/258
f 309/124/218 327/126/220 329/128/222
f 316/147/243 330/138/233 308/146/242
f 308/146/242 326/149/245 327/126/220
f 337/160/256 328/150/246 302/163/259
f 339/139/234 330/138/233 314/161/257
f 305/145/241 332/151/247 333/162/258
f 299/143/239 328/150/246 332/151/247
f 338/164/260 341/155/251 344/122/216
f 340/156/252 301/165/261 343/134/228
f 336/166/262 335/158/254 348/137/231
f 334/159/255 313/167/263 349/141/236
f 336/166/262 342/136/230 301/165/261
f 320/123/217 344/122/216 345/133/227
f 338/164/260 346/121/215 313/167/263
f 357/130/232 348/137/231 349/141/236
f 350/154/226 322/130/226 354/157/226
f 352/168/226 351/135/226 353/123/226
f 354/157/226 353/123/226 350/154/226
f 353/123/226 351/135/226 350/154/226
f 322/130/226 355/132/226 354/157/226
f 307/117/210 294/109/209 299/143/239
f 294/109/209 296/115/225 309/124/218
f 299/143/239 305/145/241 307/117/210
f 333/162/258 331/118/212 306/120/214
f 325/157/253 346/121/215 320/123/217
f 298/125/219 300/144/240 294/109/209
f 295/110/211 307/117/210 306/120/214
f 311/127/221 302/163/259 329/128/222
f 297/114/223 317/148/244 316/147/243
f 310/129/224 297/114/223 316/147/243
f 316/147/243 308/146/242 310/129/224
f 315/119/213 317/148/244 297/114/223
f 315/119/213 297/114/223 295/110/211
f 321/168/264 345/133/227 318/135/229
f 337/160/256 304/152/248 332/151/247
f 319/154/250 342/136/230 357/130/232
f 326/149/245 330/138/233 312/140/235
f 323/131/265 349/141/236 324/132/238
f 327/126/220 326/149/245 311/127/221
f 299/143/239 298/125/219 329/128/222
f 316/147/243 315/119/213 331/118/212
f 333/162/258 332/151/247 303/153/249
f 319/154/250 318/135/229 343/134/228
f 345/133/227 344/122/216 340/156/252
f 325/157/253 324/132/238 347/142/237
f 349/141/236 348/137/231 334/159/255
f 330/138/233 326/149/245 308/146/242
f 303/153/249 314/161/257 333/162/258
f 298/125/219 309/124/218 329/128/222
f 313/167/263 347/142/237 349/141/236
f 309/124/218 308/146/242 327/126/220
f 328/150/246 329/128/222 302/163/259
f 330/138/233 331/118/212 314/161/257
f 306/120/214 305/145/241 333/162/258
f 305/145/241 299/143/239 332/151/247
f 346/121/215 338/164/260 344/122/216
f 345/133/227 340/156/252 343/134/228
f 342/136/230 336/166/262 348/137/231
f 296/115/225 310/129/224 309/124/218
f 342/136/230 343/134/228 301/165/261
f 321/168/264 320/123/217 345/133/227
f 346/121/215 347/142/237 313/167/263
f 323/131/265 357/130/232 349/141/236
f 294/109/209 300/144/240 299/143/239
f 374/169/266 364/170/267 360/171/268
f 376/172/269 362/173/270 377/174/271
f 386/175/272 375/176/273 383/177/274
f 389/178/275 374/169/266 393/179/276
f 378/180/277 372/181/278 379/182/279
f 380/183/280 370/184/281 366/185/282
f 388/186/283 379/182/279 368/187/284
f 387/188/285 378/180/277 371/189/286
f 385/190/287 383/177/274 372/181/278
f 364/170/267 368/187/284 360/171/268
f 365/191/288 361/192/289 369/193/290
f 390/194/291 392/195/292 365/191/288
f 363/196/293 374/169/266 375/176/273
f 365/191/288 376/172/269 361/192/289
f 382/197/294 359/198/295 386/175/272
f 392/195/292 364/170/267 389/178/275
f 373/199/296 380/183/280 381/200/297
f 371/189/286 378/180/277 367/201/298
f 385/190/287 372/181/278 378/180/277
f 391/202/299 367/201/298 379/182/279
f 377/174/271 386/203/272 383/204/274
f 380/183/280 387/205/285 370/184/281
f 373/199/296 361/192/289 383/204/274
f 358/206/300 382/207/294 386/203/272
f 373/199/296 385/208/287 380/183/280
f 381/200/297 388/186/283 369/193/290
f 365/191/288 392/195/292 389/178/275
f 366/185/282 391/202/299 381/200/297
f 368/187/284 364/170/267 390/194/291
f 376/172/269 389/178/275 393/179/276
f 375/176/273 374/169/266 360/171/268
f 362/173/270 358/206/300 377/174/271
f 375/176/273 360/171/268 383/177/274
f 374/169/266 363/196/293 393/179/276
f 372/181/278 368/187/284 379/182/279
f 381/200/297 380/183/280 366/185/282
f 390/194/291 388/186/283 368/187/284
f 384/209/301 387/188/285 371/189/286
f 383/177/274 360/171/268 372/181/278
f 368/187/284 372/181/278 360/171/268
f 361/192/289 373/199/296 369/193/290
f 369/193/290 390/194/291 365/191/288
f 359/198/295 363/196/293 375/176/273
f 376/172/269 377/174/271 361/192/289
f 359/198/295 375/176/273 386/175/272
f 364/170/267 374/169/266 389/178/275
f 369/193/290 373/199/296 381/200/297
f 378/180/277 379/182/279 367/201/298
f 387/188/285 385/190/287 378/180/277
f 388/186/283 391/202/299 379/182/279
f 361/192/289 377/174/271 383/204/274
f 387/205/285 384/210/301 370/184/281
f 385/208/287 373/199/296 383/204/274
f 377/174/271 358/206/300 386/203/272
f 385/208/287 387/205/285 380/183/280
f 388/186/283 390/194/291 369/193/290
f 376/172/269 365/191/288 389/178/275
f 391/202/299 388/186/283 381/200/297
f 364/170/267 392/195/292 390/194/291
f 362/173/270 376/172/269 393/179/276
f 398/109/302 394/111/303 401/110/304
f 397/112/305 394/111/303 396/113/306
f 400/114/307 396/113/306 399/115/308
f 399/115/308 394/111/303 398/109/302
f 401/110/304 395/116/309 400/114/307
f 401/110/304 394/111/303 395/116/309
f 395/116/309 394/111/303 397/112/305
f 397/112/305 396/113/306 400/114/307
f 396/113/306 394/111/303 399/115/308
f 400/114/307 395/116/309 397/112/305
f 402/109/310 403/110/311 415/117/312
f 439/118/313 414/120/314 423/119/315
f 454/121/316 428/123/317 452/122/318
f 417/124/319 402/109/310 406/125/320
f 435/126/321 437/128/322 419/127/323
f 405/114/324 404/115/325 418/129/326
f 430/130/327 463/132/327 464/131/327
f 414/120/314 403/110/311 423/119/315
f 453/133/328 426/135/329 451/134/330
f 450/136/331 465/130/332 456/137/333
f 438/138/334 420/140/335 447/139/336
f 457/141/337 432/132/338 455/142/339
f 406/125/320 408/144/340 407/143/341
f 413/145/342 415/117/312 414/120/314
f 416/146/343 418/129/326 417/124/319
f 423/119/315 425/148/344 424/147/345
f 434/149/346 419/127/323 420/140/335
f 436/150/347 437/128/322 407/143/341
f 438/138/334 439/118/313 424/147/345
f 440/151/348 411/153/349 412/152/350
f 450/136/331 451/134/330 427/154/351
f 452/122/318 448/156/352 449/155/353
f 454/121/316 455/142/339 433/157/354
f 456/137/333 442/159/355 443/158/356
f 436/150/347 440/151/348 445/160/357
f 422/161/358 441/162/359 439/118/313
f 417/124/319 437/128/322 435/126/321
f 424/147/345 416/146/343 438/138/334
f 416/146/343 435/126/321 434/149/346
f 445/160/357 410/163/360 436/150/347
f 447/139/336 422/161/358 438/138/334
f 413/145/342 441/162/359 440/151/348
f 407/143/341 440/151/348 436/150/347
f 446/164/361 452/122/318 449/155/353
f 448/156/352 451/134/330 409/165/362
f 444/166/363 456/137/333 443/158/356
f 442/159/355 457/141/337 421/167/364
f 444/166/363 409/165/362 450/136/331
f 428/123/317 453/133/328 452/122/318
f 446/164/361 421/167/364 454/121/316
f 465/130/332 457/141/337 456/137/333
f 458/154/327 462/157/327 430/130/327
f 460/168/327 461/123/327 459/135/327
f 462/157/327 458/154/327 461/123/327
f 461/123/327 458/154/327 459/135/327
f 430/130/327 462/157/327 463/132/327
f 415/117/312 407/143/341 402/109/310
f 402/109/310 417/124/319 404/115/325
f 407/143/341 415/117/312 413/145/342
f 441/162/359 414/120/314 439/118/313
f 433/157/354 428/123/317 454/121/316
f 406/125/320 402/109/310 408/144/340
f 403/110/311 414/120/314 415/117/312
f 419/127/323 437/128/322 410/163/360
f 405/114/324 424/147/345 425/148/344
f 418/129/326 424/147/345 405/114/324
f 424/147/345 418/129/326 416/146/343
f 423/119/315 405/114/324 425/148/344
f 423/119/315 403/110/311 405/114/324
f 429/168/365 426/135/329 453/133/328
f 445/160/357 440/151/348 412/152/350
f 427/154/351 465/130/332 450/136/331
f 434/149/346 420/140/335 438/138/334
f 431/131/366 432/132/338 457/141/337
f 435/126/321 419/127/323 434/149/346
f 407/143/341 437/128/322 406/125/320
f 424/147/345 439/118/313 423/119/315
f 441/162/359 411/153/349 440/151/348
f 427/154/351 451/134/330 426/135/329
f 453/133/328 448/156/352 452/122/318
f 433/157/354 455/142/339 432/132/338
f 457/141/337 442/159/355 456/137/333
f 438/138/334 416/146/343 434/149/346
f 411/153/349 441/162/359 422/161/358
f 406/125/320 437/128/322 417/124/319
f 421/167/364 457/141/337 455/142/339
f 417/124/319 435/126/321 416/146/343
f 436/150/347 410/163/360 437/128/322
f 438/138/334 422/161/358 439/118/313
f 414/120/314 441/162/359 413/145/342
f 413/145/342 440/151/348 407/143/341
f 454/121/316 452/122/318 446/164/361
f 453/133/328 451/134/330 448/156/352
f 450/136/331 456/137/333 444/166/363
f 404/115/325 417/124/319 418/129/326
f 450/136/331 409/165/362 451/134/330
f 429/168/365 453/133/328 428/123/317
f 454/121/316 421/167/364 455/142/339
f 431/131/366 457/141/337 465/130/332
f 402/109/310 407/143/341 408/144/340
f 482/169/367 468/171/368 472/170/369
f 484/172/370 485/174/371 470/173/372
f 494/175/373 491/177/374 483/176/375
f 497/178/376 501/179/377 482/169/367
f 486/180/378 487/182/379 480/181/380
f 488/183/381 474/185/382 478/184/383
f 496/186/384 476/187/385 487/182/379
f 495/188/386 479/189/387 486/180/378
f 493/190/388 480/181/380 491/177/374
f 472/170/369 468/171/368 476/187/385
f 473/191/389 477/193/390 469/192/391
f 498/194/392 473/191/389 500/195/393
f 471/196/394 483/176/375 482/169/367
f 473/191/389 469/192/391 484/172/370
f 490/197/395 494/175/373 467/198/396
f 500/195/393 497/178/376 472/170/369
f 481/199/397 489/200/398 488/183/381
f 479/189/387 475/201/399 486/180/378
f 493/190/388 486/180/378 480/181/380
f 499/202/400 487/182/379 475/201/399
f 485/174/371 491/204/374 494/203/373
f 488/183/381 478/184/383 495/205/386
f 481/199/397 491/204/374 469/192/391
f 466/206/401 494/203/373 490/207/395
f 481/199/397 488/183/381 493/208/388
f 489/200/398 477/193/390 496/186/384
f 473/191/389 497/178/376 500/195/393
f 474/185/382 489/200/398 499/202/400
f 476/187/385 498/194/392 472/170/369
f 484/172/370 501/179/377 497/178/376
f 483/176/375 468/171/368 482/169/367
f 470/173/372 485/174/371 466/206/401
f 483/176/375 491/177/374 468/171/368
f 482/169/367 501/179/377 471/196/394
f 480/181/380 487/182/379 476/187/385
f 489/200/398 474/185/382 488/183/381
f 498/194/392 476/187/385 496/186/384
f 492/209/402 479/189/387 495/188/386
f 491/177/374 480/181/380 468/171/368
f 476/187/385 468/171/368 480/181/380
f 469/192/391 477/193/390 481/199/397
f 477/193/390 473/191/389 498/194/392
f 467/198/396 483/176/375 471/196/394
f 484/172/370 469/192/391 485/174/371
f 467/198/396 494/175/373 483/176/375
f 472/170/369 497/178/376 482/169/367
f 477/193/390 489/200/398 481/199/397
f 486/180/378 475/201/399 487/182/379
f 495/188/386 486/180/378 493/190/388
f 496/186/384 487/182/379 499/202/400
f 469/192/391 491/204/374 485/174/371
f 495/205/386 478/184/383 492/210/402
f 493/208/388 491/204/374 481/199/397
f 485/174/371 494/203/373 466/206/401
f 493/208/388 488/183/381 495/205/386
f 496/186/384 477/193/390 498/194/392
f 484/172/370 497/178/376 473/191/389
f 499/202/400 489/200/398 496/186/384
f 472/170/369 498/194/392 500/195/393
f 470/173/372 501/179/377 484/172/370
f 525/211/403 504/212/404 509/213/405 507/214/406
f 516/215/407 547/216/408 522/217/409 515/218/410
f 535/219/411 518/220/412 517/221/413 536/222/414
f 536/223/414 539/224/415 538/225/416 535/226/411
f 516/215/407 539/224/415 536/222/414 537/227/417 547/216/408
f 515/218/410 538/225/416 539/224/415 516/215/407
f 534/228/418 535/219/411 538/229/416 515/230/410 522/231/409
f 536/222/414 517/221/413 519/232/419 537/227/417
f 529/233/420 530/234/421 533/235/422 511/236/423
f 534/228/418 520/237/424 518/220/412 535/219/411
f 528/238/425 529/239/420 511/236/423 532/240/426
f 512/241/427 532/240/426 511/236/423 533/235/422
f 530/242/421 531/243/428 512/241/427 533/235/422
f 563/244/429 548/245/430 554/246/431 565/247/432
f 548/245/430 551/248/433 555/249/434 554/246/431
f 554/246/431 555/249/434 557/250/435 556/251/436
f 556/251/436 557/250/435 559/252/437 558/253/438
f 558/253/438 559/252/437 568/254/439 566/255/440
f 552/256/441 549/257/442 567/258/443 569/259/444
f 582/260/445 581/261/446 593/262/447 592/263/448
f 576/264/449 578/265/450 591/266/451 590/267/452
f 566/255/440 568/254/439 573/268/453 571/269/454
f 575/270/455 571/269/454 576/264/449 580/271/456
f 572/272/457 575/270/455 580/271/456 577/273/458
f 571/269/454 573/268/453 578/265/450 576/264/449
f 577/273/458 580/271/456 583/274/459 581/261/446
f 581/261/446 583/274/459 594/275/460 593/262/447
f 580/271/456 576/264/449 583/274/459
f 579/276/461 577/273/458 581/261/446 582/260/445
f 583/274/459 576/264/449 590/267/452 594/275/460
f 587/277/462 586/278/463 616/279/464 617/280/465
f 604/281/466 588/282/467 618/283/468 619/284/469
f 586/278/463 604/281/466 619/284/469 616/279/464
f 610/285/470 611/286/471 588/282/467 604/281/466
f 609/287/472 612/288/473 587/277/462 605/289/474
f 613/290/475 610/285/470 604/281/466 586/278/463
f 612/288/473 613/290/475 586/278/463 587/277/462
f 605/289/474 587/277/462 617/280/465 620/291/476
f 631/292/477 630/293/478 626/294/479 623/295/480
f 627/296/481 624/297/482 628/298/483 629/299/484
f 621/300/485 631/292/477 623/295/480 624/297/482
f 619/284/469 618/283/468 622/301/486 630/293/478
f 616/279/464 619/284/469 630/293/478 631/292/477
f 630/293/478 622/301/486 625/302/487 626/294/479
f 629/299/484 628/298/483 637/303/488 633/304/489
f 673/305/490 672/306/491 646/307/492 641/308/493
f 672/306/491 674/309/494 645/310/495 646/307/492
f 641/308/493 646/307/492 649/311/496 643/312/497
f 646/307/492 645/310/495 648/313/498 649/311/496
f 640/314/499 647/315/500 650/316/501 642/317/502
f 645/310/495 640/314/499 642/317/502 648/313/498
f 664/318/503 705/319/504 668/320/505
f 642/317/502 650/316/501 652/321/506 651/322/507
f 662/323/508 704/324/509 668/320/505
f 669/325/510 670/326/511 656/327/512 699/328/513 658/329/514
f 697/330/515 658/329/514 734/331/516 729/332/517
f 699/328/513 656/327/512 732/333/518 733/334/519
f 701/335/520 661/336/521 667/337/522 737/338/523
f 698/339/524 660/340/525 738/341/526 731/342/527
f 700/343/528 659/344/529 730/345/530 735/346/531
f 702/347/532 657/348/533 736/349/534 708/350/535
f 648/313/498 651/322/507 670/326/511 669/325/510
f 670/326/511 655/351/536 660/340/525 698/339/524 656/327/512
f 654/352/537 669/325/510 658/329/514 697/330/515 659/344/529
f 653/353/538 654/352/537 659/344/529 700/343/528 657/348/533
f 655/351/536 671/354/539 661/336/521 701/335/520 660/340/525
f 671/355/539 653/353/538 657/348/533 702/347/532 661/356/521
f 623/295/480 626/294/479 636/357/540
f 651/322/507 652/321/506 655/351/536 670/326/511
f 650/316/501 671/354/539 655/351/536 652/321/506
f 649/311/496 648/313/498 669/325/510 654/352/537
f 663/358/541 706/359/542 668/320/505
f 683/360/543 685/361/544 684/362/545 687/363/546
f 665/364/547 703/365/548 668/320/505
f 688/366/549 689/367/550 686/368/551 693/369/552
f 569/259/444 567/258/443 572/272/457 574/370/553
f 549/257/442 565/247/432 570/371/554 567/258/443
f 584/372/555 561/373/556 560/374/557
f 574/370/553 572/272/457 577/273/458 579/276/461
f 567/258/443 570/371/554 575/270/455 572/272/457
f 607/375/558 709/376/559 598/377/560 608/378/561
f 608/378/561 598/377/560 712/379/562 614/380/563
f 601/381/564 603/382/565 710/383/566 615/384/567
f 612/288/473 615/384/567 607/375/558 613/290/475
f 570/371/554 566/255/440 571/269/454 575/270/455
f 549/257/442 563/244/429 565/247/432
f 560/374/557 548/245/430 563/244/429 550/385/568
f 553/386/569 564/387/570 550/385/568
f 565/247/432 556/251/436 558/253/438
f 713/388/571 595/389/571 596/390/572 600/391/573
f 613/290/475 607/375/558 608/378/561 610/285/470
f 565/247/432 558/253/438 566/255/440 570/371/554
f 637/303/488 636/357/540 634/392/574 689/367/550
f 633/304/489 637/303/488 689/367/550 688/366/549
f 632/393/575 621/300/485 624/297/482 627/296/481
f 626/294/479 625/302/487 638/394/576 692/395/577
f 693/369/552 686/368/551 691/396/578 639/397/579
f 686/368/551 696/398/580 721/399/581 691/396/578
f 696/398/580 695/400/582 720/401/583 721/399/581
f 695/400/582 694/402/584 719/403/585 720/401/583
f 728/404/586 676/405/587 672/306/491 673/305/490
f 680/406/588 677/407/589 635/408/590 674/309/494
f 676/405/587 680/406/588 674/309/494 672/306/491
f 677/407/589 679/409/591 675/410/592 635/408/590
f 674/309/494 635/408/590 640/314/499 645/310/495
f 635/408/590 675/410/592 647/315/500 640/314/499
f 678/411/593 681/412/594 725/413/595 727/414/596
f 722/415/597 690/416/598 681/412/594 678/411/593
f 690/416/598 683/360/543 687/363/546 681/412/594
f 723/417/599 722/415/597 678/411/593 682/418/600
f 687/363/546 684/362/545 726/419/601 724/420/602
f 682/418/600 678/411/593 727/414/596 644/421/603
f 666/422/604 707/423/605 668/320/505
f 681/412/594 687/363/546 724/420/602 725/413/595
f 689/367/550 634/392/574 696/398/580 686/368/551
f 692/395/577 638/394/576 694/402/584 695/400/582
f 634/392/574 692/395/577 695/400/582 696/398/580
f 592/263/448 593/262/447 714/424/606 715/425/607
f 711/426/608 599/427/608 589/428/609 602/429/609
f 593/262/447 594/275/460 606/430/610 714/424/606
f 594/275/460 590/267/452 717/431/611 606/430/610
f 590/267/452 591/266/451 716/432/612 717/431/611
f 600/391/573 596/390/572 718/433/613 597/434/614
f 609/287/472 601/381/564 615/384/567 612/288/473
f 615/384/567 710/383/566 709/376/559 607/375/558
f 610/285/470 608/378/561 614/380/563 611/286/471
f 597/434/614 718/433/613 599/427/608 711/426/608
f 740/435/615 739/436/616 668/320/505
f 628/298/483 623/295/480 636/357/540 637/303/488
f 617/280/465 616/279/464 631/292/477 621/300/485
f 648/313/498 642/317/502 651/322/507
f 643/312/497 653/353/538 671/355/539
f 643/312/497 649/311/496 654/352/537 653/353/538
f 620/291/476 617/280/465 621/300/485 632/393/575
f 636/357/540 626/294/479 692/395/577 634/392/574
f 624/297/482 623/295/480 628/298/483
f 565/247/432 554/246/431 556/251/436
f 561/373/556 551/248/433 548/245/430 560/374/557
f 562/437/617 553/386/569 585/438/618
f 552/256/441 562/437/617 585/438/618 549/257/442
f 550/385/568 563/244/429 549/257/442 585/438/618
f 564/387/570 584/372/555 550/385/568
f 550/385/568 584/372/555 560/374/557
f 553/386/569 550/385/568 585/438/618
f 659/344/529 697/330/515 729/332/517 730/345/530
f 658/329/514 699/328/513 733/334/519 734/331/516
f 660/340/525 701/335/520 737/338/523 738/341/526
f 656/327/512 698/339/524 731/342/527 732/333/518
f 657/348/533 700/343/528 735/346/531 736/349/534
f 661/356/521 702/347/532 708/350/535 667/439/522
f 704/324/509 666/422/604 668/320/505
f 706/359/542 665/364/547 668/320/505
f 703/365/548 664/318/503 668/320/505
f 707/423/605 740/435/615 668/320/505
f 739/436/616 663/358/541 668/320/505
f 705/319/504 662/323/508 668/320/505
f 1024/440/619 1031/441/620 804/442/621 742/443/622
f 741/444/623 800/445/624 805/446/625 803/447/626
f 742/443/622 804/442/621 805/446/625 800/445/624
f 741/444/623 803/447/626 790/448/627 791/449/628 743/450/628
f 745/451/629 744/452/630 803/447/626 806/453/631
f 790/448/627 803/447/626 744/452/630
f 747/454/632 749/455/633 806/453/631
f 745/451/629 806/453/631 749/455/633
f 801/456/634 817/457/635 763/458/636
f 801/456/634 762/459/637 817/457/635
f 757/460/638 813/461/639 759/462/640
f 759/462/640 813/461/639 760/463/641
f 808/464/642 807/465/643 822/466/644 818/467/645
f 768/468/646 767/469/647 819/470/648 821/471/649
f 760/463/641 813/461/639 814/472/650 761/473/651
f 751/474/652 752/475/653 807/465/643 808/464/642
f 810/476/654 815/477/655 841/478/656 812/479/657
f 756/480/658 755/481/659 811/482/660
f 757/460/638 756/480/658 811/482/660 813/461/639
f 762/459/637 758/483/661 814/472/650 817/457/635
f 758/483/661 761/473/651 814/472/650
f 746/484/662 807/465/643 752/475/653
f 755/481/659 754/485/663 811/482/660
f 817/457/635 814/472/650 815/477/655 810/476/654
f 767/469/647 764/486/664 819/470/648
f 754/485/663 753/487/665 808/464/642 811/482/660
f 750/488/666 751/474/652 808/464/642
f 753/487/665 750/488/666 808/464/642
f 854/489/667 855/490/668 857/491/669 856/492/670
f 845/493/671 809/494/672 812/479/657 841/478/656
f 764/486/664 766/495/673 819/470/648
f 765/496/674 819/470/648 766/495/673
f 849/497/675 1314/498/676 851/499/677 855/490/668
f 820/500/678 844/501/679 1312/502/680 822/466/644
f 765/496/674 763/458/636 817/457/635 819/470/648
f 819/470/648 817/457/635 810/476/654 812/479/657
f 1317/503/681 1346/504/681 1345/505/682 823/506/683
f 1345/505/682 805/446/625 804/442/621 823/506/683
f 804/442/621 1031/441/620 1050/507/684 823/506/683
f 1308/508/685 1309/509/686 1052/510/687 824/511/688
f 824/511/688 1052/510/687 1079/512/684 846/513/689
f 825/514/690 1054/515/691 1056/516/692 826/517/693
f 824/511/688 846/513/689 848/518/694 1308/519/685
f 1348/520/695 807/465/643 746/484/662 748/521/696
f 847/522/697 825/514/690 826/523/693 849/497/675
f 842/524/698 1315/525/699 850/526/700 816/527/701
f 770/528/702 794/529/684 836/530/703 833/531/704
f 847/522/697 1078/532/684 1054/515/691 825/514/690
f 1344/533/705 1310/534/706 827/535/707
f 1315/525/699 848/518/694 854/489/667 850/526/700
f 826/517/693 1056/516/692 830/536/708
f 828/537/709 829/538/710 840/539/711 830/536/708
f 830/536/708 840/539/711 831/540/712 826/517/693
f 835/541/713 832/542/714 837/543/715 838/544/716
f 821/471/649 819/470/648 812/479/657 809/494/672
f 792/545/717 832/542/714 835/541/713 793/546/718
f 832/542/714 827/535/707 834/547/719 837/543/715
f 1310/534/706 1311/548/720 834/547/719 827/535/707
f 839/549/721 1277/550/722 878/551/723 877/552/724
f 1281/553/725 1287/554/726 962/555/727 959/556/728
f 1056/516/692 1059/557/729 828/537/709 830/536/708
f 828/537/709 1059/557/729 1072/558/730 829/538/710
f 1313/559/731 842/524/698 816/527/701 843/560/732
f 850/526/700 854/489/667 856/561/670 852/562/733
f 1078/532/684 847/522/697 846/513/689 1079/512/684
f 847/522/697 849/497/675 855/490/668
f 846/513/689 847/522/697 854/489/667
f 813/461/639 811/482/660 815/477/655
f 814/472/650 813/461/639 815/477/655
f 851/499/677 843/563/732 816/564/701 850/565/700
f 811/482/660 808/464/642 818/467/645 815/477/655
f 815/477/655 1312/502/680 841/478/656
f 807/465/643 1348/520/695 820/500/678 822/466/644
f 815/477/655 818/467/645 822/466/644 1312/502/680
f 747/454/632 806/453/631 1347/566/734
f 851/499/677 850/565/700 852/567/733 853/568/735
f 1314/498/676 1313/569/731 843/563/732 851/499/677
f 846/513/689 854/489/667 848/518/694
f 855/490/668 851/499/677 853/570/735 857/571/669
f 805/446/625 1345/505/682 806/453/631 803/447/626
f 853/572/735 852/573/733 858/574/736 865/575/737 859/576/738
f 857/491/669 853/572/735 859/576/738 863/577/739 861/578/740
f 856/492/670 857/491/669 861/578/740 864/579/741 860/580/742
f 852/573/733 856/492/670 860/580/742 862/581/743 858/574/736
f 1329/582/744 1330/583/745 867/584/746 871/585/747
f 1333/586/748 1327/587/749 870/588/750 866/589/751
f 1332/590/752 1333/586/748 866/589/751 873/591/753
f 1331/592/754 1334/593/755 869/594/756 872/595/757
f 1327/587/749 1328/596/758 868/597/759 870/588/750
f 1328/596/758 1331/598/754 872/599/757 868/597/759
f 1334/593/755 1329/582/744 871/585/747 869/594/756
f 1330/583/745 1332/590/752 873/591/753 867/584/746
f 882/600/760 895/601/761 893/602/762 836/530/703
f 1111/603/763 1272/604/764 892/605/765 1130/606/766
f 894/607/767 1131/608/768 1130/606/766 892/605/765
f 1278/609/769 1288/610/770 889/611/771 890/612/772
f 1277/550/722 1279/613/773 879/614/774 878/551/723
f 1285/615/775 839/549/721 877/552/724 880/616/776
f 1279/613/773 1285/615/775 880/616/776 879/614/774
f 877/552/724 878/551/723 879/614/774 880/616/776
f 896/617/777 1251/618/778 944/619/779 947/620/780
f 885/621/781 883/622/782 888/623/783 886/624/784
f 881/625/785 874/626/786 940/627/787 941/628/788
f 890/612/772 889/611/771 886/624/784 888/623/783
f 835/541/713 838/544/716 1292/629/789 882/600/760
f 883/622/782 1278/609/769 890/612/772 888/623/783
f 1290/630/790 885/621/781 886/624/784 887/631/791
f 889/611/771 891/632/792 887/631/791 886/624/784
f 1288/610/770 1282/633/793 891/632/792 889/611/771
f 884/634/794 1283/635/795 957/636/796 958/637/797
f 1282/633/793 1290/630/790 887/631/791 891/632/792
f 895/601/761 894/607/767 892/605/765 893/602/762
f 897/638/798 896/617/777 947/620/780 948/639/799
f 1272/604/764 876/640/800 893/602/762 892/605/765
f 884/634/794 1118/641/801 1131/608/768 894/607/767
f 1291/642/802 884/634/794 894/607/767 895/601/761
f 1292/629/789 1291/642/802 895/601/761 882/600/760
f 876/640/800 875/643/803 836/530/703 893/602/762
f 794/529/684 882/600/760 836/530/703
f 794/529/684 793/546/718 835/541/713 882/600/760
f 836/530/703 875/643/803 1254/644/804 833/531/704
f 1226/645/805 927/646/806 935/647/807 938/648/808
f 938/648/808 935/647/807 929/649/809 919/650/810
f 901/651/811 899/652/812 898/653/813 902/654/814
f 902/654/814 898/653/813 1138/655/815 1140/656/816
f 799/657/684 901/651/811 902/654/814 900/658/684
f 900/658/684 902/654/814 1140/656/816 1025/659/684
f 1235/660/817 1236/661/818 904/662/819 1196/663/820
f 911/664/821 1154/665/822 1199/666/823 950/667/824
f 1242/668/825 1241/669/826 951/670/827 952/671/828
f 951/670/827 906/672/829 949/673/830 952/671/828
f 950/667/824 1199/666/823 1196/663/820 904/662/819
f 903/674/831 784/675/832 783/676/833
f 1225/677/834 1226/645/805 938/648/808 937/678/835
f 787/679/836 786/680/836 784/675/832 903/674/831 785/681/837 788/682/836
f 918/683/838 1150/684/839 1239/685/840 1240/686/841
f 910/687/842 918/683/838 1240/686/841 912/688/843
f 1274/689/844 1149/690/845 1156/691/846 917/692/847
f 908/693/848 1274/689/844 917/692/847 909/694/849
f 909/694/849 917/692/847 918/683/838 910/687/842
f 917/692/847 1156/691/846 1150/684/839 918/683/838
f 909/694/849 910/687/842 914/695/850 915/696/851
f 910/687/842 912/688/843 913/697/852 914/695/850
f 908/693/848 909/694/849 915/696/851 916/698/853
f 899/652/812 901/651/811 903/674/831 905/699/854
f 1241/669/826 911/664/821 950/667/824 951/670/827
f 937/678/835 938/648/808 919/650/810 920/700/855
f 931/701/856 914/695/850 903/674/831 783/676/833
f 781/702/857 915/696/851 914/695/850 931/701/856
f 935/647/807 936/703/858 932/704/859 929/649/809
f 936/703/858 933/705/860 921/706/861 932/704/859
f 927/646/806 924/707/862 936/703/858 935/647/807
f 779/708/863 778/709/864 925/710/865 923/711/866
f 795/712/867 796/713/868 928/714/869
f 775/715/870 928/714/869 922/716/871 797/717/872
f 1227/718/873 1262/719/874 953/720/875 956/721/876
f 802/722/877 773/723/878 926/724/879
f 775/715/870 774/725/880 928/714/869
f 776/726/881 797/717/872 922/716/871
f 780/727/882 779/708/863 923/711/866
f 933/705/860 939/728/883 934/729/884 921/706/861
f 796/713/868 802/722/877 926/724/879 928/714/869
f 773/723/878 772/730/885 930/731/886 926/724/879
f 1231/732/887 915/696/851 781/702/857 1232/733/888
f 776/726/881 922/716/871 782/734/889
f 772/730/885 1233/735/890 930/731/886
f 770/528/702 833/531/704 1234/736/891 771/737/892
f 774/725/880 795/712/867 928/714/869
f 901/651/811 799/657/684 789/738/684 798/739/684 903/674/831
f 874/626/786 1271/740/893 1185/741/894 940/627/787
f 1237/742/895 1238/743/896 949/673/830 906/672/829
f 1253/744/897 1261/745/897 1265/746/897
f 1230/747/898 1274/689/844 908/693/848
f 924/707/862 1229/748/899 933/705/860 936/703/858
f 1229/748/899 1228/749/900 939/728/883 933/705/860
f 934/729/884 920/700/855 919/650/810 921/706/861
f 929/649/809 932/704/859 921/706/861 919/650/810
f 934/729/884 922/716/871 928/714/869 920/700/855
f 1234/736/891 833/531/704 1254/644/804
f 939/728/883 925/710/865 922/716/871 934/729/884
f 926/724/879 937/678/835 920/700/855 928/714/869
f 915/696/851 1231/732/887 916/698/853
f 925/710/865 939/728/883 1228/749/900 923/711/866
f 777/750/901 782/734/889 922/716/871 925/710/865
f 778/709/864 777/750/901 925/710/865
f 937/678/835 926/724/879 930/731/886 1225/677/834
f 769/751/902 768/468/646 821/471/649
f 1343/752/903 1316/753/903 1310/534/706 1344/533/705
f 792/545/717 1350/754/904 1349/755/905 832/542/714
f 827/535/707 832/542/714 1349/755/905 1344/533/705
f 940/627/787 1185/741/894 1187/756/906 941/628/788
f 941/628/788 1187/756/906 1189/757/907 942/758/908
f 907/759/909 881/625/785 941/628/788 942/758/908
f 1273/760/910 907/759/909 942/758/908 1189/757/907
f 944/619/779 945/761/911 948/639/799 947/620/780
f 945/761/911 943/762/912 946/763/913 948/639/799
f 1249/764/914 1250/765/915 946/763/913 943/762/912
f 1252/766/916 1249/764/914 943/762/912 945/761/911
f 1250/765/915 897/638/798 948/639/799 946/763/913
f 1251/618/778 1252/766/916 945/761/911 944/619/779
f 951/670/827 950/667/824 904/662/819 906/672/829
f 903/674/831 914/695/850 913/697/852 905/699/854
f 1236/661/818 1237/742/895 906/672/829 904/662/819
f 903/674/831 798/739/684 785/681/837
f 1238/743/896 1242/668/825 952/671/828 949/673/830
f 956/721/876 953/720/875 954/767/917 955/768/918
f 1262/719/874 1263/769/919 954/767/917 953/720/875
f 1264/770/920 1227/718/873 956/721/876 955/768/918
f 1263/769/919 1264/770/920 955/768/918 954/767/917
f 957/636/796 1207/771/921 1208/772/922 958/637/797
f 1118/641/801 884/634/794 958/637/797 1208/772/922
f 1283/635/795 1289/773/923 1207/771/921 957/636/796
f 959/556/728 962/555/727 961/774/924 960/775/925 963/776/926
f 1287/554/726 1286/777/927 961/774/924 962/555/727
f 1280/778/928 1281/553/725 959/556/728 963/776/926
f 1286/777/927 1284/779/929 960/775/925 961/774/924
f 1284/779/929 1280/778/928 963/776/926 960/775/925
f 1024/440/619 965/780/930 1029/781/931 1031/441/620
f 964/782/932 1028/783/933 1030/784/934 1023/785/935
f 965/780/930 1023/785/935 1030/784/934 1029/781/931
f 964/782/932 966/786/936 1014/787/936 1013/788/937 1028/783/933
f 968/789/938 1032/790/939 1028/783/933 967/791/940
f 1013/788/937 967/791/940 1028/783/933
f 970/792/941 1032/790/939 972/793/942
f 968/789/938 972/793/942 1032/790/939
f 1026/794/943 986/795/944 1043/796/945
f 1026/794/943 1043/796/945 985/797/946
f 980/798/947 982/799/948 1039/800/949
f 982/799/948 983/801/950 1039/800/949
f 1034/802/951 1044/803/952 1048/804/953 1033/805/954
f 991/806/955 1047/807/956 1045/808/957 990/809/958
f 983/801/950 984/810/959 1040/811/960 1039/800/949
f 974/812/961 1034/802/951 1033/805/954 975/813/962
f 1036/814/963 1038/815/964 1073/816/965 1041/817/966
f 979/818/967 1037/819/968 978/820/969
f 980/798/947 1039/800/949 1037/819/968 979/818/967
f 985/797/946 1043/796/945 1040/811/960 981/821/970
f 981/821/970 1040/811/960 984/810/959
f 969/822/971 975/813/962 1033/805/954
f 978/820/969 1037/819/968 977/823/972
f 1043/796/945 1036/814/963 1041/817/966 1040/811/960
f 990/809/958 1045/808/957 987/824/973
f 977/823/972 1037/819/968 1034/802/951 976/825/974
f 973/826/975 1034/802/951 974/812/961
f 976/825/974 1034/802/951 973/826/975
f 1088/827/976 1090/828/977 1091/829/978 1089/830/979
f 1077/831/980 1073/816/965 1038/815/964 1035/832/981
f 987/824/973 1045/808/957 989/833/982
f 988/834/983 989/833/982 1045/808/957
f 1083/835/984 1089/830/979 1085/836/985 1323/837/986
f 1046/838/987 1048/804/953 1321/839/988 1076/840/989
f 988/834/983 1045/808/957 1043/796/945 986/795/944
f 1045/808/957 1038/815/964 1036/814/963 1043/796/945
f 1326/841/990 1049/842/991 1351/843/992 1352/844/990
f 1351/843/992 1049/842/991 1029/781/931 1030/784/934
f 1029/781/931 1049/842/991 1050/507/684 1031/441/620
f 1318/845/993 1051/846/994 1052/510/687 1309/509/686
f 1051/846/994 1080/847/995 1079/512/684 1052/510/687
f 1053/848/996 1055/849/997 1056/516/692 1054/515/691
f 1051/846/994 1318/850/993 1082/851/998 1080/847/995
f 1354/852/999 971/853/1000 969/822/971 1033/805/954
f 1081/854/1001 1083/835/984 1055/855/997 1053/848/996
f 1074/856/1002 1042/857/1003 1084/858/1004 1324/859/1005
f 993/860/702 1064/861/1006 1067/862/1007 1017/863/684
f 1081/854/1001 1053/848/996 1054/515/691 1078/532/684
f 1356/864/1008 1057/865/1009 1319/866/1010
f 1324/859/1005 1084/858/1004 1088/827/976 1082/851/998
f 1055/849/997 1061/867/1011 1056/516/692
f 1058/868/1012 1061/867/1011 1071/869/1013 1060/870/1014
f 1061/867/1011 1055/849/997 1062/871/1015 1071/869/1013
f 1066/872/1016 1069/873/1017 1068/874/1018 1063/875/1019
f 1047/807/956 1035/832/981 1038/815/964 1045/808/957
f 1015/876/1020 1016/877/1021 1066/872/1016 1063/875/1019
f 1063/875/1019 1068/874/1018 1065/878/1022 1057/865/1009
f 1319/866/1010 1057/865/1009 1065/878/1022 1320/879/1023
f 1070/880/1024 1112/881/1025 1113/882/1026 1293/883/1027
f 1297/884/1028 1210/885/1029 1213/886/1030 1303/887/1031
f 1056/516/692 1061/867/1011 1058/868/1012 1059/557/729
f 1058/868/1012 1060/870/1014 1072/558/730 1059/557/729
f 1322/888/1032 1075/889/1033 1042/857/1003 1074/856/1002
f 1084/858/1004 1086/890/1034 1090/891/977 1088/827/976
f 1078/532/684 1079/512/684 1080/847/995 1081/854/1001
f 1081/854/1001 1089/830/979 1083/835/984
f 1089/830/979 1081/854/1001 1088/827/976
f 1039/800/949 1041/817/966 1037/819/968
f 1040/811/960 1041/817/966 1039/800/949
f 1085/836/985 1084/892/1004 1042/893/1003 1075/894/1033
f 1037/819/968 1041/817/966 1044/803/952 1034/802/951
f 1041/817/966 1073/816/965 1321/839/988
f 1033/805/954 1048/804/953 1046/838/987 1354/852/999
f 1041/817/966 1321/839/988 1048/804/953 1044/803/952
f 970/792/941 1353/895/1035 1032/790/939
f 1085/836/985 1087/896/1036 1086/897/1034 1084/892/1004
f 1323/837/986 1085/836/985 1075/894/1033 1322/898/1032
f 1080/847/995 1082/851/998 1088/827/976
f 1089/830/979 1091/899/978 1087/900/1036 1085/836/985
f 1030/784/934 1028/783/933 1032/790/939 1351/843/992
f 1087/901/1036 1093/902/1037 1099/903/1038 1092/904/1039 1086/905/1034
f 1091/829/978 1095/906/1040 1097/907/1041 1093/902/1037 1087/901/1036
f 1090/828/977 1094/908/1042 1098/909/1043 1095/906/1040 1091/829/978
f 1086/905/1034 1092/904/1039 1096/910/1044 1094/908/1042 1090/828/977
f 1337/911/1045 1105/912/1046 1101/913/1047 1338/914/1048
f 1341/915/1049 1100/916/1050 1104/917/1051 1335/918/1052
f 1340/919/1053 1107/920/1054 1100/916/1050 1341/915/1049
f 1339/921/1055 1106/922/1056 1103/923/1057 1342/924/1058
f 1335/918/1052 1104/917/1051 1102/925/1059 1336/926/1060
f 1336/926/1060 1102/925/1059 1106/927/1056 1339/928/1055
f 1342/924/1058 1103/923/1057 1105/912/1046 1337/911/1045
f 1338/914/1048 1101/913/1047 1107/920/1054 1340/919/1053
f 1117/929/1061 1067/862/1007 1129/930/1062 1133/931/1063
f 1111/603/763 1130/606/766 1128/932/1064 1275/933/1065
f 1132/934/1066 1128/932/1064 1130/606/766 1131/608/768
f 1294/935/1067 1126/936/1068 1125/937/1069 1304/938/1070
f 1293/883/1027 1113/882/1026 1114/939/1071 1295/940/1072
f 1301/941/1073 1115/942/1074 1112/881/1025 1070/880/1024
f 1295/940/1072 1114/939/1071 1115/942/1074 1301/941/1073
f 1112/881/1025 1115/942/1074 1114/939/1071 1113/882/1026
f 1134/943/1075 1194/944/1076 1191/945/1077 1257/946/1078
f 1121/947/1079 1122/948/1080 1124/949/1081 1119/950/1082
f 1116/951/1083 1186/952/1084 1184/953/1085 1108/954/1086
f 1126/936/1068 1124/949/1081 1122/948/1080 1125/937/1069
f 1066/872/1016 1117/929/1061 1307/955/1087 1069/873/1017
f 1119/950/1082 1124/949/1081 1126/936/1068 1294/935/1067
f 1305/956/1088 1123/957/1089 1122/948/1080 1121/947/1079
f 1125/937/1069 1122/948/1080 1123/957/1089 1127/958/1090
f 1304/938/1070 1125/937/1069 1127/958/1090 1298/959/1091
f 1120/960/1092 1209/961/1093 1206/962/1094 1299/963/1095
f 1298/959/1091 1127/958/1090 1123/957/1089 1305/956/1088
f 1133/931/1063 1129/930/1062 1128/932/1064 1132/934/1066
f 1135/964/1096 1195/965/1097 1194/944/1076 1134/943/1075
f 1275/933/1065 1128/932/1064 1129/930/1062 1110/966/1098
f 1120/960/1092 1132/934/1066 1131/608/768 1118/641/801
f 1306/967/1099 1133/931/1063 1132/934/1066 1120/960/1092
f 1307/955/1087 1117/929/1061 1133/931/1063 1306/967/1099
f 1110/966/1098 1129/930/1062 1067/862/1007 1109/968/1100
f 1017/863/684 1067/862/1007 1117/929/1061
f 1017/863/684 1117/929/1061 1066/872/1016 1016/877/1021
f 1067/862/1007 1064/861/1006 1260/969/1101 1109/968/1100
f 1216/970/1102 1182/971/1103 1179/972/1104 1171/973/1105
f 1182/971/1103 1163/974/1106 1173/975/1107 1179/972/1104
f 1141/976/1108 1142/977/1109 1136/978/1110 1137/979/1111
f 1142/977/1109 1140/656/816 1138/655/815 1136/978/1110
f 1022/980/684 1139/981/684 1142/977/1109 1141/976/1108
f 1139/981/684 1025/659/684 1140/656/816 1142/977/1109
f 1235/660/817 1196/663/820 1144/982/1112 1243/983/1113
f 1153/984/1114 1198/985/1115 1199/666/823 1154/665/822
f 1248/986/1116 1201/987/1117 1200/988/1118 1247/989/1119
f 1200/988/1118 1201/987/1117 1197/990/1120 1146/991/1121
f 1198/985/1115 1144/982/1112 1196/663/820 1199/666/823
f 1143/992/1122 1006/993/1123 1007/994/1124
f 1215/995/1125 1181/996/1126 1182/971/1103 1216/970/1102
f 1010/997/1127 1011/998/1127 1008/999/1128 1143/992/1122 1007/994/1124 1009/1000/1127
f 1162/1001/1129 1246/1002/1130 1239/685/840 1150/684/839
f 1152/1003/1131 1155/1004/1132 1246/1002/1130 1162/1001/1129
f 1276/1005/1133 1161/1006/1134 1156/691/846 1149/690/845
f 1148/1007/1135 1151/1008/1136 1161/1006/1134 1276/1005/1133
f 1151/1008/1136 1152/1003/1131 1162/1001/1129 1161/1006/1134
f 1161/1006/1134 1162/1001/1129 1150/684/839 1156/691/846
f 1151/1008/1136 1159/1009/1137 1158/1010/1138 1152/1003/1131
f 1152/1003/1131 1158/1010/1138 1157/1011/1139 1155/1004/1132
f 1148/1007/1135 1160/1012/1140 1159/1009/1137 1151/1008/1136
f 1137/979/1111 1145/1013/1141 1143/992/1122 1141/976/1108
f 1247/989/1119 1200/988/1118 1198/985/1115 1153/984/1114
f 1181/996/1126 1164/1014/1142 1163/974/1106 1182/971/1103
f 1175/1015/1143 1006/993/1123 1143/992/1122 1158/1010/1138
f 1004/1016/1144 1175/1015/1143 1158/1010/1138 1159/1009/1137
f 1179/972/1104 1173/975/1107 1176/1017/1145 1180/1018/1146
f 1180/1018/1146 1176/1017/1145 1165/1019/1147 1177/1020/1148
f 1171/973/1105 1179/972/1104 1180/1018/1146 1168/1021/1149
f 1002/1022/1150 1167/1023/1151 1169/1024/1152 1001/1025/1153
f 1018/1026/1154 1172/1027/1155 1019/1028/1156
f 998/1029/1157 1020/1030/1158 1166/1031/1159 1172/1027/1155
f 1217/1032/1160 1205/1033/1161 1202/1034/1162 1267/1035/1163
f 1027/1036/1164 1170/1037/1165 996/1038/1166
f 998/1029/1157 1172/1027/1155 997/1039/1167
f 999/1040/881 1166/1031/1159 1020/1030/1158
f 1003/1041/882 1167/1023/1151 1002/1022/1150
f 1177/1020/1148 1165/1019/1147 1178/1042/1168 1183/1043/1169
f 1019/1028/1156 1172/1027/1155 1170/1037/1165 1027/1036/1164
f 996/1038/1166 1170/1037/1165 1174/1044/1170 995/1045/1171
f 1221/1046/1172 1222/1047/1173 1004/1016/1144 1159/1009/1137
f 999/1040/881 1005/1048/1174 1166/1031/1159
f 995/1045/1171 1174/1044/1170 1223/1049/890
f 993/860/702 994/1050/892 1224/1051/1175 1064/861/1006
f 997/1039/1167 1172/1027/1155 1018/1026/1154
f 1141/976/1108 1143/992/1122 1021/1052/684 1012/1053/684 1022/980/684
f 1108/954/1086 1184/953/1085 1185/741/894 1271/740/893
f 1244/1054/1176 1146/991/1121 1197/990/1120 1245/1055/1177
f 1259/1056/1178 1270/1057/1178 1266/1058/1178
f 1220/1059/1179 1148/1007/1135 1276/1005/1133
f 1168/1021/1149 1180/1018/1146 1177/1020/1148 1219/1060/1180
f 1219/1060/1180 1177/1020/1148 1183/1043/1169 1218/1061/1181
f 1178/1042/1168 1165/1019/1147 1163/974/1106 1164/1014/1142
f 1173/975/1107 1163/974/1106 1165/1019/1147 1176/1017/1145
f 1178/1042/1168 1164/1014/1142 1172/1027/1155 1166/1031/1159
f 1224/1051/1175 1260/969/1101 1064/861/1006
f 1183/1043/1169 1178/1042/1168 1166/1031/1159 1169/1024/1152
f 1170/1037/1165 1172/1027/1155 1164/1014/1142 1181/996/1126
f 1159/1009/1137 1160/1012/1140 1221/1046/1172
f 1169/1024/1152 1167/1023/1151 1218/1061/1181 1183/1043/1169
f 1000/1062/1182 1169/1024/1152 1166/1031/1159 1005/1048/1174
f 1001/1025/1153 1169/1024/1152 1000/1062/1182
f 1181/996/1126 1215/995/1125 1174/1044/1170 1170/1037/1165
f 992/1063/1183 1047/807/956 991/806/955
f 1355/1064/1184 1356/864/1008 1319/866/1010 1325/1065/1184
f 1015/876/1020 1063/875/1019 1357/1066/1185 1358/1067/1186
f 1057/865/1009 1356/864/1008 1357/1066/1185 1063/875/1019
f 1184/953/1085 1186/952/1084 1187/756/906 1185/741/894
f 1186/952/1084 1188/1068/1187 1189/757/907 1187/756/906
f 1147/1069/1188 1188/1068/1187 1186/952/1084 1116/951/1083
f 1273/760/910 1189/757/907 1188/1068/1187 1147/1069/1188
f 1191/945/1077 1194/944/1076 1195/965/1097 1192/1070/1189
f 1192/1070/1189 1195/965/1097 1193/1071/1190 1190/1072/1191
f 1255/1073/1192 1190/1072/1191 1193/1071/1190 1256/1074/1193
f 1258/1075/1194 1192/1070/1189 1190/1072/1191 1255/1073/1192
f 1256/1074/1193 1193/1071/1190 1195/965/1097 1135/964/1096
f 1257/946/1078 1191/945/1077 1192/1070/1189 1258/1075/1194
f 1200/988/1118 1146/991/1121 1144/982/1112 1198/985/1115
f 1143/992/1122 1145/1013/1141 1157/1011/1139 1158/1010/1138
f 1243/983/1113 1144/982/1112 1146/991/1121 1244/1054/1176
f 1143/992/1122 1008/999/1128 1021/1052/684
f 1245/1055/1177 1197/990/1120 1201/987/1117 1248/986/1116
f 1205/1033/1161 1204/1076/1195 1203/1077/1196 1202/1034/1162
f 1267/1035/1163 1202/1034/1162 1203/1077/1196 1268/1078/1197
f 1269/1079/1198 1204/1076/1195 1205/1033/1161 1217/1032/1160
f 1268/1078/1197 1203/1077/1196 1204/1076/1195 1269/1079/1198
f 1206/962/1094 1209/961/1093 1208/772/922 1207/771/921
f 1118/641/801 1208/772/922 1209/961/1093 1120/960/1092
f 1299/963/1095 1206/962/1094 1207/771/921 1289/773/923
f 1210/885/1029 1214/1080/1199 1211/1081/1200 1212/1082/1201 1213/886/1030
f 1303/887/1031 1213/886/1030 1212/1082/1201 1302/1083/1202
f 1296/1084/1203 1214/1080/1199 1210/885/1029 1297/884/1028
f 1302/1083/1202 1212/1082/1201 1211/1081/1200 1300/1085/1204
f 1300/1085/1204 1211/1081/1200 1214/1080/1199 1296/1084/1203
f 542/1086/421 521/1087/1205 546/1088/1206 543/1089/428
f 546/1088/1206 521/1087/1205 545/1090/1207 544/1091/1208
f 540/1092/425 544/1091/1208 545/1090/1207 541/1093/420
f 541/1094/420 545/1090/1207 521/1087/1205 542/1095/421
f 523/1096/1209 513/1097/1210 505/1098/1211 502/1099/1212 524/1100/1213
f 505/1101/1211 506/1102/1214 503/1103/1215 526/1104/1215
f 506/1102/1214 514/1105/1216 504/212/404 525/211/403 527/1103/1217
f 525/1106/403 524/1107/1213 502/1104/1212 527/1103/1217
f 524/1100/1213 525/211/403 507/214/406 508/1108/1218
f 523/1096/1209 524/1100/1213 508/1108/1218 510/1109/1219
f 506/1102/1214 505/1101/1211 513/1110/1210 514/1105/1216
f 1081/854/1001 1080/847/995 1088/827/976
f 847/522/697 855/490/668 854/489/667
f 1413/1111/1220 1403/1112/1221 1433/1113/1222 1412/1114/1223
f 1361/1115/1224 1360/1116/1225 1370/1117/1226 1371/1118/1227
f 1360/1116/1225 1359/1119/1228 1369/1120/1229 1370/1117/1226
f 1359/1119/1228 1368/1121/1230 1378/1122/1231 1369/1120/1229
f 1368/1121/1230 1367/1123/1232 1377/1124/1233 1378/1122/1231
f 1367/1123/1232 1366/1125/1234 1376/1126/1235 1377/1124/1233
f 1366/1125/1234 1365/1127/1236 1375/1128/1223 1376/1126/1235
f 1365/1127/1236 1364/1129/1237 1374/1130/1220 1375/1128/1223
f 1364/1129/1237 1363/1131/1238 1373/1132/1239 1374/1130/1220
f 1363/1131/1238 1362/1133/1240 1372/1134/1241 1373/1132/1239
f 1362/1133/1240 1361/1115/1224 1371/1118/1227 1372/1134/1241
f 1382/1135/1242 1372/1134/1241 1371/1118/1227 1381/1136/1243
f 1380/1137/1244 1381/1136/1243 1371/1118/1227 1370/1117/1226
f 1379/1138/1245 1380/1137/1244 1370/1117/1226 1369/1120/1229
f 1388/1139/1246 1379/1138/1245 1369/1120/1229 1378/1122/1231
f 1387/1140/1247 1388/1139/1246 1378/1122/1231 1377/1124/1233
f 1377/1124/1233 1376/1126/1235 1386/1141/1248 1387/1140/1247
f 1376/1126/1235 1375/1128/1223 1385/1142/1222 1386/1141/1248
f 1375/1128/1223 1374/1130/1220 1384/1143/1221 1385/1142/1222
f 1374/1130/1220 1373/1132/1239 1383/1144/1249 1384/1143/1221
f 1373/1132/1239 1372/1134/1241 1382/1135/1242 1383/1144/1249
f 1424/1145/1238 1414/1146/1239 1413/1111/1220 1423/1147/1237
f 1414/1146/1239 1404/1148/1249 1403/1112/1221 1413/1111/1220
f 1435/1148/1250 1394/1149/1251 1393/1150/1252 1434/1112/1253
f 1425/1151/1240 1415/1152/1241 1414/1146/1239 1424/1145/1238
f 1425/1151/1240 1426/1153/1224 1416/1154/1227 1415/1152/1241
f 1426/1153/1224 1427/1155/1225 1417/1156/1226 1416/1154/1227
f 1427/1155/1225 1428/1157/1228 1418/1158/1229 1417/1156/1226
f 1428/1157/1228 1419/1159/1230 1409/1160/1231 1418/1158/1229
f 1419/1159/1230 1420/1161/1232 1410/1162/1233 1409/1160/1231
f 1420/1161/1232 1421/1163/1234 1411/1164/1235 1410/1162/1233
f 1421/1163/1234 1422/1165/1236 1412/1114/1223 1411/1164/1235
f 1422/1165/1236 1423/1147/1237 1413/1111/1220 1412/1114/1223
f 1395/1166/1254 1394/1149/1251 1435/1148/1250 1405/1167/1255
f 1396/1168/1256 1395/1166/1254 1405/1167/1255 1406/1169/1257
f 1397/1170/1258 1396/1168/1256 1406/1169/1257 1407/1171/1259
f 1398/1172/1260 1397/1170/1258 1407/1171/1259 1408/1173/1261
f 1408/1173/1261 1399/1174/1262 1389/1175/1263 1398/1172/1260
f 1390/1176/1264 1389/1175/1263 1399/1174/1262 1400/1177/1265
f 1391/1178/1266 1390/1176/1264 1400/1177/1265 1401/1179/1267
f 1392/1180/1268 1391/1178/1266 1401/1179/1267 1402/1113/1269
f 1393/1150/1252 1392/1180/1268 1402/1113/1269 1434/1112/1253
f 1436/1167/1242 1404/1148/1249 1414/1146/1239 1415/1152/1241
f 1415/1152/1241 1416/1154/1227 1437/1169/1270 1436/1167/1242
f 1416/1154/1227 1417/1156/1226 1438/1171/1244 1437/1169/1270
f 1430/1173/1245 1438/1171/1244 1417/1156/1226 1418/1158/1229
f 1429/1174/1246 1430/1173/1245 1418/1158/1229 1409/1160/1231
f 1431/1177/1247 1429/1174/1246 1409/1160/1231 1410/1162/1233
f 1432/1179/1248 1431/1177/1247 1410/1162/1233 1411/1164/1235
f 1411/1164/1235 1412/1114/1223 1433/1113/1222 1432/1179/1248
f 1397/1170/1258 1398/1172/1260 1392/1180/1268 1393/1150/1252
f 1393/1150/1252 1394/1149/1251 1395/1166/1254
f 1391/1178/1266 1392/1180/1268 1390/1176/1264
f 1395/1166/1254 1396/1168/1256 1397/1170/1258
f 1393/1150/1252 1395/1166/1254 1397/1170/1258
f 1390/1176/1264 1398/1172/1260 1389/1175/1263
f 1392/1180/1268 1398/1172/1260 1390/1176/1264
f 1469/1181/1271 1470/1182/1272 1485/1183/1273 1494/1184/1274
f 1461/1185/1275 1462/1186/1276 1471/1187/1277 1470/1188/1272
f 1478/1189/1278 1474/1190/1279 1443/1191/1280 1448/1192/1281
f 1471/1187/1277 1465/1193/1282 1486/1194/1283 1493/1195/1284
f 1483/1196/1285 1486/1194/1283 1465/1193/1282 1466/1197/1286
f 1472/1198/1287 1484/1199/1288 1467/1200/1289 1464/1201/1290
f 1466/1197/1286 1456/1202/1291 1457/1203/1292 1467/1200/1289
f 1455/1204/1293 1451/1205/1294 1459/1206/1295 1458/1207/1296
f 1446/1208/1297 1445/1209/1298 1439/1210/1299 1440/1211/1300
f 1465/1193/1282 1463/1212/1301 1456/1202/1291 1466/1197/1286
f 1447/1213/1302 1477/1214/1303 1478/1189/1278 1448/1192/1281
f 1471/1187/1277 1493/1195/1284 1485/1215/1273 1470/1188/1272
f 1459/1206/1295 1468/1216/1304 1464/1201/1290 1458/1207/1296
f 1444/1217/1305 1450/1218/1306 1449/1219/1307 1443/1191/1280
f 1484/1199/1288 1483/1196/1285 1466/1197/1286 1467/1200/1289
f 1452/1220/1308 1463/1212/1301 1462/1186/1276 1447/1213/1302
f 1460/1221/1309 1445/1209/1298 1446/1208/1297 1461/1222/1275
f 1457/1203/1292 1454/1223/1310 1455/1204/1293 1458/1207/1296
f 1471/1187/1277 1462/1186/1276 1463/1212/1301 1465/1193/1282
f 1450/1218/1306 1454/1223/1310 1453/1224/1311 1449/1219/1307
f 1459/1206/1295 1451/1205/1294 1445/1209/1298 1460/1221/1309
f 1440/1225/1300 1477/1214/1303 1447/1213/1302 1446/1226/1297
f 1443/1191/1280 1449/1219/1307 1452/1220/1308 1448/1192/1281
f 1481/1227/1312 1451/1205/1294 1455/1204/1293
f 1453/1224/1311 1456/1202/1291 1463/1212/1301 1452/1220/1308
f 1473/1228/1313 1472/1198/1287 1464/1201/1290 1468/1216/1304
f 1480/1229/1314 1444/1217/1305 1475/1230/1315 1482/1231/1316
f 1479/1232/1317 1445/1209/1298 1451/1205/1294
f 1460/1221/1309 1469/1181/1271 1468/1216/1304 1459/1206/1295
f 1479/1232/1317 1480/1229/1314 1482/1231/1316 1476/1233/1318
f 1452/1220/1308 1449/1219/1307 1453/1224/1311
f 1454/1223/1310 1450/1218/1306 1481/1227/1312 1455/1204/1293
f 1445/1209/1298 1479/1232/1317 1476/1233/1318 1439/1210/1299
f 1450/1218/1306 1444/1217/1305 1480/1229/1314 1481/1227/1312
f 1475/1230/1315 1444/1217/1305 1443/1191/1280 1474/1190/1279
f 1481/1227/1312 1480/1229/1314 1479/1232/1317 1451/1205/1294
f 1454/1223/1310 1457/1203/1292 1456/1202/1291 1453/1224/1311
f 1458/1207/1296 1464/1201/1290 1467/1200/1289 1457/1203/1292
f 1447/1213/1302 1462/1186/1276 1461/1185/1275 1446/1226/1297
f 1447/1213/1302 1448/1192/1281 1452/1220/1308
f 1477/1214/1303 1489/1234/1319 1490/1235/1320
f 1482/1231/1316 1441/1236/1321 1487/1237/1322
f 1441/1236/1321 1475/1230/1315 1491/1238/1323
f 1439/1210/1299 1488/1239/1324 1492/1240/1325
f 1442/1241/1326 1478/1189/1278 1490/1235/1320
f 1476/1233/1318 1487/1237/1322 1488/1239/1324
f 1442/1241/1326 1474/1190/1279 1478/1189/1278
f 1509/1242/1327 1505/1243/1328 1514/1244/1329
f 1501/1245/1330 1507/1246/1331 1510/1247/1332 1503/1248/1333
f 1528/1249/1334 1519/1250/1335 1515/1251/1336 1527/1252/1337
f 1496/1253/1338 1498/1254/1339 1499/1255/1340 1495/1256/1341
f 1495/1256/1341 1497/1257/1342 1496/1253/1338
f 1502/1258/1343 1504/1259/1344 1503/1248/1333
f 1509/1242/1327 1511/1260/1345 1510/1247/1332
f 1512/1261/1346 1514/1244/1329 1513/1262/1347
f 1504/1259/1344 1500/1263/1348 1501/1245/1330 1503/1248/1333
f 1508/1264/1349 1509/1242/1327 1510/1247/1332 1507/1246/1331
f 1506/1265/1350 1513/1262/1347 1514/1244/1329 1505/1243/1328
f 1509/1242/1327 1514/1244/1329 1512/1261/1346 1511/1260/1345
f 1495/1256/1341 1504/1259/1344 1502/1258/1343 1497/1257/1342
f 1511/1260/1345 1502/1258/1343 1503/1248/1333 1510/1247/1332
f 1497/1257/1342 1512/1261/1346 1513/1262/1347 1496/1253/1338
f 1506/1265/1350 1498/1254/1339 1496/1253/1338 1513/1262/1347
f 1531/1266/1351 1530/1267/1352 1525/1268/1353 1532/1269/1354
f 1515/1251/1336 1529/1270/1355 1516/1271/1356 1527/1252/1337
f 1525/1268/1353 1529/1270/1355 1515/1251/1336
f 1519/1250/1335 1528/1249/1334 1520/1272/1357 1526/1273/1358
f 1524/1274/1359 1517/1275/1360 1518/1276/1361 1523/1277/1362
f 1526/1273/1358 1517/1275/1360 1519/1250/1335
f 1518/1276/1361 1522/1278/1363 1521/1279/1364 1523/1277/1362
f 1521/1279/1364 1522/1278/1363 1531/1266/1351 1532/1269/1354
f 1531/1266/1351 1522/1278/1363 1530/1267/1352
f 1523/1277/1362 1521/1279/1364 1524/1274/1359
f 1515/1251/1336 1519/1250/1335 1525/1268/1353
f 1529/1270/1355 1526/1273/1358 1520/1272/1357 1516/1271/1356
f 1529/1270/1355 1517/1275/1360 1526/1273/1358
f 1596/1135/1255 1536/1280/1254 1537/1281/1251 1597/1144/1250
f 1537/1281/1251 1538/1282/1252 1598/1143/1253 1597/1144/1250
f 1599/1142/1269 1598/1143/1253 1538/1282/1252 1539/1283/1268
f 1600/1141/1267 1599/1142/1269 1539/1283/1268 1540/1284/1266
f 1601/1140/1265 1600/1141/1267 1540/1284/1266 1541/1285/1264
f 1602/1139/1262 1601/1140/1265 1541/1285/1264 1542/1286/1263
f 1542/1286/1263 1533/1287/1260 1593/1138/1261 1602/1139/1262
f 1594/1137/1259 1593/1138/1261 1533/1287/1260 1534/1288/1258
f 1595/1136/1257 1594/1137/1259 1534/1288/1258 1535/1289/1256
f 1596/1135/1255 1595/1136/1257 1535/1289/1256 1536/1280/1254
f 1539/1283/1268 1538/1282/1252 1534/1288/1258 1533/1287/1260
f 1538/1282/1252 1537/1281/1251 1536/1280/1254
f 1565/1290/1365 1563/1291/1366 1548/1292/1367 1549/1293/1368
f 1548/1292/1367 1563/1291/1366 1561/1294/1369 1547/1295/1370
f 1547/1295/1370 1561/1294/1369 1559/1296/1371 1546/1297/1372
f 1546/1297/1372 1559/1296/1371 1557/1298/1373 1545/1299/1374
f 1543/1300/1375 1553/1301/1376 1572/1302/1377 1552/1303/1378
f 1545/1299/1374 1557/1298/1373 1555/1304/1379 1544/1305/1380
f 1552/1303/1378 1572/1302/1377 1569/1306/1381 1551/1307/1382
f 1551/1307/1382 1569/1306/1381 1567/1308/1383 1550/1309/1384
f 1544/1305/1380 1555/1304/1379 1553/1301/1376 1543/1300/1375
f 1568/1310/1385 1567/1308/1383 1569/1306/1381 1570/1311/1386
f 1556/1312/1387 1554/1313/1388 1553/1301/1376 1555/1304/1379
f 1558/1314/1389 1556/1312/1387 1555/1304/1379 1557/1298/1373
f 1560/1315/1390 1558/1314/1389 1557/1298/1373 1559/1296/1371
f 1562/1316/1391 1560/1315/1390 1559/1296/1371 1561/1294/1369
f 1564/1317/1392 1562/1316/1391 1561/1294/1369 1563/1291/1366
f 1566/1318/1393 1564/1317/1392 1563/1291/1366 1565/1290/1365
f 1568/1310/1385 1566/1318/1393 1565/1290/1365 1567/1308/1383
f 1584/1319/1394 1591/1320/1395 1589/1321/1396 1586/1322/1397
f 1569/1306/1381 1572/1302/1377 1571/1323/1398 1570/1311/1386
f 1566/1318/1393 1570/1311/1386 1558/1314/1389 1562/1316/1391
f 1556/1312/1387 1558/1314/1389 1554/1313/1388
f 1575/1324/1399 1573/1325/1400 1585/1326/1401 1583/1327/1402
f 1578/1328/1403 1581/1329/1404 1574/1330/1405 1577/1331/1406
f 1588/1332/1407 1592/1333/1408 1580/1334/1409 1579/1335/1410
f 1589/1336/1396 1591/1320/1395 1592/1333/1408 1588/1332/1407
f 1573/1325/1400 1575/1324/1399 1574/1330/1405
f 1580/1334/1409 1582/1337/1411 1581/1329/1404
f 1583/1327/1402 1585/1326/1401 1584/1319/1394
f 1590/1338/1412 1592/1333/1408 1591/1320/1395
f 1579/1335/1410 1580/1334/1409 1581/1329/1404 1578/1339/1403
f 1580/1334/1409 1592/1333/1408 1590/1338/1412 1582/1337/1411
f 1584/1319/1394 1586/1340/1397 1587/1341/1413 1583/1327/1402
f 1575/1324/1399 1576/1342/1414 1577/1343/1406 1574/1330/1405
f 1582/1337/1411 1573/1325/1400 1574/1330/1405 1581/1329/1404
f 1591/1320/1395 1584/1319/1394 1585/1326/1401 1590/1338/1412
f 1575/1324/1399 1583/1327/1402 1587/1341/1413 1576/1342/1414
f 1461/1222/1275 1470/1182/1272 1469/1181/1271 1460/1221/1309
f 1512/1261/1346 1497/1257/1342 1502/1258/1343 1511/1260/1345
f 1504/1259/1344 1495/1256/1341 1499/1255/1340 1500/1263/1348
f 1530/1267/1352 1529/1270/1355 1525/1268/1353
f 1519/1250/1335 1517/1275/1360 1524/1274/1359
f 1518/1276/1361 1517/1275/1360 1522/1278/1363
f 1522/1278/1363 1517/1275/1360 1530/1267/1352
f 1521/1279/1364 1525/1268/1353 1524/1274/1359
f 1532/1269/1354 1525/1268/1353 1521/1279/1364
f 1525/1268/1353 1519/1250/1335 1524/1274/1359
f 1530/1267/1352 1517/1275/1360 1529/1270/1355
f 1541/1285/1264 1540/1284/1266 1539/1283/1268
f 1536/1280/1254 1535/1289/1256 1534/1288/1258
f 1538/1282/1252 1536/1280/1254 1534/1288/1258
f 1542/1286/1263 1541/1285/1264 1533/1287/1260
f 1541/1285/1264 1539/1283/1268 1533/1287/1260
f 1550/1309/1384 1567/1308/1383 1565/1290/1365 1549/1293/1368
f 1572/1302/1377 1553/1301/1376 1554/1313/1388 1571/1323/1398
f 1566/1318/1393 1568/1310/1385 1570/1311/1386
f 1554/1313/1388 1570/1311/1386 1571/1323/1398
f 1558/1314/1389 1570/1311/1386 1554/1313/1388
f 1560/1315/1390 1562/1316/1391 1558/1314/1389
f 1566/1318/1393 1562/1316/1391 1564/1317/1392
f 1473/1228/1313 1468/1216/1304 1469/1181/1271 1494/1184/1274
f 1440/1211/1300 1492/1240/1325 1489/1344/1319
f 1439/1210/1299 1492/1240/1325 1440/1211/1300
f 1440/1225/1300 1489/1234/1319 1477/1214/1303
f 1475/1230/1315 1441/1236/1321 1482/1231/1316
f 1491/1238/1323 1475/1230/1315 1474/1190/1279
f 1476/1233/1318 1488/1239/1324 1439/1210/1299
f 1490/1235/1320 1478/1189/1278 1477/1214/1303
f 1482/1231/1316 1487/1237/1322 1476/1233/1318
f 1491/1238/1323 1474/1190/1279 1442/1241/1326
f 1508/1264/1349 1505/1243/1328 1509/1242/1327
f 1606/1345/1415 1605/1346/1416 1610/1347/1417
f 1606/1345/1415 1608/1348/1418 1604/1349/1419
f 1609/1350/1420 1604/1349/1419 1608/1348/1418
f 1605/1346/1416 1604/1349/1419 1607/1351/1421
f 1607/1351/1421 1604/1349/1419 1609/1350/1420
f 1606/1345/1415 1604/1349/1419 1605/1346/1416
f 1610/1347/1417 1608/1348/1418 1606/1345/1415
f 1605/1346/1416 1609/1350/1420 1603/1352/1422
f 1607/1351/1421 1609/1350/1420 1605/1346/1416
f 1610/1347/1417 1605/1346/1416 1603/1352/1422
f 1611/1353/1423 1620/1354/1424 1621/1355/1425 1612/1356/1426
f 1651/1357/1427 1653/1358/1428 1652/1359/1429
f 1631/1360/1430 1620/1354/1424 1611/1353/1423 1619/1361/1431
f 1619/1361/1431 1618/1362/1432 1630/1363/1433 1631/1360/1430
f 1618/1362/1432 1617/1364/1434 1629/1365/1435 1630/1363/1433
f 1617/1364/1434 1632/1366/1436 1628/1367/1437 1629/1365/1435
f 1632/1366/1436 1633/1368/1438 1627/1369/1439 1628/1367/1437
f 1633/1368/1438 1614/1370/1440 1626/1371/1441 1627/1369/1439
f 1614/1370/1440 1615/1372/1442 1625/1373/1443 1626/1371/1441
f 1624/1374/1444 1625/1373/1443 1615/1372/1442 1634/1375/1445
f 1623/1376/1446 1624/1374/1444 1634/1375/1445 1613/1377/1447
f 1622/1378/1448 1623/1376/1446 1613/1377/1447 1616/1379/1449
f 1621/1355/1425 1622/1378/1448 1616/1379/1449 1612/1356/1426
f 1635/1380/1450 1620/1354/1424 1636/1381/1451
f 1620/1354/1424 1631/1360/1430 1636/1381/1451
f 1645/1382/1452 1631/1360/1430 1630/1363/1433
f 1644/1383/1453 1630/1363/1433 1629/1365/1435
f 1643/1384/1454 1629/1365/1435 1628/1367/1437
f 1642/1385/1455 1628/1367/1437 1627/1369/1439
f 1641/1386/1456 1627/1369/1439 1626/1371/1441
f 1640/1387/1457 1626/1371/1441 1625/1373/1443
f 1625/1373/1443 1624/1374/1444 1640/1387/1457
f 1624/1374/1444 1623/1376/1446 1639/1388/1458
f 1623/1376/1446 1622/1378/1448 1638/1389/1459
f 1622/1378/1448 1621/1355/1425 1637/1390/1460
f 1648/1391/1461 1660/1381/1462 1670/1392/1463 1658/1393/1464
f 1659/1380/1465 1660/1381/1462 1648/1391/1461 1647/1394/1466
f 1666/1390/1467 1659/1380/1465 1647/1394/1466 1649/1395/1468
f 1665/1389/1469 1666/1390/1467 1649/1395/1468 1650/1396/1470
f 1662/1388/1471 1665/1389/1469 1650/1396/1470 1651/1357/1427
f 1661/1387/1472 1662/1388/1471 1651/1357/1427 1652/1359/1429
f 1652/1359/1429 1653/1358/1428 1669/1386/1473 1661/1387/1472
f 1653/1358/1428 1654/1397/1474 1668/1385/1475 1669/1386/1473
f 1654/1397/1474 1655/1398/1476 1664/1384/1477 1668/1385/1475
f 1655/1398/1476 1656/1399/1478 1663/1383/1479 1664/1384/1477
f 1656/1399/1478 1657/1400/1480 1667/1382/1481 1663/1383/1479
f 1657/1400/1480 1658/1393/1464 1670/1392/1463 1667/1382/1481
f 1656/1399/1478 1655/1398/1476 1653/1358/1428 1651/1357/1427
f 1648/1391/1461 1658/1393/1464 1657/1400/1480
f 1655/1398/1476 1654/1397/1474 1653/1358/1428
f 1648/1391/1461 1657/1400/1480 1656/1399/1478 1651/1357/1427
f 1649/1395/1468 1651/1357/1427 1650/1396/1470
f 1647/1394/1466 1651/1357/1427 1649/1395/1468
f 1648/1391/1461 1651/1357/1427 1647/1394/1466
f 1621/1355/1425 1620/1354/1424 1635/1380/1450
f 1636/1381/1451 1631/1360/1430 1646/1392/1482
f 1646/1392/1482 1631/1360/1430 1645/1382/1452
f 1645/1382/1452 1630/1363/1433 1644/1383/1453
f 1644/1383/1453 1629/1365/1435 1643/1384/1454
f 1643/1384/1454 1628/1367/1437 1642/1385/1455
f 1642/1385/1455 1627/1369/1439 1641/1386/1456
f 1641/1386/1456 1626/1371/1441 1640/1387/1457
f 1640/1387/1457 1624/1374/1444 1639/1388/1458
f 1639/1388/1458 1623/1376/1446 1638/1389/1459
f 1638/1389/1459 1622/1378/1448 1637/1390/1460
f 1637/1390/1460 1621/1355/1425 1635/1380/1450
f 1701/1181/1483 1726/1184/1484 1717/1183/1485 1702/1182/1486
f 1693/1185/1487 1702/1188/1486 1703/1187/1488 1694/1186/1489
f 1710/1189/1490 1680/1192/1491 1675/1191/1492 1706/1190/1493
f 1703/1187/1488 1725/1195/1494 1718/1194/1495 1697/1193/1496
f 1715/1196/1497 1698/1197/1498 1697/1193/1496 1718/1194/1495
f 1704/1198/1499 1696/1201/1500 1699/1200/1501 1716/1199/1502
f 1698/1197/1498 1699/1200/1501 1689/1203/1503 1688/1202/1504
f 1687/1204/1505 1690/1207/1506 1691/1206/1507 1683/1205/1508
f 1678/1208/1509 1672/1211/1510 1671/1210/1511 1677/1209/1512
f 1697/1193/1496 1698/1197/1498 1688/1202/1504 1695/1212/1513
f 1679/1213/1514 1680/1192/1491 1710/1189/1490 1709/1214/1515
f 1703/1187/1488 1702/1188/1486 1717/1215/1485 1725/1195/1494
f 1691/1206/1507 1690/1207/1506 1696/1201/1500 1700/1216/1516
f 1676/1217/1517 1675/1191/1492 1681/1219/1518 1682/1218/1519
f 1716/1199/1502 1699/1200/1501 1698/1197/1498 1715/1196/1497
f 1684/1220/1520 1679/1213/1514 1694/1186/1489 1695/1212/1513
f 1692/1221/1521 1693/1222/1487 1678/1208/1509 1677/1209/1512
f 1689/1203/1503 1690/1207/1506 1687/1204/1505 1686/1223/1522
f 1703/1187/1488 1697/1193/1496 1695/1212/1513 1694/1186/1489
f 1682/1218/1519 1681/1219/1518 1685/1224/1523 1686/1223/1522
f 1691/1206/1507 1692/1221/1521 1677/1209/1512 1683/1205/1508
f 1672/1225/1510 1678/1226/1509 1679/1213/1514 1709/1214/1515
f 1675/1191/1492 1680/1192/1491 1684/1220/1520 1681/1219/1518
f 1713/1227/1524 1687/1204/1505 1683/1205/1508
f 1685/1224/1523 1684/1220/1520 1695/1212/1513 1688/1202/1504
f 1705/1228/1525 1700/1216/1516 1696/1201/1500 1704/1198/1499
f 1712/1229/1526 1714/1231/1527 1707/1230/1528 1676/1217/1517
f 1711/1232/1529 1683/1205/1508 1677/1209/1512
f 1692/1221/1521 1691/1206/1507 1700/1216/1516 1701/1181/1483
f 1711/1232/1529 1708/1233/1530 1714/1231/1527 1712/1229/1526
f 1684/1220/1520 1685/1224/1523 1681/1219/1518
f 1686/1223/1522 1687/1204/1505 1713/1227/1524 1682/1218/1519
f 1677/1209/1512 1671/1210/1511 1708/1233/1530 1711/1232/1529
f 1682/1218/1519 1713/1227/1524 1712/1229/1526 1676/1217/1517
f 1707/1230/1528 1706/1190/1493 1675/1191/1492 1676/1217/1517
f 1713/1227/1524 1683/1205/1508 1711/1232/1529 1712/1229/1526
f 1686/1223/1522 1685/1224/1523 1688/1202/1504 1689/1203/1503
f 1690/1207/1506 1689/1203/1503 1699/1200/1501 1696/1201/1500
f 1679/1213/1514 1678/1226/1509 1693/1185/1487 1694/1186/1489
f 1679/1213/1514 1684/1220/1520 1680/1192/1491
f 1709/1214/1515 1722/1235/1531 1721/1234/1532
f 1714/1231/1527 1719/1237/1533 1673/1236/1534
f 1673/1236/1534 1723/1238/1535 1707/1230/1528
f 1671/1210/1511 1724/1240/1536 1720/1239/1537
f 1674/1241/1538 1722/1235/1531 1710/1189/1490
f 1708/1233/1530 1720/1239/1537 1719/1237/1533
f 1674/1241/1538 1710/1189/1490 1706/1190/1493
f 1741/1242/1329 1746/1244/1327 1737/1243/1349
f 1733/1245/1339 1735/1248/1338 1742/1247/1347 1739/1246/1350
f 1760/1249/1539 1759/1252/1540 1747/1251/1541 1751/1250/1542
f 1728/1253/1333 1727/1256/1344 1731/1255/1348 1730/1254/1330
f 1727/1256/1344 1728/1253/1333 1729/1257/1343
f 1734/1258/1342 1735/1248/1338 1736/1259/1341
f 1741/1242/1329 1742/1247/1347 1743/1260/1346
f 1744/1261/1345 1745/1262/1332 1746/1244/1327
f 1736/1259/1341 1735/1248/1338 1733/1245/1339 1732/1263/1340
f 1740/1264/1328 1739/1246/1350 1742/1247/1347 1741/1242/1329
f 1738/1265/1331 1737/1243/1349 1746/1244/1327 1745/1262/1332
f 1741/1242/1329 1743/1260/1346 1744/1261/1345 1746/1244/1327
f 1727/1256/1344 1729/1257/1343 1734/1258/1342 1736/1259/1341
f 1743/1260/1346 1742/1247/1347 1735/1248/1338 1734/1258/1342
f 1729/1257/1343 1728/1253/1333 1745/1262/1332 1744/1261/1345
f 1738/1265/1331 1745/1262/1332 1728/1253/1333 1730/1254/1330
f 1763/1266/1543 1764/1269/1544 1757/1268/1545 1762/1267/1546
f 1747/1251/1541 1759/1252/1540 1748/1271/1547 1761/1270/1548
f 1757/1268/1545 1747/1251/1541 1761/1270/1548
f 1751/1250/1542 1758/1273/1549 1752/1272/1550 1760/1249/1539
f 1756/1274/1551 1755/1277/1552 1750/1276/1553 1749/1275/1554
f 1758/1273/1549 1751/1250/1542 1749/1275/1554
f 1750/1276/1553 1755/1277/1552 1753/1279/1555 1754/1278/1556
f 1753/1279/1555 1764/1269/1544 1763/1266/1543 1754/1278/1556
f 1839/1111/1557 1838/1114/1558 1909/1113/1559 1829/1112/1560
f 1763/1266/1543 1762/1267/1546 1754/1278/1556
f 1755/1277/1552 1756/1274/1551 1753/1279/1555
f 1747/1251/1541 1757/1268/1545 1751/1250/1542
f 1761/1270/1548 1748/1271/1547 1752/1272/1550 1758/1273/1549
f 1767/1115/1561 1777/1118/1562 1776/1117/1563 1766/1116/1564
f 1761/1270/1548 1758/1273/1549 1749/1275/1554
f 1766/1116/1564 1776/1117/1563 1775/1120/1565 1765/1119/1566
f 1765/1119/1566 1775/1120/1565 1784/1122/1567 1774/1121/1568
f 1774/1121/1568 1784/1122/1567 1783/1124/1569 1773/1123/1570
f 1773/1123/1570 1783/1124/1569 1782/1126/1571 1772/1125/1572
f 1772/1125/1572 1782/1126/1571 1781/1128/1558 1771/1127/1573
f 1771/1127/1573 1781/1128/1558 1780/1130/1557 1770/1129/1574
f 1770/1129/1574 1780/1130/1557 1779/1132/1575 1769/1131/1576
f 1769/1131/1576 1779/1132/1575 1778/1134/1577 1768/1133/1578
f 1768/1133/1578 1778/1134/1577 1777/1118/1562 1767/1115/1561
f 1788/1135/1579 1787/1136/1580 1777/1118/1562 1778/1134/1577
f 1786/1137/1581 1776/1117/1563 1777/1118/1562 1787/1136/1580
f 1785/1138/1582 1775/1120/1565 1776/1117/1563 1786/1137/1581
f 1794/1139/1583 1784/1122/1567 1775/1120/1565 1785/1138/1582
f 1793/1140/1584 1783/1124/1569 1784/1122/1567 1794/1139/1583
f 1783/1124/1569 1793/1140/1584 1792/1141/1585 1782/1126/1571
f 1782/1126/1571 1792/1141/1585 1791/1142/1559 1781/1128/1558
f 1781/1128/1558 1791/1142/1559 1790/1143/1560 1780/1130/1557
f 1780/1130/1557 1790/1143/1560 1789/1144/1586 1779/1132/1575
f 1779/1132/1575 1789/1144/1586 1788/1135/1579 1778/1134/1577
f 1898/1135/1587 1899/1144/1588 1799/1281/1589 1798/1280/1590
f 1799/1281/1589 1899/1144/1588 1900/1143/1591 1800/1282/1592
f 1901/1142/1593 1801/1283/1594 1800/1282/1592 1900/1143/1591
f 1902/1141/1595 1802/1284/1596 1801/1283/1594 1901/1142/1593
f 1903/1140/1597 1803/1285/1598 1802/1284/1596 1902/1141/1595
f 1904/1139/1599 1804/1286/1600 1803/1285/1598 1903/1140/1597
f 1804/1286/1600 1904/1139/1599 1895/1138/1601 1795/1287/1602
f 1896/1137/1603 1796/1288/1604 1795/1287/1602 1895/1138/1601
f 1897/1136/1605 1797/1289/1606 1796/1288/1604 1896/1137/1603
f 1898/1135/1587 1798/1280/1590 1797/1289/1606 1897/1136/1605
f 1801/1283/1594 1795/1287/1602 1796/1288/1604 1800/1282/1592
f 1800/1282/1592 1798/1280/1590 1799/1281/1589
f 1867/1290/1607 1811/1293/1608 1810/1292/1609 1865/1291/1610
f 1810/1292/1609 1809/1295/1611 1863/1294/1612 1865/1291/1610
f 1809/1295/1611 1808/1297/1613 1861/1296/1614 1863/1294/1612
f 1808/1297/1613 1807/1299/1615 1859/1298/1616 1861/1296/1614
f 1805/1300/1617 1814/1303/1618 1874/1302/1619 1855/1301/1620
f 1807/1299/1615 1806/1305/1621 1857/1304/1622 1859/1298/1616
f 1814/1303/1618 1813/1307/1623 1871/1306/1624 1874/1302/1619
f 1813/1307/1623 1812/1309/1625 1869/1308/1626 1871/1306/1624
f 1806/1305/1621 1805/1300/1617 1855/1301/1620 1857/1304/1622
f 1850/1145/1576 1849/1147/1574 1839/1111/1557 1840/1146/1575
f 1840/1146/1575 1839/1111/1557 1829/1112/1560 1830/1148/1586
f 1911/1148/1588 1910/1112/1591 1819/1150/1592 1820/1149/1589
f 1851/1151/1578 1850/1145/1576 1840/1146/1575 1841/1152/1577
f 1851/1151/1578 1841/1152/1577 1842/1154/1562 1852/1153/1561
f 1852/1153/1561 1842/1154/1562 1843/1156/1563 1853/1155/1564
f 1853/1155/1564 1843/1156/1563 1844/1158/1565 1854/1157/1566
f 1854/1157/1566 1844/1158/1565 1835/1160/1567 1845/1159/1568
f 1845/1159/1568 1835/1160/1567 1836/1162/1569 1846/1161/1570
f 1846/1161/1570 1836/1162/1569 1837/1164/1571 1847/1163/1572
f 1847/1163/1572 1837/1164/1571 1838/1114/1558 1848/1165/1573
f 1848/1165/1573 1838/1114/1558 1839/1111/1557 1849/1147/1574
f 1821/1166/1590 1831/1167/1587 1911/1148/1588 1820/1149/1589
f 1822/1168/1606 1832/1169/1605 1831/1167/1587 1821/1166/1590
f 1823/1170/1604 1833/1171/1603 1832/1169/1605 1822/1168/1606
f 1824/1172/1602 1834/1173/1601 1833/1171/1603 1823/1170/1604
f 1834/1173/1601 1824/1172/1602 1815/1175/1600 1825/1174/1599
f 1816/1176/1598 1826/1177/1597 1825/1174/1599 1815/1175/1600
f 1817/1178/1596 1827/1179/1595 1826/1177/1597 1816/1176/1598
f 1818/1180/1594 1828/1113/1593 1827/1179/1595 1817/1178/1596
f 1819/1150/1592 1910/1112/1591 1828/1113/1593 1818/1180/1594
f 1912/1167/1579 1841/1152/1577 1840/1146/1575 1830/1148/1586
f 1841/1152/1577 1912/1167/1579 1913/1169/1627 1842/1154/1562
f 1842/1154/1562 1913/1169/1627 1914/1171/1581 1843/1156/1563
f 1906/1173/1582 1844/1158/1565 1843/1156/1563 1914/1171/1581
f 1905/1174/1583 1835/1160/1567 1844/1158/1565 1906/1173/1582
f 1907/1177/1584 1836/1162/1569 1835/1160/1567 1905/1174/1583
f 1908/1179/1585 1837/1164/1571 1836/1162/1569 1907/1177/1584
f 1837/1164/1571 1908/1179/1585 1909/1113/1559 1838/1114/1558
f 1870/1310/1628 1872/1311/1629 1871/1306/1624 1869/1308/1626
f 1823/1170/1604 1819/1150/1592 1818/1180/1594 1824/1172/1602
f 1819/1150/1592 1821/1166/1590 1820/1149/1589
f 1858/1312/1630 1857/1304/1622 1855/1301/1620 1856/1313/1631
f 1860/1314/1632 1859/1298/1616 1857/1304/1622 1858/1312/1630
f 1862/1315/1633 1861/1296/1614 1859/1298/1616 1860/1314/1632
f 1864/1316/1634 1863/1294/1612 1861/1296/1614 1862/1315/1633
f 1866/1317/1635 1865/1291/1610 1863/1294/1612 1864/1316/1634
f 1868/1318/1636 1867/1290/1607 1865/1291/1610 1866/1317/1635
f 1870/1310/1628 1869/1308/1626 1867/1290/1607 1868/1318/1636
f 1886/1319/1395 1888/1322/1396 1891/1321/1397 1893/1320/1394
f 1871/1306/1624 1872/1311/1629 1873/1323/1637 1874/1302/1619
f 1868/1318/1636 1864/1316/1634 1860/1314/1632 1872/1311/1629
f 1858/1312/1630 1856/1313/1631 1860/1314/1632
f 1877/1324/1409 1885/1327/1408 1887/1326/1412 1875/1325/1411
f 1880/1328/1406 1879/1331/1403 1876/1330/1404 1883/1329/1405
f 1890/1332/1413 1881/1335/1414 1882/1334/1399 1894/1333/1402
f 1891/1336/1397 1890/1332/1413 1894/1333/1402 1893/1320/1394
f 1875/1325/1411 1876/1330/1404 1877/1324/1409
f 1882/1334/1399 1883/1329/1405 1884/1337/1400
f 1885/1327/1408 1886/1319/1395 1887/1326/1412
f 1892/1338/1401 1893/1320/1394 1894/1333/1402
f 1881/1335/1414 1880/1339/1406 1883/1329/1405 1882/1334/1399
f 1882/1334/1399 1884/1337/1400 1892/1338/1401 1894/1333/1402
f 1886/1319/1395 1885/1327/1408 1889/1341/1407 1888/1340/1396
f 1877/1324/1409 1876/1330/1404 1879/1343/1403 1878/1342/1410
f 1884/1337/1400 1883/1329/1405 1876/1330/1404 1875/1325/1411
f 1893/1320/1394 1892/1338/1401 1887/1326/1412 1886/1319/1395
f 1877/1324/1409 1878/1342/1410 1889/1341/1407 1885/1327/1408
f 1693/1222/1487 1692/1221/1521 1701/1181/1483 1702/1182/1486
f 1744/1261/1345 1743/1260/1346 1734/1258/1342 1729/1257/1343
f 1736/1259/1341 1732/1263/1340 1731/1255/1348 1727/1256/1344
f 1762/1267/1546 1757/1268/1545 1761/1270/1548
f 1751/1250/1542 1756/1274/1551 1749/1275/1554
f 1750/1276/1553 1754/1278/1556 1749/1275/1554
f 1754/1278/1556 1762/1267/1546 1749/1275/1554
f 1753/1279/1555 1756/1274/1551 1757/1268/1545
f 1764/1269/1544 1753/1279/1555 1757/1268/1545
f 1757/1268/1545 1756/1274/1551 1751/1250/1542
f 1762/1267/1546 1761/1270/1548 1749/1275/1554
f 1803/1285/1598 1801/1283/1594 1802/1284/1596
f 1798/1280/1590 1796/1288/1604 1797/1289/1606
f 1800/1282/1592 1796/1288/1604 1798/1280/1590
f 1804/1286/1600 1795/1287/1602 1803/1285/1598
f 1803/1285/1598 1795/1287/1602 1801/1283/1594
f 1812/1309/1625 1811/1293/1608 1867/1290/1607 1869/1308/1626
f 1817/1178/1596 1816/1176/1598 1818/1180/1594
f 1821/1166/1590 1823/1170/1604 1822/1168/1606
f 1819/1150/1592 1823/1170/1604 1821/1166/1590
f 1816/1176/1598 1815/1175/1600 1824/1172/1602
f 1818/1180/1594 1816/1176/1598 1824/1172/1602
f 1874/1302/1619 1873/1323/1637 1856/1313/1631 1855/1301/1620
f 1868/1318/1636 1872/1311/1629 1870/1310/1628
f 1856/1313/1631 1873/1323/1637 1872/1311/1629
f 1860/1314/1632 1856/1313/1631 1872/1311/1629
f 1862/1315/1633 1860/1314/1632 1864/1316/1634
f 1868/1318/1636 1866/1317/1635 1864/1316/1634
f 1705/1228/1525 1726/1184/1484 1701/1181/1483 1700/1216/1516
f 1672/1211/1510 1721/1344/1532 1724/1240/1536
f 1671/1210/1511 1672/1211/1510 1724/1240/1536
f 1672/1225/1510 1709/1214/1515 1721/1234/1532
f 1707/1230/1528 1714/1231/1527 1673/1236/1534
f 1723/1238/1535 1706/1190/1493 1707/1230/1528
f 1708/1233/1530 1671/1210/1511 1720/1239/1537
f 1722/1235/1531 1709/1214/1515 1710/1189/1490
f 1714/1231/1527 1708/1233/1530 1719/1237/1533
f 1723/1238/1535 1674/1241/1538 1706/1190/1493
f 1740/1264/1328 1741/1242/1329 1737/1243/1349
f 1945/1181/1483 1970/1184/1484 1961/1183/1638 1946/1182/1486
f 1937/1185/1487 1946/1188/1486 1947/1187/1488 1938/1186/1489
f 1954/1189/1490 1924/1192/1491 1919/1191/1492 1950/1190/1493
f 1947/1187/1488 1969/1195/1494 1962/1194/1495 1941/1193/1496
f 1959/1196/1497 1942/1197/1498 1941/1193/1496 1962/1194/1495
f 1948/1198/1499 1940/1201/1500 1943/1200/1501 1960/1199/1502
f 1942/1197/1498 1943/1200/1501 1933/1203/1503 1932/1202/1504
f 1931/1204/1505 1934/1207/1506 1935/1206/1507 1927/1205/1508
f 1922/1208/1509 1916/1211/1510 1915/1210/1511 1921/1209/1512
f 1941/1193/1496 1942/1197/1498 1932/1202/1504 1939/1212/1513
f 1923/1213/1514 1924/1192/1491 1954/1189/1490 1953/1214/1515
f 1947/1187/1488 1946/1188/1486 1961/1215/1638 1969/1195/1494
f 1935/1206/1507 1934/1207/1506 1940/1201/1500 1944/1216/1516
f 1920/1217/1517 1919/1191/1492 1925/1219/1518 1926/1218/1519
f 1960/1199/1502 1943/1200/1501 1942/1197/1498 1959/1196/1497
f 1928/1220/1520 1923/1213/1514 1938/1186/1489 1939/1212/1513
f 1936/1221/1521 1937/1222/1487 1922/1208/1509 1921/1209/1512
f 1933/1203/1503 1934/1207/1506 1931/1204/1505 1930/1223/1522
f 1947/1187/1488 1941/1193/1496 1939/1212/1513 1938/1186/1489
f 1926/1218/1519 1925/1219/1518 1929/1224/1523 1930/1223/1522
f 1935/1206/1507 1936/1221/1521 1921/1209/1512 1927/1205/1508
f 1916/1225/1510 1922/1226/1509 1923/1213/1514 1953/1214/1515
f 1919/1191/1492 1924/1192/1491 1928/1220/1520 1925/1219/1518
f 1957/1227/1524 1931/1204/1505 1927/1205/1508
f 1929/1224/1523 1928/1220/1520 1939/1212/1513 1932/1202/1504
f 1949/1228/1525 1944/1216/1516 1940/1201/1500 1948/1198/1499
f 1956/1229/1526 1958/1231/1527 1951/1230/1528 1920/1217/1517
f 1955/1232/1529 1927/1205/1508 1921/1209/1512
f 1936/1221/1521 1935/1206/1507 1944/1216/1516 1945/1181/1483
f 1955/1232/1529 1952/1233/1530 1958/1231/1527 1956/1229/1526
f 1928/1220/1520 1929/1224/1523 1925/1219/1518
f 1930/1223/1522 1931/1204/1505 1957/1227/1524 1926/1218/1519
f 1921/1209/1512 1915/1210/1511 1952/1233/1530 1955/1232/1529
f 1926/1218/1519 1957/1227/1524 1956/1229/1526 1920/1217/1517
f 1951/1230/1528 1950/1190/1493 1919/1191/1492 1920/1217/1517
f 1957/1227/1524 1927/1205/1508 1955/1232/1529 1956/1229/1526
f 1930/1223/1522 1929/1224/1523 1932/1202/1504 1933/1203/1503
f 1934/1207/1506 1933/1203/1503 1943/1200/1501 1940/1201/1500
f 1923/1213/1514 1922/1226/1509 1937/1185/1487 1938/1186/1489
f 1923/1213/1514 1928/1220/1520 1924/1192/1491
f 1953/1214/1515 1966/1235/1531 1965/1234/1532
f 1958/1231/1527 1963/1237/1533 1917/1236/1534
f 1917/1236/1534 1967/1238/1535 1951/1230/1528
f 1915/1210/1511 1968/1240/1536 1964/1239/1537
f 1918/1241/1538 1966/1235/1531 1954/1189/1490
f 1952/1233/1530 1964/1239/1537 1963/1237/1533
f 1918/1241/1538 1954/1189/1490 1950/1190/1493
f 1937/1222/1487 1936/1221/1521 1945/1181/1483 1946/1182/1486
f 1949/1228/1525 1970/1184/1484 1945/1181/1483 1944/1216/1516
f 1916/1211/1510 1965/1344/1532 1968/1240/1536
f 1915/1210/1511 1916/1211/1510 1968/1240/1536
f 1916/1225/1510 1953/1214/1515 1965/1234/1532
f 1951/1230/1528 1958/1231/1527 1917/1236/1534
f 1967/1238/1535 1950/1190/1493 1951/1230/1528
f 1952/1233/1530 1915/1210/1511 1964/1239/1537
f 1966/1235/1531 1953/1214/1515 1954/1189/1490
f 1958/1231/1527 1952/1233/1530 1963/1237/1533
f 1967/1238/1535 1918/1241/1538 1950/1190/1493
f 1974/1345/1639 1973/1346/1640 1978/1347/1641
f 1974/1345/1639 1976/1348/1642 1972/1349/1643
f 1977/1350/1644 1972/1349/1643 1976/1348/1642
f 1973/1346/1640 1972/1349/1643 1975/1351/1645
f 1975/1351/1645 1972/1349/1643 1977/1350/1644
f 1974/1345/1639 1972/1349/1643 1973/1346/1640
f 1978/1347/1641 1976/1348/1642 1974/1345/1639
f 1973/1346/1640 1977/1350/1644 1971/1352/1646
f 1975/1351/1645 1977/1350/1644 1973/1346/1640
f 1978/1347/1641 1973/1346/1640 1971/1352/1646
f 1982/1345/1647 1981/1346/1648 1986/1347/1649
f 1982/1345/1647 1984/1348/1650 1980/1349/1651
f 1985/1350/1652 1980/1349/1651 1984/1348/1650
f 1981/1346/1648 1980/1349/1651 1983/1351/1653
f 1983/1351/1653 1980/1349/1651 1985/1350/1652
f 1982/1345/1647 1980/1349/1651 1981/1346/1648
f 1986/1347/1649 1984/1348/1650 1982/1345/1647
f 1981/1346/1648 1985/1350/1652 1979/1352/1654
f 1983/1351/1653 1985/1350/1652 1981/1346/1648
f 1986/1347/1649 1981/1346/1648 1979/1352/1654
f 1990/1345/1655 1989/1346/1656 1994/1347/1657
f 1990/1345/1655 1992/1348/1658 1988/1349/1659
f 1993/1350/1660 1988/1349/1659 1992/1348/1658
f 1989/1346/1656 1988/1349/1659 1991/1351/1661
f 1991/1351/1661 1988/1349/1659 1993/1350/1660
f 1990/1345/1655 1988/1349/1659 1989/1346/1656
f 1994/1347/1657 1992/1348/1658 1990/1345/1655
f 1989/1346/1656 1993/1350/1660 1987/1352/1662
f 1991/1351/1661 1993/1350/1660 1989/1346/1656
f 1994/1347/1657 1989/1346/1656 1987/1352/1662
f 1998/1345/1647 1997/1346/1648 2002/1347/1649
f 1998/1345/1647 2000/1348/1650 1996/1349/1651
f 2001/1350/1652 1996/1349/1651 2000/1348/1650
f 1997/1346/1648 1996/1349/1651 1999/1351/1653
f 1999/1351/1653 1996/1349/1651 2001/1350/1652
f 1998/1345/1647 1996/1349/1651 1997/1346/1648
f 2002/1347/1649 2000/1348/1650 1998/1345/1647
f 1997/1346/1648 2001/1350/1652 1995/1352/1654
f 1999/1351/1653 2001/1350/1652 1997/1346/1648
f 2002/1347/1649 1997/1346/1648 1995/1352/1654
f 2006/1345/1655 2005/1346/1656 2010/1347/1657
f 2006/1345/1655 2008/1348/1658 2004/1349/1659
f 2009/1350/1660 2004/1349/1659 2008/1348/1658
f 2005/1346/1656 2004/1349/1659 2007/1351/1661
f 2007/1351/1661 2004/1349/1659 2009/1350/1660
f 2006/1345/1655 2004/1349/1659 2005/1346/1656
f 2010/1347/1657 2008/1348/1658 2006/1345/1655
f 2005/1346/1656 2009/1350/1660 2003/1352/1662
f 2007/1351/1661 2009/1350/1660 2005/1346/1656
f 2010/1347/1657 2005/1346/1656 2003/1352/1662
f 2014/1345/1663 2018/1347/1664 2013/1346/1665
f 2014/1345/1663 2012/1349/1666 2016/1348/1667
f 2017/1350/1668 2016/1348/1667 2012/1349/1666
f 2013/1346/1665 2015/1351/1669 2012/1349/1666
f 2015/1351/1669 2017/1350/1668 2012/1349/1666
f 2014/1345/1663 2013/1346/1665 2012/1349/1666
f 2018/1347/1664 2014/1345/1663 2016/1348/1667
f 2013/1346/1665 2011/1352/1670 2017/1350/1668
f 2015/1351/1669 2013/1346/1665 2017/1350/1668
f 2018/1347/1664 2011/1352/1670 2013/1346/1665
f 2022/1345/1671 2026/1347/1672 2021/1346/1673
f 2022/1345/1671 2020/1349/1674 2024/1348/1675
f 2025/1350/1676 2024/1348/1675 2020/1349/1674
f 2021/1346/1673 2023/1351/1677 2020/1349/1674
f 2023/1351/1677 2025/1350/1676 2020/1349/1674
f 2022/1345/1671 2021/1346/1673 2020/1349/1674
f 2026/1347/1672 2022/1345/1671 2024/1348/1675
f 2021/1346/1673 2019/1352/1678 2025/1350/1676
f 2023/1351/1677 2021/1346/1673 2025/1350/1676
f 2026/1347/1672 2019/1352/1678 2021/1346/1673
f 2038/1401/1679 2037/1402/1679 2029/1403/1679
f 2037/1402/1679 2040/1404/1679 2029/1403/1679
f 2031/1405/1680 2033/1406/1680 2027/1407/1680
f 2030/1408/1680 2031/1405/1680 2027/1407/1680
f 2035/1409/1679 2036/1410/1679 2029/1403/1679
f 2048/1411/1681 2041/1412/1681 2028/1413/1681
f 2044/1414/1681 2043/1415/1681 2028/1413/1681
f 2042/1416/1681 2046/1417/1681 2028/1413/1681
f 2046/1417/1681 2045/1418/1681 2028/1413/1681
f 2041/1412/1681 2042/1416/1681 2028/1413/1681
f 2045/1418/1681 2049/1419/1681 2028/1413/1681
f 2054/1420/1682 2053/1421/1683 2116/1422/1684
f 2053/1421/1683 2056/1423/1683 2116/1422/1684
f 2052/1424/1685 2051/1425/1686 2116/1422/1684
f 2120/1426/1687 2055/1427/1688 2116/1422/1684
f 2062/1428/1689 2078/1429/1690 2072/1430/1691
f 2064/1431/1692 2075/1432/1693 2063/1433/1694
f 2064/1431/1692 2071/1434/1695 2073/1435/1696
f 2079/1436/1697 2058/1437/1698 2057/1438/1699
f 2071/1434/1695 2064/1431/1692 2063/1433/1694
f 2074/1439/1700 2066/1440/1701 2073/1435/1696
f 2070/1441/1702 2080/1442/1703 2060/1443/1704
f 2085/1444/1705 2081/1445/1705 2096/1446/1705
f 2093/1447/1705 2081/1445/1705 2086/1448/1705
f 2096/1446/1705 2081/1445/1705 2087/1449/1705
f 2090/1450/1705 2081/1445/1705 2094/1451/1705
f 2087/1449/1705 2081/1445/1705 2088/1452/1705
f 2092/1453/1705 2081/1445/1705 2093/1447/1705
f 2091/1454/1705 2081/1445/1705 2085/1444/1705
f 2088/1452/1705 2081/1445/1705 2095/1455/1705
f 2097/1456/1705 2081/1445/1705 2089/1457/1705
f 2086/1448/1705 2081/1445/1705 2084/1458/1705
f 2089/1457/1705 2081/1445/1705 2090/1450/1705
f 2103/1459/1706 2083/1460/1706 2099/1461/1706
f 2102/1462/1706 2083/1460/1706 2101/1463/1706
f 2115/1464/1707 2082/1465/1707 2107/1466/1707
f 2110/1467/1707 2082/1465/1707 2109/1468/1707
f 2108/1469/1707 2082/1465/1707 2112/1470/1707
f 2112/1470/1707 2082/1465/1707 2111/1471/1707
f 2107/1466/1707 2082/1465/1707 2108/1469/1707
f 2106/1472/1707 2082/1465/1707 2105/1473/1707
f 2105/1473/1707 2082/1465/1707 2110/1467/1707
f 2109/1468/1707 2082/1465/1707 2114/1474/1707
f 2118/1475/1685 2116/1422/1684 2117/1476/1708
f 2127/1477/1709 2126/1478/1710 2140/1479/1711
f 2135/1480/1712 2136/1481/1713 2128/1482/1714
f 2156/1483/1680 2163/1484/1680 2027/1407/1680
f 2162/1485/1680 2159/1486/1680 2027/1407/1680
f 2154/1487/1680 2155/1488/1680 2027/1407/1680
f 2203/1489/1680 2161/1490/1680 2027/1407/1680
f 2159/1486/1680 2157/1491/1680 2027/1407/1680
f 2205/1492/1680 2204/1493/1680 2027/1407/1680
f 2157/1491/1680 2160/1494/1680 2027/1407/1680
f 2032/1495/1680 2203/1489/1680 2027/1407/1680
f 2158/1496/1680 2162/1485/1680 2027/1407/1680
f 2160/1494/1680 2205/1492/1680 2027/1407/1680
f 2206/1497/1680 2030/1408/1680 2027/1407/1680
f 2155/1488/1680 2158/1496/1680 2027/1407/1680
f 2033/1406/1680 2154/1487/1680 2027/1407/1680
f 2161/1490/1680 2156/1483/1680 2027/1407/1680
f 2163/1484/1680 2206/1497/1680 2027/1407/1680
f 2204/1493/1680 2032/1495/1680 2027/1407/1680
f 2167/1498/1679 2165/1499/1679 2029/1403/1679
f 2170/1500/1679 2038/1401/1679 2029/1403/1679
f 2172/1501/1679 2167/1498/1679 2029/1403/1679
f 2229/1502/1679 2035/1409/1679 2029/1403/1679
f 2169/1503/1679 2171/1504/1679 2029/1403/1679
f 2040/1404/1679 2229/1502/1679 2029/1403/1679
f 2171/1504/1679 2170/1500/1679 2029/1403/1679
f 2034/1505/1679 2219/1506/1679 2029/1403/1679
f 2036/1410/1679 2172/1501/1679 2029/1403/1679
f 2166/1507/1679 2034/1505/1679 2029/1403/1679
f 2219/1506/1679 2169/1503/1679 2029/1403/1679
f 2165/1499/1679 2039/1508/1679 2029/1403/1679
f 2039/1508/1679 2166/1507/1679 2029/1403/1679
f 2049/1419/1681 2218/1509/1681 2028/1413/1681
f 2230/1510/1681 2047/1511/1681 2028/1413/1681
f 2217/1512/1681 2168/1513/1681 2028/1413/1681
f 2164/1514/1681 2216/1515/1681 2028/1413/1681
f 2173/1516/1681 2048/1411/1681 2028/1413/1681
f 2168/1513/1681 2164/1514/1681 2028/1413/1681
f 2216/1515/1681 2044/1414/1681 2028/1413/1681
f 2047/1511/1681 2173/1516/1681 2028/1413/1681
f 2218/1509/1681 2217/1512/1681 2028/1413/1681
f 2043/1415/1681 2230/1510/1681 2028/1413/1681
f 2056/1423/1683 2231/1517/1686 2116/1422/1684
f 2051/1425/1686 2174/1518/1715 2116/1422/1684
f 2174/1518/1715 2050/1519/1716 2116/1422/1684
f 2232/1520/1688 2054/1420/1682 2116/1422/1684
f 2055/1427/1688 2232/1520/1688 2116/1422/1684
f 2231/1517/1686 2052/1424/1685 2116/1422/1684
f 2050/1519/1716 2228/1521/1717 2116/1422/1684
f 2057/1438/1699 2151/1522/1718 2185/1523/1719
f 2058/1437/1698 2152/1524/1720 2151/1522/1718
f 2059/1525/1721 2077/1526/1722 2058/1437/1698
f 2061/1527/1723 2149/1528/1724 2147/1529/1725
f 2062/1428/1689 2150/1530/1726 2061/1527/1723
f 2066/1440/1701 2145/1531/1727 2065/1532/1728
f 2067/1533/1729 2153/1534/1730 2066/1440/1701
f 2069/1535/1731 2057/1438/1699 2122/1536/1732
f 2214/1537/1733 2059/1525/1721 2058/1437/1698
f 2078/1429/1690 2062/1428/1689 2061/1527/1723
f 2150/1530/1726 2062/1428/1689 2076/1538/1734
f 2075/1432/1693 2064/1431/1692 2146/1539/1735
f 2208/1540/1736 2067/1533/1729 2066/1440/1701
f 2207/1541/1737 2209/1542/1738 2067/1533/1729
f 2209/1542/1738 2210/1543/1739 2067/1533/1729
f 2059/1525/1721 2214/1537/1733 2238/1544/1740
f 2080/1442/1703 2147/1529/1725 2148/1545/1741
f 2077/1526/1722 2059/1525/1721 2239/1545/1742
f 2215/1546/1743 2061/1527/1723 2080/1442/1703
f 2221/1547/1706 2083/1460/1706 2220/1548/1706
f 2220/1548/1706 2083/1460/1706 2103/1459/1706
f 2084/1458/1705 2081/1445/1705 2235/1549/1705
f 2189/1550/1705 2081/1445/1705 2190/1551/1705
f 2095/1455/1705 2081/1445/1705 2191/1552/1705
f 2190/1551/1705 2081/1445/1705 2091/1454/1705
f 2094/1451/1705 2081/1445/1705 2189/1550/1705
f 2235/1549/1705 2081/1445/1705 2097/1456/1705
f 2191/1552/1705 2081/1445/1705 2092/1453/1705
f 2234/1553/1706 2083/1460/1706 2102/1462/1706
f 2104/1554/1706 2083/1460/1706 2221/1547/1706
f 2100/1555/1706 2083/1460/1706 2234/1553/1706
f 2099/1461/1706 2083/1460/1706 2225/1556/1706
f 2194/1557/1706 2083/1460/1706 2196/1558/1706
f 2196/1558/1706 2083/1460/1706 2104/1554/1706
f 2098/1559/1706 2083/1460/1706 2192/1560/1706
f 2224/1561/1706 2083/1460/1706 2100/1555/1706
f 2233/1562/1706 2083/1460/1706 2098/1559/1706
f 2192/1560/1706 2083/1460/1706 2194/1557/1706
f 2101/1463/1706 2083/1460/1706 2233/1562/1706
f 2225/1556/1706 2083/1460/1706 2224/1561/1706
f 2236/1563/1707 2082/1465/1707 2113/1564/1707
f 2114/1474/1707 2082/1465/1707 2223/1565/1707
f 2195/1566/1707 2082/1465/1707 2193/1567/1707
f 2222/1568/1707 2082/1465/1707 2115/1464/1707
f 2193/1567/1707 2082/1465/1707 2106/1472/1707
f 2111/1471/1707 2082/1465/1707 2236/1563/1707
f 2223/1565/1707 2082/1465/1707 2222/1568/1707
f 2113/1564/1707 2082/1465/1707 2195/1566/1707
f 2198/1569/1744 2116/1422/1684 2227/1570/1708
f 2117/1476/1708 2116/1422/1684 2226/1571/1745
f 2226/1571/1745 2116/1422/1684 2199/1572/1746
f 2197/1573/1747 2116/1422/1684 2119/1574/1744
f 2119/1574/1744 2116/1422/1684 2198/1569/1744
f 2200/1575/1748 2116/1422/1684 2197/1573/1747
f 2201/1576/1748 2116/1422/1684 2200/1575/1748
f 2227/1570/1708 2116/1422/1684 2118/1475/1685
f 2120/1426/1687 2116/1422/1684 2201/1576/1748
f 2199/1572/1746 2116/1422/1684 2228/1521/1717
f 2121/1577/1749 2122/1536/1732 2185/1523/1719
f 2123/1578/1750 2121/1577/1749 2143/1579/1751
f 2124/1580/1752 2123/1578/1750 2142/1581/1753
f 2126/1478/1710 2144/1582/1754 2183/1583/1755
f 2127/1477/1709 2128/1482/1714 2136/1481/1713
f 2129/1584/1756 2128/1482/1714 2181/1585/1757
f 2129/1584/1756 2130/1586/1758 2213/1587/1759
f 2131/1588/1760 2130/1586/1758 2179/1589/1761
f 2132/1590/1762 2131/1588/1760 2188/1591/1763
f 2175/1592/1764 2176/1593/1765 2122/1536/1732
f 2202/1594/1766 2175/1592/1764 2121/1577/1749
f 2133/1595/1767 2202/1594/1766 2123/1578/1750
f 2187/1596/1768 2134/1597/1769 2126/1478/1710
f 2140/1479/1711 2182/1598/1770 2127/1477/1709
f 2181/1585/1757 2180/1599/1771 2129/1584/1756
f 2178/1600/1772 2213/1587/1759 2131/1588/1760
f 2177/1601/1773 2178/1600/1772 2131/1588/1760
f 2137/1602/1774 2177/1601/1773 2132/1590/1762
f 2138/1603/1775 2132/1590/1762 2139/1604/1776
f 2124/1580/1752 2125/1605/1777 2212/1606/1778
f 2144/1582/1754 2240/1605/1779 2184/1607/1780
f 2142/1581/1753 2241/1607/1781 2124/1580/1752
f 2211/1608/1782 2242/1606/1783 2240/1605/1779
f 2134/1597/1769 2211/1608/1782 2144/1582/1754
f 2063/1433/1694 2062/1428/1689 2072/1430/1691
f 2075/1432/1693 2076/1538/1734 2063/1433/1694
f 2065/1532/1728 2064/1431/1692 2073/1435/1696
f 2069/1535/1731 2079/1436/1697 2057/1438/1699
f 2072/1430/1691 2071/1434/1695 2063/1433/1694
f 2126/1478/1710 2141/1609/1784 2140/1479/1711
f 2068/1544/1785 2070/1441/1702 2060/1443/1704
f 2129/1584/1756 2135/1480/1712 2128/1482/1714
f 2150/1530/1726 2149/1528/1724 2061/1527/1723
f 2122/1536/1732 2057/1438/1699 2185/1523/1719
f 2057/1438/1699 2058/1437/1698 2151/1522/1718
f 2077/1526/1722 2152/1524/1720 2058/1437/1698
f 2080/1442/1703 2061/1527/1723 2147/1529/1725
f 2213/1587/1759 2130/1586/1758 2131/1588/1760
f 2145/1531/1727 2146/1539/1735 2065/1532/1728
f 2153/1534/1730 2145/1531/1727 2066/1440/1701
f 2176/1593/1765 2069/1535/1731 2122/1536/1732
f 2079/1436/1697 2214/1537/1733 2058/1437/1698
f 2215/1546/1743 2078/1429/1690 2061/1527/1723
f 2062/1428/1689 2063/1433/1694 2076/1538/1734
f 2064/1431/1692 2065/1532/1728 2146/1539/1735
f 2074/1439/1700 2208/1540/1736 2066/1440/1701
f 2208/1540/1736 2207/1541/1737 2067/1533/1729
f 2210/1543/1739 2153/1534/1730 2067/1533/1729
f 2237/1443/1786 2059/1525/1721 2238/1544/1740
f 2060/1443/1704 2080/1442/1703 2148/1545/1741
f 2059/1525/1721 2237/1443/1786 2239/1545/1742
f 2070/1441/1702 2215/1546/1743 2080/1442/1703
f 2143/1579/1751 2121/1577/1749 2185/1523/1719
f 2186/1610/1787 2123/1578/1750 2143/1579/1751
f 2123/1578/1750 2186/1610/1787 2142/1581/1753
f 2141/1609/1784 2126/1478/1710 2183/1583/1755
f 2187/1596/1768 2127/1477/1709 2136/1481/1713
f 2128/1482/1714 2182/1598/1770 2181/1585/1757
f 2135/1480/1712 2129/1584/1756 2213/1587/1759
f 2130/1586/1758 2180/1599/1771 2179/1589/1761
f 2131/1588/1760 2179/1589/1761 2188/1591/1763
f 2121/1577/1749 2175/1592/1764 2122/1536/1732
f 2123/1578/1750 2202/1594/1766 2121/1577/1749
f 2124/1580/1752 2133/1595/1767 2123/1578/1750
f 2127/1477/1709 2187/1596/1768 2126/1478/1710
f 2182/1598/1770 2128/1482/1714 2127/1477/1709
f 2180/1599/1771 2130/1586/1758 2129/1584/1756
f 2132/1590/1762 2177/1601/1773 2131/1588/1760
f 2138/1603/1775 2137/1602/1774 2132/1590/1762
f 2132/1590/1762 2188/1591/1763 2139/1604/1776
f 2133/1595/1767 2124/1580/1752 2212/1606/1778
f 2183/1583/1755 2144/1582/1754 2184/1607/1780
f 2241/1607/1781 2125/1605/1777 2124/1580/1752
f 2144/1582/1754 2211/1608/1782 2240/1605/1779
f 2126/1478/1710 2134/1597/1769 2144/1582/1754
f 2066/1440/1701 2065/1532/1728 2073/1435/1696
f 2243/1611/1788 2245/1612/1789 2246/1613/1790 2244/1614/1791
f 2246/1613/1790 2248/1615/1792 2247/1616/1793 2244/1614/1791
f 2250/1617/1794 2245/1612/1789 2243/1611/1788 2249/1618/1795
f 2252/1619/1796 2250/1617/1794 2249/1618/1795 2251/1620/1796
f 2248/1615/1792 2254/1621/1797 2253/1622/1797 2247/1616/1793
f 2255/1623/1798 2256/1624/1799 2258/1625/1800 2257/1626/1801
f 2258/1625/1800 2256/1624/1799 2259/1627/1802 2260/1628/1803
f 2262/1629/1804 2261/1630/1805 2255/1623/1798 2257/1626/1801
f 2264/1631/1806 2263/1632/1806 2261/1630/1805 2262/1629/1804
f 2260/1628/1803 2259/1627/1802 2265/1633/1807 2266/1634/1807
f 4085/1635/1808 2267/1636/1809 4086/1637/1810
f 2670/1638/1811 2400/1639/1812 2664/1640/1813
f 3036/1641/1814 2401/1642/1815 2902/1643/1816
f 2902/1643/1816 2272/1644/1817 2274/1645/1818
f 2664/1640/1813 2270/1646/1819 2665/1647/1820
f 2907/1648/1821 2274/1645/1818 2273/1649/1822
f 2665/1647/1820 2275/1650/1823 2666/1651/1824
f 2900/1652/1825 2271/1653/1826 2915/1654/1825
f 2663/1655/1827 2269/1656/1828 2281/1657/1829
f 2281/1658/1829 2269/1659/1828 2283/1660/1830
f 2409/1661/1831 2406/1662/1832 2285/1663/1833
f 2285/1663/1833 2284/1664/1834 2287/1665/1835
f 2292/1666/1836 2291/1667/1837 2288/1668/1838
f 2298/1669/1839 2297/1670/1840 2295/1671/1841
f 2289/1672/1842 2288/1668/1838 2297/1670/1840
f 2292/1666/1836 2293/1673/1843 2290/1674/1844
f 2306/1675/1845 2303/1676/1846 2305/1677/1847
f 2303/1676/1846 2302/1678/1848 2304/1679/1849
f 2306/1675/1845 2305/1677/1847 2309/1680/1850
f 2312/1681/1851 2311/1682/1852 2308/1683/1853
f 2312/1681/1851 2310/1684/1854 2311/1682/1852
f 2312/1681/1851 2306/1675/1845 2310/1684/1854
f 2308/1683/1853 2307/1685/1855 2313/1686/1856
f 2300/1687/1857 2301/1688/1858 2302/1678/1848
f 2319/1689/1859 2318/1690/1860 2316/1691/1861
f 2320/1692/1862 2317/1693/1863 2319/1689/1859
f 2300/1687/1857 2299/1694/1864 2301/1688/1858
f 2292/1666/1836 2290/1674/1844 2291/1667/1837
f 2327/1695/1865 2326/1696/1866 2329/1697/1867
f 2329/1697/1867 2328/1698/1868 2330/1699/1869
f 2338/1700/1870 2337/1701/1871 2340/1702/1872
f 2342/1703/1873 2341/1704/1874 2344/1705/1875
f 2344/1705/1875 2343/1706/1876 2346/1707/1877
f 2346/1707/1877 2345/1708/1878 2348/1709/1879
f 2349/1710/1880 2348/1709/1879 2350/1711/1881
f 2357/1712/1882 2356/1713/1883 2353/1714/1884
f 2620/1715/1885 2621/1716/1886 2992/1717/1886
f 2590/1718/1887 2606/1719/1888 2358/1720/1889
f 2366/1721/1890 2367/1722/1891 2369/1723/1892
f 2368/1724/1893 2369/1723/1892 2371/1725/1894
f 2390/1726/1895 2391/1727/1896 3778/1728/1897
f 2387/1729/1898 2391/1727/1896 2279/1730/1899
f 2278/1731/1900 2275/1732/1823 2377/1733/1901
f 3574/1734/1902 3573/1735/1903 2388/1736/1904
f 3573/1735/1903 3572/1737/1905 2390/1726/1895
f 2379/1738/1906 2377/1733/1901 2398/1739/1907
f 2377/1733/1901 2275/1732/1823 2397/1740/1908
f 2408/1741/1909 2407/1742/1910 2409/1661/1831
f 2283/1660/1830 2282/1743/1911 2408/1741/1909
f 2412/1744/1912 2283/1660/1830 2411/1745/1913
f 2425/1746/1914 3792/1747/1915 3791/1748/1916
f 2410/1749/1917 2397/1740/1908 2270/1750/1819
f 2675/1751/1918 4062/1752/1919 2672/1753/1920
f 2287/1665/1835 2414/1754/1921 2285/1663/1833
f 2283/1660/1830 2412/1744/1912 2281/1658/1829
f 2287/1665/1835 2286/1755/1922 2293/1673/1843
f 2412/1744/1912 2415/1756/1923 2405/1757/1924
f 2298/1669/1839 3912/1758/1925 2414/1754/1921
f 2415/1756/1923 2410/1749/1917 2400/1759/1812
f 3040/1760/1825 2404/1761/1926 3037/1762/1825
f 2417/1763/1927 2419/1764/1928 2418/1765/1929
f 2447/1766/1930 3927/1767/1931 2463/1768/1932
f 3921/1769/1933 2428/1770/1934 2432/1771/1935
f 3912/1758/1925 2298/1669/1839 2296/1772/1936
f 2414/1754/1921 2287/1665/1835 2298/1669/1839
f 3772/1773/1937 3773/1774/1938 2314/1775/1939
f 2489/1776/1940 2469/1777/1941 2483/1778/1942
f 2394/1779/1943 3787/1780/1944 2486/1781/1945
f 2448/1782/1946 2449/1783/1947 2464/1784/1948
f 2319/1689/1859 2316/1691/1861 2449/1783/1947
f 2320/1692/1862 2319/1689/1859 2448/1782/1946
f 2460/1785/1949 2459/1786/1950 2489/1776/1940
f 2451/1787/1951 2312/1681/1851 2308/1683/1853
f 2451/1787/1951 2308/1683/1853 2447/1766/1930
f 2324/1788/1952 2323/1789/1953 2325/1790/1954
f 2324/1788/1952 2325/1790/1954 2460/1785/1949
f 2488/1791/1955 2486/1781/1945 2470/1792/1956
f 2864/1793/1957 2858/1794/1958 2869/1795/1959
f 2483/1778/1942 2482/1796/1960 2327/1695/1865
f 2463/1768/1932 3913/1797/1961 2479/1798/1962
f 2464/1784/1948 2490/1799/1963 2472/1800/1964
f 2476/1801/1965 2475/1802/1966 2497/1803/1967
f 2370/1804/1968 2371/1725/1894 2510/1805/1969
f 3674/1806/1970 3675/1807/1971 2516/1808/1972
f 3772/1773/1937 2320/1692/1862 3808/1809/1973
f 3772/1773/1937 2314/1775/1939 2320/1692/1862
f 2472/1800/1964 2473/1810/1974 2502/1811/1975
f 2500/1812/1976 2503/1813/1977 2502/1811/1975
f 3774/1814/1978 3775/1815/1979 2501/1816/1980
f 3677/1817/1981 2505/1818/1982 2468/1819/1983
f 3384/1820/1984 2737/1821/1985 3522/1822/1986
f 2364/1823/1987 2367/1722/1891 2366/1721/1890
f 2844/1824/1988 2856/1825/1989 2838/1826/1990
f 2508/1827/1991 2506/1828/1992 2467/1829/1993
f 2394/1779/1943 3682/1830/1994 3679/1831/1995
f 2854/1832/1996 2844/1824/1988 2847/1833/1997
f 4098/1834/1998 2518/1835/1999 3674/1806/1970
f 2837/1836/2000 2836/1837/2001 2506/1828/1992
f 2458/1838/2002 2457/1839/2003 2509/1840/2004
f 3703/1841/2005 3695/1842/2006 2488/1791/1955
f 3683/1843/2007 2519/1844/2008 2520/1845/2009
f 2394/1779/1943 3679/1831/1995 2396/1846/2010
f 2392/1847/2011 3786/1848/2012 2394/1779/1943
f 3037/1762/1825 2403/1849/2013 3036/1641/1814
f 2915/1654/1825 2280/1850/1826 3040/1760/1825
f 2521/1851/2014 2527/1852/2015 2335/1853/2016
f 3698/1854/2017 2545/1855/2018 3699/1856/2019
f 2853/1857/2020 2856/1825/1989 2860/1858/2021
f 2468/1819/1983 2512/1859/2022 3676/1860/2023
f 2480/1861/2024 2470/1792/1956 2491/1862/2025
f 2340/1702/1872 3932/1863/2026 3813/1864/2027
f 2543/1865/2028 3700/1866/2029 2475/1802/1966
f 2858/1794/1958 2863/1867/2030 2868/1868/2031
f 2789/1869/2032 2783/1870/2033 2478/1871/2034
f 2491/1862/2025 2522/1872/2035 2551/1873/2036
f 2860/1858/2021 2857/1874/2037 2865/1875/2038
f 3695/1842/2006 3696/1876/2039 2488/1791/1955
f 3703/1841/2005 2488/1791/1955 2480/1861/2024
f 2551/1873/2036 2550/1877/2040 2561/1878/2041
f 2561/1878/2041 2560/1879/2042 2555/1880/2043
f 2568/1881/2044 2565/1882/2045 2564/1883/2046
f 2575/1884/2047 2572/1885/2048 2619/1886/2049
f 2565/1882/2045 2586/1887/2050 2557/1888/2051
f 2557/1889/2051 2583/1890/2052 2579/1891/2053
f 2564/1892/2046 2557/1889/2051 2581/1893/2054
f 2555/1894/2043 2556/1895/2055 2571/1896/2056
f 2351/1897/2057 2350/1711/1881 2354/1898/2058
f 2357/1899/1882 2354/1898/2058 2355/1900/2059
f 2357/1712/1882 2355/1901/2059 2356/1713/1883
f 2611/1902/2060 2607/1903/2061 2603/1904/2062
f 2583/1890/2052 2555/1894/2043 2572/1885/2048
f 2612/1905/2063 2619/1886/2049 2598/1906/2064
f 2353/1714/1884 2352/1907/2065 2606/1719/1888
f 2619/1886/2049 2617/1908/2066 2596/1909/2067
f 2569/1910/2068 2573/1911/2069 2609/1912/2070
f 3709/1913/2071 3708/1914/2072 2565/1882/2045
f 2613/1915/2073 2612/1905/2063 2597/1916/2074
f 3708/1914/2072 2640/1917/2075 2586/1887/2050
f 2579/1891/2053 2575/1884/2047 2612/1905/2063
f 2576/1918/2076 2577/1919/2077 2618/1920/2078
f 2572/1885/2048 2571/1896/2056 2617/1908/2066
f 2829/1921/2079 2830/1922/2080 3277/1923/2080
f 2598/1906/2064 2596/1909/2067 2634/1924/2081
f 2359/1925/2082 2358/1720/1889 2621/1716/1886
f 2604/1926/2083 2603/1904/2062 2624/1927/2084
f 2551/1873/2036 2561/1878/2041 2640/1917/2075
f 3697/1928/2085 2491/1862/2025 3710/1929/2086
f 2561/1878/2041 2586/1887/2050 2640/1917/2075
f 2586/1887/2050 2561/1878/2041 2583/1930/2052
f 2568/1881/2044 2642/1931/2087 2649/1932/2088
f 2830/1922/2080 2828/1933/2089 3277/1923/2080
f 2662/1934/2090 2655/1935/2090 2656/1936/2090
f 2661/1937/2090 2656/1936/2090 2657/1938/2090
f 2659/1939/2090 2658/1940/2090 2655/1935/2090
f 3718/1941/2090 2659/1939/2090 2662/1934/2090
f 3715/1942/2090 2662/1934/2090 2661/1937/2090
f 3716/1943/2090 2661/1937/2090 2660/1944/2090
f 2401/1642/1815 2670/1638/1811 2272/1644/1817
f 2272/1644/1817 2664/1640/1813 2274/1645/1818
f 2274/1645/1818 2665/1647/1820 2273/1649/1822
f 2271/1653/1826 2663/1655/1827 2668/1945/1827
f 2404/1761/1926 2672/1753/1920 2671/1946/2091
f 2403/1849/2013 2671/1946/2091 2401/1642/1815
f 2280/1850/1826 2668/1945/1827 2672/1753/1920
f 2405/1947/1924 2677/1948/2092 2281/1657/1829
f 2888/1949/2093 2887/1950/2094 2693/1951/2095
f 4025/1952/2096 4024/1953/2097 2699/1954/2098
f 4028/1955/2099 4023/1956/2100 2701/1957/2101
f 4035/1958/2102 4038/1959/2103 2713/1960/2104
f 4036/1961/2105 4035/1958/2102 2707/1962/2106
f 2713/1960/2104 2708/1963/2107 2715/1964/2108
f 2706/1965/2109 2714/1966/2110 2715/1964/2108
f 2705/1967/2111 2709/1968/2112 2715/1964/2108
f 2714/1966/2110 2707/1962/2106 2715/1964/2108
f 2709/1968/2112 2704/1969/2113 2715/1964/2108
f 2704/1969/2113 2710/1970/2114 2715/1964/2108
f 2710/1970/2114 2703/1971/2115 2715/1964/2108
f 2703/1971/2115 2711/1972/2116 2715/1964/2108
f 2711/1972/2116 2706/1965/2109 2715/1964/2108
f 2712/1973/2117 2705/1967/2111 2715/1964/2108
f 2708/1963/2107 2712/1973/2117 2715/1964/2108
f 2707/1962/2106 2713/1960/2104 2715/1964/2108
f 4075/1974/2118 4076/1975/2119 2695/1976/2120
f 4069/1977/2121 4075/1974/2118 2695/1976/2120
f 4071/1978/2122 4073/1979/2123 2695/1976/2120
f 4072/1980/2124 4077/1981/2125 2695/1976/2120
f 4068/1982/2126 4069/1977/2121 2695/1976/2120
f 4070/1983/2127 4071/1978/2122 2695/1976/2120
f 2631/1984/2128 3955/1985/2129 3956/1986/2129
f 3791/1748/1916 3792/1747/1915 2453/1987/2130
f 3822/1988/2131 3947/1989/2132 2577/1919/2077
f 3929/1990/2133 3923/1991/2134 3930/1992/2135
f 2567/1993/2136 2564/1892/2046 2580/1994/2137
f 2607/1903/2061 2613/1915/2073 2602/1995/2138
f 2581/1893/2054 2579/1891/2053 2613/1915/2073
f 2589/1996/2139 2568/1881/2044 2567/1997/2136
f 2580/1994/2137 2581/1893/2054 2607/1903/2061
f 2747/1998/2140 2719/1999/2141 2723/2000/2142
f 2716/2001/2143 2717/2002/2144 2721/2003/2145
f 2719/1999/2141 2718/2004/2146 2723/2000/2142
f 2718/2004/2146 3386/2005/2147 2722/2006/2148
f 2729/2007/2149 3401/2008/2150 2726/2009/2151
f 2730/2010/2152 2728/2011/2153 2724/2012/2154
f 2748/2013/2155 2723/2000/2142 2727/2014/2156
f 2723/2000/2142 2722/2006/2148 2727/2014/2156
f 2722/2006/2148 3391/2015/2157 2729/2007/2149
f 2720/2016/2158 2721/2003/2145 2730/2010/2152
f 2790/2017/2159 2787/2018/2160 2750/2019/2161
f 2787/2018/2160 2786/2020/2162 2732/2021/2163
f 3469/2022/2164 2785/2023/2165 3404/2024/2166
f 2785/2023/2165 2784/2025/2167 2733/2026/2168
f 2733/2026/2168 2734/2027/2169 2739/2028/2170
f 3404/2024/2166 2733/2026/2168 3411/2029/2171
f 3411/2029/2171 2738/2030/2172 3414/2031/2173
f 2738/2030/2172 2739/2028/2170 2741/2032/2174
f 3414/2031/2173 2740/2033/2175 3417/2034/2176
f 2740/2033/2175 2741/2032/2174 2743/2035/2177
f 3417/2034/2176 2742/2036/2178 3420/2037/2179
f 2742/2036/2178 2743/2035/2177 2744/2038/2180
f 2717/2002/2144 2747/1998/2140 2748/2013/2155
f 2721/2003/2145 2748/2013/2155 2749/2039/2181
f 2784/2025/2167 2790/2017/2159 2734/2027/2169
f 2812/2040/2182 2736/2041/2183 2773/2042/2184
f 2768/2043/2185 2750/2019/2161 2732/2021/2163
f 2766/2044/2186 2732/2021/2163 2731/2045/2187
f 2760/2046/2188 2755/2047/2189 2761/2048/2190
f 2750/2019/2161 2768/2043/2185 2739/2028/2170
f 2756/2049/2191 2760/2046/2188 2759/2050/2192
f 2764/2051/2193 2757/2052/2194 2767/2053/2195
f 2755/2047/2189 2768/2043/2185 2766/2044/2186
f 2755/2047/2189 2760/2046/2188 2743/2035/2177
f 2760/2046/2188 2756/2049/2191 2745/2054/2196
f 2780/2055/2197 2765/2056/2198 2779/2057/2199
f 2758/2058/2200 2766/2044/2186 2757/2052/2194
f 2763/2059/2201 2764/2051/2193 2762/2060/2202
f 2768/2043/2185 2755/2047/2189 2741/2032/2174
f 2780/2055/2197 2754/2061/2203 2753/2062/2204
f 2731/2045/2187 2752/2063/2205 2767/2053/2195
f 2764/2051/2193 2761/2048/2190 2758/2058/2200
f 2761/2048/2190 2764/2051/2193 2759/2050/2192
f 2736/2041/2183 2781/2064/2206 2717/2002/2144
f 2868/1868/2031 2865/1875/2038 2790/2017/2159
f 2771/2065/2207 2775/2066/2208 2776/2067/2209
f 2730/2010/2152 2774/2068/2210 2720/2016/2158
f 2777/2069/2211 2774/2068/2210 2775/2066/2208
f 2771/2065/2207 2773/2042/2184 2775/2066/2208
f 2720/2016/2158 2777/2069/2211 2716/2001/2143
f 2754/2061/2203 2780/2055/2197 2779/2057/2199
f 2754/2061/2203 2752/2063/2205 2769/2070/2212
f 2770/2071/2213 2812/2040/2182 2771/2065/2207
f 2847/1833/1997 2838/1826/1990 2770/2071/2213
f 2781/2064/2206 2751/2072/2214 2747/1998/2140
f 2735/2073/2215 2737/1821/1985 2719/1999/2141
f 2838/1826/1990 2849/2074/2216 2812/2040/2182
f 3116/2075/2217 2869/1795/1959 3469/2022/2164
f 2865/1875/2038 2535/2076/2218 2787/2018/2160
f 2752/2063/2205 2731/2045/2187 2783/1870/2033
f 2769/2070/2212 2752/2063/2205 2789/1869/2032
f 2536/2077/2219 2868/1868/2031 2784/2025/2167
f 2869/1795/1959 2536/2077/2219 2785/2023/2165
f 2843/2078/2220 3630/2079/2221 3629/2080/2222
f 2810/2081/2223 2809/2082/2224 3489/2083/2225
f 3658/2084/2226 3657/2085/2227 3621/2086/2228
f 2737/1821/1985 3384/1820/1984 2718/2004/2146
f 2751/2072/2214 2735/2073/2215 2719/1999/2141
f 2774/2068/2210 2730/2010/2152 2831/2087/2229
f 3604/2088/2230 3600/2089/2231 2846/2090/2232
f 2625/2091/2233 2624/1927/2084 2824/2092/2080
f 2825/2093/2079 2824/2092/2080 2830/1922/2080
f 2625/2091/2233 2877/2094/2234 2873/2095/2235
f 2881/2096/2236 3580/2097/2237 3577/2098/2238
f 2831/2087/2229 2832/2099/2239 2774/2068/2210
f 2507/2100/2240 3680/2101/2241 2836/1837/2001
f 2509/1840/2004 2507/2100/2240 2836/1837/2001
f 2781/2064/2206 2736/2041/2183 2514/2102/2242
f 2751/2072/2214 2781/2064/2206 2514/2102/2242
f 2735/2073/2215 2751/2072/2214 2848/2103/2243
f 2737/1821/1985 2735/2073/2215 2841/2104/2244
f 2859/2105/2245 2862/2106/2246 2854/1832/1996
f 3522/1822/1986 2841/2104/2244 3527/2107/2247
f 2848/2103/2243 2842/2108/2248 2845/2109/2249
f 2862/2106/2246 2857/1874/2037 2844/1824/1988
f 3632/2110/2250 2859/2105/2245 2840/2111/2251
f 2514/2102/2242 2849/2074/2216 2853/1857/2020
f 2842/2108/2248 2514/2102/2242 2853/1857/2020
f 3534/2112/2252 2864/1793/1957 3116/2075/2217
f 2841/2104/2244 2848/2103/2243 2839/2113/2253
f 2506/1828/1992 3681/2114/2254 2512/1859/2022
f 3527/2107/2247 2839/2113/2253 3534/2112/2252
f 2845/2109/2249 2853/1857/2020 2860/1858/2021
f 2512/1859/2022 3681/2114/2254 3676/1860/2023
f 2466/2115/2255 2506/1828/1992 2512/1859/2022
f 2855/2116/2256 2845/2109/2249 2863/1867/2030
f 2839/2113/2253 2855/2116/2256 2864/1793/1957
f 2478/1871/2034 2867/2117/2257 2859/2105/2245
f 2867/2117/2257 2535/2076/2218 2862/2106/2246
f 3631/2118/2258 2478/1871/2034 3632/2110/2250
f 2863/1867/2030 2860/1858/2021 2865/1875/2038
f 2475/1802/1966 3706/2119/2259 2543/1865/2028
f 2466/2115/2255 3701/2120/2260 3706/2119/2259
f 2467/1829/1993 2466/2115/2255 2476/1801/1965
f 2783/1870/2033 2786/2020/2162 2867/2117/2257
f 2788/2121/2261 2789/1869/2032 3631/2118/2258
f 2554/2122/2262 2875/2123/2263 2871/2124/2264
f 2496/2125/2265 3702/2126/2266 3711/2127/2267
f 2497/1803/1967 2871/2124/2264 2476/1801/1965
f 3711/2127/2267 3712/2128/2268 2496/2125/2265
f 2580/1994/2137 2611/1902/2060 2876/2129/2269
f 3332/2130/2270 3326/2131/2271 3034/2132/2272
f 3036/2133/1814 2902/2134/1816 3035/2135/2273
f 2902/2134/1816 2907/2136/1821 2906/2137/2274
f 3326/2131/2271 3327/2138/2275 2901/2139/2276
f 2907/2136/1821 2910/2140/2277 2905/2141/2278
f 3327/2138/2275 3328/2142/2279 2908/2143/2280
f 3020/2144/2281 2912/2145/2282 2911/2146/2283
f 2900/1652/1825 2915/2147/1825 2903/2148/2284
f 3325/2149/2285 3330/2150/2285 2916/2151/2286
f 2916/2152/2286 2918/2153/2287 2899/2154/2288
f 3046/2155/2289 2920/2156/2290 3043/2157/2291
f 2920/2156/2290 2922/2158/2292 2919/2159/2293
f 2927/2160/2294 2924/2161/2295 2923/2162/2296
f 2933/2163/2297 2931/2164/2298 2930/2165/2299
f 2924/2161/2295 2933/2163/2297 2932/2166/2300
f 2927/2160/2294 2925/2167/2301 2928/2168/2302
f 2939/2169/2303 2938/2170/2304 2940/2171/2305
f 2938/2170/2304 2939/2169/2303 2937/2172/2306
f 2941/2173/2307 2944/2174/2308 2940/2171/2305
f 2947/2175/2309 2943/2176/2310 2946/2177/2311
f 2947/2175/2309 2946/2177/2311 2945/2178/2312
f 2944/2174/2308 2941/2173/2307 2945/2178/2312
f 2943/2176/2310 2948/2179/2313 2942/2180/2314
f 2935/2181/2315 2938/2170/2304 2937/2172/2306
f 2955/2182/2316 2954/2183/2317 2952/2184/2318
f 3962/2185/2319 2957/2186/2320 3963/2187/2321
f 2935/2181/2315 2936/2188/2322 2934/2189/2323
f 2927/2160/2294 2926/2190/2324 2925/2167/2301
f 2960/2191/2325 2962/2192/2326 2959/2193/2327
f 2962/2192/2326 2964/2194/2328 2963/2195/2329
f 2974/2196/2330 2976/2197/2331 2973/2198/2332
f 2976/2197/2331 2978/2199/2333 2975/2200/2334
f 3852/2201/2335 3010/2202/2336 3009/2203/2337
f 2978/2199/2333 2981/2204/2338 2980/2205/2339
f 2981/2204/2338 2983/2206/2340 2982/2207/2341
f 2989/2208/2342 2985/2209/2343 2988/2210/2344
f 3279/2211/1885 2993/2212/1885 2992/2213/1886
f 3242/2214/2345 2991/2215/2346 2990/2216/2347
f 2913/2217/2348 2995/2218/2349 2994/2219/2350
f 3023/2220/2351 3008/2221/2352 3022/2222/2353
f 3022/2222/2353 3007/2223/2354 3024/2224/2355
f 3014/2225/2356 3016/2226/2357 3015/2227/2358
f 3771/2228/2359 3020/2144/2281 3019/2229/2360
f 3843/2230/2361 3331/2231/2362 3844/2232/2363
f 2997/2233/2364 3586/2234/2365 3027/2235/2366
f 3064/2236/2367 3077/2237/2368 3075/2238/2369
f 3011/2239/2370 3033/2240/2371 3010/2202/2336
f 3010/2202/2336 3032/2241/2372 3009/2203/2337
f 3009/2203/2337 3031/2242/2373 2908/2243/2280
f 3045/2244/2374 3046/2155/2289 3044/2245/2375
f 2918/2153/2287 3045/2244/2374 2917/2246/2376
f 3050/2247/2377 3049/2248/2378 2918/2153/2287
f 3031/2242/2373 3032/2241/2372 3048/2249/2379
f 3047/2250/2380 3034/2251/2272 2901/2252/2276
f 2922/2158/2292 2920/2156/2290 3052/2253/2381
f 2918/2153/2287 2916/2152/2286 3050/2247/2377
f 2922/2158/2292 2927/2160/2294 2928/2168/2302
f 3050/2247/2377 3042/2254/2382 3053/2255/2383
f 2933/2163/2297 3052/2253/2381 3973/2256/2384
f 3053/2255/2383 3038/2257/2385 3034/2251/2272
f 3040/2258/1825 3037/2259/1825 3041/2260/2386
f 3862/2261/2387 3863/2262/2388 3870/2263/2389
f 3973/2256/2384 2931/2164/2298 2933/2163/2297
f 2922/2158/2292 3052/2253/2381 2933/2163/2297
f 3081/2264/2390 3127/2265/2391 3875/2266/2392
f 3126/2267/2393 3120/2268/2394 3100/2269/2395
f 3080/2270/2396 3096/2271/2397 3081/2264/2390
f 2954/2183/2317 3081/2264/2390 2951/2272/2398
f 2955/2182/2316 3080/2270/2396 2954/2183/2317
f 3089/2273/2399 3126/2267/2393 3088/2274/2400
f 3082/2275/2401 2943/2176/2310 2947/2175/2309
f 2957/2186/2320 2958/2276/2402 2956/2277/2403
f 2957/2186/2320 3089/2273/2399 2958/2276/2402
f 3127/2265/2391 3106/2278/2404 3104/2279/2405
f 3124/2280/2406 3115/2281/2407 3101/2282/2408
f 3541/2283/2409 3546/2284/2410 3532/2285/2411
f 3725/2286/2412 3166/2287/2413 3175/2288/2414
f 3147/2289/2415 3150/2290/2416 3085/2291/2417
f 3120/2268/2394 2960/2191/2325 3119/2292/2418
f 3095/2293/2419 3113/2294/2420 3966/2295/2421
f 3096/2271/2397 3105/2296/2422 3127/2265/2391
f 3099/2297/2423 3125/2298/2424 3091/2299/2425
f 3126/2267/2393 3123/2300/2426 3988/2301/2427
f 3109/2302/2428 3133/2303/2429 3108/2304/2430
f 3740/2305/2431 3148/2306/2432 3097/2307/2433
f 3139/2308/2434 2967/2309/2435 2966/2310/2436
f 3846/2311/2437 2955/2182/2316 2950/2312/2438
f 2967/2309/2435 2968/2313/2439 2966/2310/2436
f 3105/2296/2422 3139/2308/2434 3138/2314/2440
f 3136/2315/2441 3137/2316/2442 3138/2314/2440
f 3848/2317/2443 3138/2314/2440 3137/2316/2442
f 3138/2314/2440 3848/2317/2443 3106/2278/2404
f 3085/2291/2417 3141/2318/2444 3029/2319/2445
f 3384/1820/1984 3522/1822/1986 3410/2320/2446
f 3519/2321/2447 3514/2322/2448 3530/2323/2449
f 3144/2324/2450 3098/2325/2451 3142/2326/2452
f 3590/2327/2453 3087/2328/2454 3589/2329/2455
f 3528/2330/2456 3523/2331/2457 3519/2321/2447
f 3513/2332/2458 3144/2324/2450 3142/2326/2452
f 3147/2289/2415 3729/2333/2459 3150/2290/2416
f 3087/2328/2454 3145/2334/2460 3086/2335/2461
f 3743/2336/2462 3124/2280/2406 3736/2337/2463
f 3037/2259/1825 3036/2133/1814 3039/2338/2464
f 2915/2147/1825 3040/2258/1825 2914/2339/2284
f 3158/2340/2465 2970/2341/2466 2969/2342/2467
f 3147/2289/2415 3086/2335/2461 3143/2343/2468
f 3091/2299/2425 3121/2344/2469 3092/2345/2470
f 3526/2346/2471 3535/2347/2472 3530/2323/2449
f 3185/2348/2473 3190/2349/2474 3168/2350/2475
f 3184/2351/2476 3191/2352/2477 3171/2353/2478
f 3115/2281/2407 3128/2354/2479 3101/2282/2408
f 3757/2355/2480 3306/2356/2481 3298/2357/2482
f 3876/2358/2483 3192/2359/2484 3199/2360/2485
f 3532/2285/2411 3176/2361/2486 3545/2362/2487
f 3467/2363/2488 3111/2364/2489 3461/2365/2490
f 3128/2354/2479 3198/2366/2491 3159/2367/2492
f 3535/2347/2472 3542/2368/2493 3531/2369/2494
f 3092/2345/2470 3737/2370/2495 3124/2280/2406
f 3198/2366/2491 3213/2371/2496 3197/2372/2497
f 3234/2373/2498 3222/2374/2499 3239/2375/2500
f 3213/2371/2496 3205/2376/2501 3212/2377/2502
f 3212/2377/2502 3208/2378/2503 3207/2379/2504
f 3220/2380/2505 3216/2381/2506 3217/2382/2507
f 3227/2383/2508 3258/2384/2509 3267/2385/2510
f 3200/2386/2511 4001/2387/2512 3886/2388/2513
f 3217/2382/2507 3209/2389/2514 3240/2390/2515
f 3209/2391/2514 3230/2392/2516 3236/2393/2517
f 3216/2394/2506 3232/2395/2518 3209/2391/2514
f 3208/2396/2503 3224/2397/2519 3893/2398/2520
f 3205/2399/2501 3225/2400/2521 3224/2397/2519
f 2983/2206/2340 2989/2401/2342 2986/2402/2522
f 2989/2401/2342 2987/2403/2523 2986/2402/2522
f 2989/2208/2342 2988/2210/2344 2987/2404/2523
f 3257/2405/2524 3253/2406/2525 3252/2407/2526
f 3236/2393/2517 3227/2383/2508 3225/2400/2521
f 3258/2384/2509 3248/2408/2527 3249/2409/2528
f 2985/2209/2343 3242/2214/2345 3254/2410/2529
f 3267/2385/2510 3249/2409/2528 3247/2411/2530
f 4003/2412/2531 4004/2413/2532 3242/2214/2345
f 3259/2414/2533 3251/2415/2534 3248/2408/2527
f 3745/2416/2535 3240/2390/2515 3299/2417/2536
f 3224/2397/2519 3266/2418/2537 3899/2419/2538
f 3230/2392/2516 3259/2414/2533 3258/2384/2509
f 3225/2400/2521 3267/2385/2510 3266/2418/2537
f 3507/2420/2079 3278/2421/2079 3277/1923/2080
f 3249/2409/2528 3293/2422/2539 3247/2411/2530
f 2991/2215/2346 3279/2211/1885 3280/2423/1886
f 3253/2406/2525 3286/2424/2540 3285/2425/2541
f 3767/2426/2542 3249/2409/2528 3248/2408/2527
f 3311/2427/2543 3304/2428/2544 3307/2429/2545
f 3198/2366/2491 3299/2417/2536 3213/2371/2496
f 3128/2354/2479 3747/2430/2546 3756/2431/2547
f 3303/2432/2548 3311/2427/2543 3298/2357/2482
f 3213/2371/2496 3299/2417/2536 3240/2390/2515
f 3240/2390/2515 3236/2433/2517 3213/2371/2496
f 3508/2434/2080 3277/1923/2080 3506/2435/2549
f 3324/2436/2550 3323/2437/2550 3318/2438/2550
f 3323/2437/2550 3322/2439/2550 3319/2440/2550
f 3321/2441/2550 3324/2436/2550 3317/2442/2550
f 3035/2135/2273 2904/2443/2551 3332/2130/2270
f 2904/2443/2551 2906/2137/2274 3326/2131/2271
f 2906/2137/2274 2905/2141/2278 3327/2138/2275
f 2903/2148/2284 2914/2339/2284 3330/2150/2285
f 3845/2444/2552 3019/2229/2360 3843/2230/2361
f 3041/2260/2386 3039/2338/2464 3333/2445/2553
f 3039/2338/2464 3035/2135/2273 3333/2445/2553
f 2914/2339/2284 3041/2260/2386 3334/2446/2554
f 3337/2447/2555 2916/2151/2286 3340/2448/2556
f 4057/2449/2557 3343/2450/2558 3341/2451/2559
f 3335/2452/2560 3042/2453/2382 4058/2454/2561
f 3042/2453/2382 2916/2151/2286 3337/2447/2555
f 4058/2454/2561 3042/2453/2382 3337/2447/2555
f 4050/2455/2562 3382/2456/2563 4049/2457/2564
f 4047/2458/2565 3373/2459/2566 3377/2460/2567
f 4051/2461/2568 3376/2462/2569 4048/2463/2570
f 4048/2463/2570 3380/2464/2571 4047/2458/2565
f 3381/2465/2572 3383/2466/2573 3376/2462/2569
f 3374/2467/2574 3383/2466/2573 3382/2456/2563
f 3373/2459/2566 3383/2466/2573 3377/2460/2567
f 3382/2456/2563 3383/2466/2573 3375/2468/2575
f 3377/2460/2567 3383/2466/2573 3372/2469/2576
f 3372/2469/2576 3383/2466/2573 3378/2470/2577
f 3378/2470/2577 3383/2466/2573 3371/2471/2578
f 3371/2471/2578 3383/2466/2573 3379/2472/2579
f 3379/2472/2579 3383/2466/2573 3374/2467/2574
f 3380/2464/2571 3383/2466/2573 3373/2459/2566
f 3376/2462/2569 3383/2466/2573 3380/2464/2571
f 3375/2468/2575 3383/2466/2573 3381/2465/2572
f 4081/2473/2580 3359/2474/2581 4084/2475/2582
f 4084/2475/2582 3359/2474/2581 4078/2476/2583
f 3968/2477/2584 3969/2478/2585 3879/2479/2586
f 3291/2480/2128 3959/2481/2128 3956/2482/2129
f 3995/2483/2587 3211/2484/2588 3895/2485/2589
f 3872/2486/2590 3859/2487/2591 3079/2488/2592
f 3969/2478/2585 3993/2489/2593 3882/2490/2594
f 3131/2491/2595 3193/2492/2596 3194/2493/2597
f 3229/2494/2598 3909/2495/2599 3894/2496/2600
f 3070/2497/2601 3990/2498/2602 3908/2499/2603
f 3219/2500/2604 3231/2501/2605 3216/2394/2506
f 3255/2502/2606 3252/2407/2526 3251/2415/2534
f 3232/2395/2518 3255/2502/2606 3259/2414/2533
f 3241/2503/2607 3219/2504/2604 3220/2380/2505
f 3231/2501/2605 3257/2405/2524 3255/2502/2606
f 3425/2505/2608 3426/2506/2609 3394/2507/2610
f 3385/2508/2611 3390/2509/2612 3392/2510/2613
f 3389/2511/2614 3394/2507/2610 3388/2512/2615
f 3388/2512/2615 3393/2513/2616 3386/2005/2147
f 3426/2506/2609 3427/2514/2617 3398/2515/2618
f 3394/2507/2610 3398/2515/2618 3393/2513/2616
f 3393/2513/2616 3400/2516/2619 3391/2015/2157
f 3390/2509/2612 3402/2517/2620 3392/2510/2613
f 3468/2518/2621 3428/2519/2622 3465/2520/2623
f 3465/2520/2623 3405/2521/2624 3464/2522/2625
f 3469/2022/2164 3404/2024/2166 3463/2523/2626
f 3463/2523/2626 3406/2524/2627 3462/2525/2628
f 3406/2524/2627 3412/2526/2629 3413/2527/2630
f 3404/2024/2166 3411/2029/2171 3406/2524/2627
f 3411/2029/2171 3414/2031/2173 3412/2526/2629
f 3412/2526/2629 3415/2528/2631 3416/2529/2632
f 3414/2031/2173 3417/2034/2176 3415/2528/2631
f 3415/2528/2631 3418/2530/2633 3419/2531/2634
f 3417/2034/2176 3420/2037/2179 3418/2530/2633
f 3418/2530/2633 3421/2532/2635 3419/2531/2634
f 3420/2037/2179 3423/2533/2636 3424/2534/2637
f 3387/2535/2638 3392/2510/2613 3426/2506/2609
f 3392/2510/2613 3399/2536/2639 3427/2514/2617
f 3462/2525/2628 3407/2537/2640 3468/2518/2621
f 3492/2538/2641 3453/2539/2642 3409/2540/2643
f 3449/2541/2644 3447/2542/2645 3405/2521/2624
f 3447/2542/2645 3448/2543/2646 3403/2544/2647
f 3441/2545/2648 3442/2546/2649 3436/2547/2650
f 3434/2548/2651 3435/2549/2652 3446/2550/2653
f 3428/2519/2622 3407/2537/2640 3413/2527/2630
f 3437/2551/2654 3440/2552/2655 3441/2545/2648
f 3445/2553/2656 3443/2554/2657 3448/2543/2646
f 3436/2547/2650 3439/2555/2658 3447/2542/2645
f 3436/2547/2650 3416/2529/2632 3419/2531/2634
f 3441/2545/2648 3419/2531/2634 3422/2556/2659
f 3458/2557/2660 3457/2558/2661 3446/2550/2653
f 3439/2555/2658 3438/2559/2662 3447/2542/2645
f 3444/2560/2663 3446/2550/2653 3443/2554/2657
f 3449/2541/2644 3413/2527/2630 3416/2529/2632
f 3457/2558/2661 3430/2561/2664 3448/2543/2646
f 3445/2553/2656 3438/2559/2662 3439/2555/2658
f 3442/2546/2649 3440/2552/2655 3445/2553/2656
f 3409/2540/2643 3385/2508/2611 3387/2535/2638
f 3545/2362/2487 3468/2518/2621 3542/2368/2493
f 3402/2517/2620 3390/2509/2612 3454/2562/2665
f 3456/2563/2666 3455/2564/2667 3454/2562/2665
f 3452/2565/2668 3455/2564/2667 3453/2539/2642
f 3390/2509/2612 3385/2508/2611 3456/2563/2666
f 3432/2566/2669 3430/2561/2664 3457/2558/2661
f 3432/2566/2669 3450/2567/2670 3430/2561/2664
f 3451/2568/2671 3452/2565/2668 3492/2538/2641
f 3523/2331/2457 3451/2568/2671 3514/2322/2448
f 3459/2569/2672 3387/2535/2638 3425/2505/2608
f 3408/2570/2673 3389/2511/2614 3410/2320/2446
f 3514/2322/2448 3492/2538/2641 3525/2571/2674
f 3116/2075/2217 3469/2022/2164 3546/2284/2410
f 3542/2368/2493 3465/2520/2623 3173/2572/2675
f 3430/2561/2664 3461/2365/2490 3403/2544/2647
f 3450/2567/2670 3467/2363/2488 3430/2561/2664
f 3176/2361/2486 3462/2525/2628 3545/2362/2487
f 3546/2284/2410 3463/2523/2626 3176/2361/2486
f 3410/2320/2446 3388/2512/2615 3384/1820/1984
f 3429/2573/2676 3425/2505/2608 3389/2511/2614
f 3618/2574/2677 3558/2575/2678 3557/2576/2679
f 3611/2577/2680 3497/2578/2681 3496/2579/2682
f 3610/2580/2683 3494/2581/2684 3609/2582/2685
f 3286/2424/2540 3504/2583/2079 3503/2584/2080
f 3507/2420/2079 3504/2583/2079 3551/2585/2686
f 3504/2583/2079 3507/2420/2079 3508/2434/2080
f 3552/2586/2686 3553/2587/2686 3278/2421/2079
f 3087/2328/2454 3590/2327/2453 3554/2588/2687
f 3145/2334/2460 3513/2332/2458 3512/2589/2688
f 3516/2590/2689 3521/2591/2690 3528/2330/2456
f 3459/2569/2672 3152/2592/2691 3409/2540/2643
f 3429/2573/2676 3518/2593/2692 3152/2592/2691
f 3408/2570/2673 3524/2594/2693 3429/2573/2676
f 3410/2320/2446 3517/2595/2694 3408/2570/2673
f 3533/2596/2695 3528/2330/2456 3539/2597/2696
f 3522/1822/1986 3527/2107/2247 3517/2595/2694
f 3524/2594/2693 3529/2598/2697 3520/2599/2698
f 3539/2597/2696 3519/2321/2447 3531/2369/2494
f 3645/2600/2699 3516/2590/2689 3533/2596/2695
f 3152/2592/2691 3526/2346/2471 3525/2571/2674
f 3518/2593/2692 3520/2599/2698 3526/2346/2471
f 3534/2112/2252 3116/2075/2217 3541/2283/2409
f 3517/2595/2694 3515/2601/2700 3524/2594/2693
f 3561/2602/2701 3562/2603/2702 3144/2324/2450
f 3527/2107/2247 3534/2112/2252 3515/2601/2700
f 3520/2599/2698 3540/2604/2703 3535/2347/2472
f 3097/2307/2433 3148/2306/2432 3142/2326/2452
f 3529/2598/2697 3532/2285/2411 3540/2604/2703
f 3515/2601/2700 3541/2283/2409 3529/2598/2697
f 3111/2364/2489 3533/2596/2695 3544/2605/2704
f 3544/2605/2704 3539/2597/2696 3173/2572/2675
f 3644/2606/2705 3645/2600/2699 3111/2364/2489
f 3540/2604/2703 3545/2362/2487 3542/2368/2493
f 3098/2325/2451 3109/2302/2428 3097/2307/2433
f 3461/2365/2490 3544/2605/2704 3464/2522/2625
f 3466/2607/2706 3644/2606/2705 3467/2363/2488
f 3231/2501/2605 3548/2608/2707 3550/2609/2708
f 3549/2610/2709 3548/2608/2707 3219/2500/2604
f 3796/2611/2710 3788/2612/2711 2433/2613/2712
f 2397/1740/1908 2410/1749/1917 3796/2611/2710
f 2415/1756/1923 2412/1744/1912 3788/2612/2711
f 2410/1749/1917 2415/1756/1923 3796/2611/2710
f 3788/2612/2711 3797/2614/2713 2433/2613/2712
f 3053/2255/2383 3861/2615/2714 3050/2247/2377
f 3047/2250/2380 3048/2249/2379 3053/2255/2383
f 3048/2249/2379 3862/2261/2387 3870/2263/2389
f 2895/2616/2715 4085/1635/1808 2898/2617/2716
f 2267/1636/1809 4085/1635/1808 2895/2616/2715
f 2896/2618/2717 2898/2617/2716 4086/1637/1810
f 2910/2619/2277 2273/1649/1822 2277/2620/2718
f 2666/1651/1824 2278/2621/1900 3770/2622/2719
f 3020/2144/2281 2386/2623/2720 3571/2624/2721
f 2669/2625/2722 2387/2626/1898 3570/2627/2723
f 2912/2145/2282 3571/2624/2721 4114/2628/2724
f 3570/2627/2723 2279/2629/1899 2667/2630/2725
f 3772/1773/1937 2308/1683/1853 3773/1774/1938
f 2316/1691/1861 2315/2631/2726 2322/2632/2727
f 2322/2632/2727 2321/2633/2728 2324/1788/1952
f 2331/2634/2729 2330/1699/1869 2332/2635/2730
f 4088/2636/2731 2332/2635/2730 3775/1815/1979
f 3777/2637/2732 2378/2638/2733 3776/2639/2734
f 2378/2638/2733 2379/1738/1906 2380/2640/2735
f 2340/1702/1872 2339/2641/2736 2342/1703/1873
f 2378/2638/2733 2377/1733/1901 2379/1738/1906
f 3942/2642/2737 2357/1712/1882 2353/1714/1884
f 3942/2643/2737 2587/2644/2738 2351/1897/2057
f 4116/2645/2739 2279/1730/1899 3572/1737/1905
f 4115/2646/2740 3573/1735/1903 3574/1734/1902
f 4112/2647/2741 2376/2648/2742 2361/2649/2743
f 4106/2650/2744 2363/2651/2745 4108/2652/2746
f 4107/2653/2747 2361/2649/2743 2363/2651/2745
f 4108/2652/2746 2362/2654/2748 4109/2655/2749
f 2505/1818/1982 3673/2656/2750 2461/2657/2751
f 4124/2658/2752 3576/2659/2753 2372/2660/2754
f 4111/2661/2755 2372/2660/2754 3577/2098/2238
f 4129/2662/2756 2373/2663/2757 4128/2664/2758
f 4128/2664/2758 3578/2665/2759 3579/2666/2760
f 4110/2667/2761 3577/2098/2238 3580/2097/2237
f 4130/2668/2762 3580/2097/2237 4129/2662/2756
f 2374/2669/2763 2880/2670/2764 3583/2671/2765
f 4146/2672/2766 2374/2669/2763 4131/2673/2767
f 4127/2674/2768 3579/2666/2760 2374/2669/2763
f 3581/2675/2769 3583/2671/2765 2822/2676/2770
f 2389/2677/2771 2388/1736/1904 2375/2678/2772
f 2388/1736/1904 2390/1726/1895 3779/2679/2773
f 4115/2646/2740 3572/1737/1905 3573/1735/1903
f 2389/2677/2771 2375/2678/2772 3782/2680/2774
f 3776/2639/2734 2380/2640/2735 2381/2681/2775
f 3783/2682/2776 2381/2681/2775 2382/2683/2777
f 2383/2684/2778 2382/2683/2777 3916/2685/2779
f 2278/1731/1900 2378/2638/2733 2276/2686/2780
f 3778/1728/1897 3776/2639/2734 3783/2682/2776
f 3778/1728/1897 3783/2682/2776 2383/2684/2778
f 2420/2687/2781 3791/1748/1916 3926/2688/2782
f 3771/2228/2359 2277/2620/2718 2386/2623/2720
f 3770/2622/2719 2276/2689/2780 2669/2625/2722
f 3575/2690/2783 3574/1734/1902 2389/2677/2771
f 2276/2686/2780 3777/2637/2732 2387/1729/1898
f 2376/2648/2742 2393/2691/2784 2361/2649/2743
f 3575/2690/2783 2389/2677/2771 2393/2691/2784
f 3924/2692/2785 3790/2693/2786 3789/2694/2787
f 3920/2695/2788 2427/2696/2789 2440/2697/2790
f 2382/2683/2777 2381/2681/2775 2399/2698/2791
f 2381/2681/2775 2380/2640/2735 4021/2699/2792
f 2380/2640/2735 2379/1738/1906 4020/2700/2793
f 3916/2685/2779 2382/2683/2777 2399/2698/2791
f 2400/1639/1812 4027/2701/2794 4024/1953/2097
f 4032/2702/2795 2672/1753/1920 4028/1955/2099
f 3911/2703/2796 2409/1661/1831 2413/2704/2797
f 2425/1746/1914 2420/2687/2781 2424/2705/2798
f 3797/2614/2713 2430/2706/2799 3794/2707/2800
f 3912/1758/1925 2296/1772/1936 2416/2708/2801
f 3808/1809/1973 2448/1782/1946 2499/2709/2802
f 3921/1769/1933 3920/2695/2788 2426/2710/2803
f 3917/2711/2804 2399/2698/2791 2418/1765/1929
f 2411/1745/1913 2408/1741/1909 3911/2703/2796
f 2421/2712/2805 2431/2713/2806 2422/2714/2807
f 3921/1769/1933 3918/2715/2808 2428/1770/1934
f 2433/2613/2712 2429/2716/2809 2428/1770/1934
f 3793/2717/2810 2432/1771/1935 3794/2707/2800
f 3793/2717/2810 3795/2718/2811 2427/2696/2789
f 3911/2703/2796 2413/2704/2797 2422/2714/2807
f 3919/2719/2812 2423/2720/2813 2424/2705/2798
f 3917/2711/2804 2418/1765/1929 2419/1764/1928
f 3790/2693/2786 2421/2712/2805 2414/1754/1921
f 3912/1758/1925 2416/2708/2801 3790/2693/2786
f 3919/2719/2812 2433/2613/2712 2423/2720/2813
f 2452/2721/2814 2435/2722/2815 3806/2723/2816
f 2425/1746/1914 2424/2705/2798 2423/2720/2813
f 3792/1747/1915 2425/1746/1914 3918/2715/2808
f 3920/2695/2788 3921/1769/1933 2432/1771/1935
f 3793/2717/2810 3794/2707/2800 2430/2706/2799
f 3779/2679/2773 2383/2684/2778 3784/2724/2817
f 2296/1772/1936 2295/1671/1841 2294/2725/2818
f 2421/2712/2805 2422/2714/2807 2413/2704/2797
f 3787/1780/1944 3804/2726/2819 3805/2727/2820
f 3927/1767/1931 3808/1809/1973 3913/1797/1961
f 2449/1783/1947 3801/2728/2821 2490/1799/1963
f 3800/2729/2822 2441/2730/2823 2436/2731/2824
f 3782/2680/2774 2385/2732/2825 3785/2733/2826
f 2441/2730/2823 3924/2692/2785 2300/1687/1857
f 3683/1843/2007 2394/1779/1943 2519/1844/2008
f 3786/1848/2012 3785/2733/2826 3787/1780/1944
f 2439/2734/2827 2444/2735/2828 3811/2736/2829
f 2446/2737/2830 2306/1675/1845 2312/1681/1851
f 2441/2730/2823 2303/1676/1846 2306/1675/1845
f 4090/2738/2831 2460/1785/1949 4089/2739/2832
f 3810/2740/2833 2436/2731/2824 2452/2721/2814
f 2316/1691/1861 2322/2632/2727 3801/2728/2821
f 2393/2691/2784 3782/2680/2774 3786/1848/2012
f 2395/2741/2834 2396/1846/2010 2504/2742/2835
f 2369/1723/1892 2395/2741/2834 2456/2743/2836
f 2324/1788/1952 2460/1785/1949 4090/2738/2831
f 3804/2726/2819 3929/1990/2133 3805/2727/2820
f 2490/1799/1963 3780/2744/2837 3781/2745/2838
f 3913/1797/1961 2499/2709/2802 3914/2746/2839
f 3687/2747/2840 3686/2748/2841 2477/2749/2842
f 3687/2747/2840 3700/1866/2029 4154/2750/2843
f 2511/2751/2844 2456/2743/2836 3674/1806/1970
f 3928/2752/2845 2479/1798/1962 2492/2753/2846
f 3703/1841/2005 3694/2754/2847 4156/2755/2848
f 2468/1819/1983 2461/2657/2751 3689/2756/2849
f 2465/2757/2850 2485/2758/2851 2474/2759/2852
f 2489/1776/1940 2483/1778/1942 4091/2760/2853
f 2486/1781/1945 3805/2727/2820 3803/2761/2854
f 2499/2709/2802 2464/1784/1948 2498/2762/2855
f 3780/2744/2837 4089/2739/2832 4091/2760/2853
f 3685/2763/2856 2532/2764/2857 4161/2765/2858
f 2504/2742/2835 3672/2766/2859 2515/2767/2860
f 3774/1814/1978 3781/2745/2838 4088/2636/2731
f 2510/1805/1969 2371/1725/1894 2511/2751/2844
f 4109/2655/2749 2365/2768/2861 2364/1823/1987
f 2475/1802/1966 3699/1856/2019 2496/2125/2265
f 2537/2769/2862 3699/1856/2019 2541/2770/2863
f 3677/1817/1981 3676/1860/2023 4095/2771/2864
f 3707/2772/2865 3689/2756/2849 4250/2773/2866
f 2544/2774/2867 2466/2115/2255 2512/1859/2022
f 2503/1813/1977 2500/1812/1976 2333/2775/2868
f 3772/1773/1937 3808/1809/1973 3927/1767/1931
f 3809/2776/2869 2333/2775/2868 2334/2777/2870
f 2336/2778/2871 2347/2779/2872 2338/1700/1870
f 3914/2746/2839 2498/2762/2855 2492/2753/2846
f 2498/2762/2855 2472/1800/1964 2503/1813/1977
f 2502/1811/1975 2473/1810/1974 3774/1814/1978
f 3705/2780/2873 2477/2749/2842 4206/2781/2874
f 2456/2743/2836 2395/2741/2834 3675/1807/1971
f 2505/1818/1982 3677/1817/1981 4097/2782/2875
f 4126/2783/2876 2510/1805/1969 3576/2659/2753
f 2369/1723/1892 2367/1722/1891 2395/2741/2834
f 4125/2784/2877 3576/2659/2753 4124/2658/2752
f 3673/2656/2750 2505/1818/1982 4093/2785/2878
f 3688/2786/2879 3696/1876/2039 4205/2787/2880
f 2372/2660/2754 3576/2659/2753 2458/1838/2002
f 4092/2788/2881 2517/2789/2882 3673/2656/2750
f 4100/2790/2883 3679/1831/1995 3682/1830/1994
f 3680/2101/2241 3684/2791/2884 2836/1837/2001
f 2519/1844/2008 3678/2792/2885 4094/2793/2886
f 2533/2794/2887 3686/2748/2841 4157/2795/2888
f 4094/2793/2886 3678/2792/2885 4092/2788/2881
f 4099/2796/2889 3680/2101/2241 4098/1834/1998
f 2515/2767/2860 3672/2766/2859 4100/2790/2883
f 4095/2771/2864 3676/1860/2023 4101/2797/2890
f 3679/1831/1995 3672/2766/2859 2396/1846/2010
f 2518/1835/1999 3680/2101/2241 2507/2100/2240
f 2511/2751/2844 3674/1806/1970 2518/1835/1999
f 3673/2656/2750 2517/2789/2882 2462/2798/2891
f 2365/2768/2861 2394/1779/1943 2396/1846/2010
f 3576/2659/2753 2510/1805/1969 2457/1839/2003
f 4208/2799/2892 3706/2119/2259 4207/2800/2893
f 3682/1830/1994 3683/1843/2007 4103/2801/2894
f 3682/1830/1994 2394/1779/1943 3683/1843/2007
f 2327/1695/1865 4091/2760/2853 2483/1778/1942
f 3795/2718/2811 3793/2717/2810 2431/2713/2806
f 3801/2728/2821 4090/2738/2831 3780/2744/2837
f 2450/2802/2895 3922/2803/2896 2485/2758/2851
f 2421/2712/2805 3790/2693/2786 2431/2713/2806
f 3649/2804/2897 2788/2121/2261 2866/2805/2898
f 3795/2718/2811 3924/2692/2785 3800/2729/2822
f 3675/1807/1971 2504/2742/2835 4105/2806/2899
f 3784/2724/2817 3916/2685/2779 2385/2732/2825
f 2385/2732/2825 3782/2680/2774 2375/2678/2772
f 3806/2723/2816 2487/2807/2900 3798/2808/2901
f 2399/2698/2791 3917/2711/2804 3916/2685/2779
f 2362/2654/2748 2392/1847/2011 2394/1779/1943
f 2363/2651/2745 2392/1847/2011 2362/2654/2748
f 2392/1847/2011 2363/2651/2745 2361/2649/2743
f 2300/1687/1857 3789/2694/2787 2299/1694/1864
f 2492/2753/2846 3809/2776/2869 3933/2809/2902
f 3704/2810/2903 3690/2811/2904 4164/2812/2905
f 2495/2813/2906 3690/2811/2904 3691/2814/2907
f 3699/1856/2019 2475/1802/1966 3698/1854/2017
f 2495/2813/2906 2538/2815/2908 4163/2816/2909
f 3809/2776/2869 2334/2777/2870 2521/1851/2014
f 2511/2751/2844 2518/1835/1999 2507/2100/2240
f 3690/2811/2904 2495/2813/2906 4158/2817/2910
f 2638/2818/2911 3713/2819/2912 2643/2820/2913
f 2477/2749/2842 3685/2763/2856 2528/2821/2914
f 3689/2756/2849 3688/2786/2879 2529/2822/2915
f 3686/2748/2841 3687/2747/2840 2530/2823/2916
f 2475/1802/1966 3700/1866/2029 3705/2780/2873
f 3599/2824/2917 3649/2804/2897 2866/2805/2898
f 3693/2825/2918 4160/2826/2919 2532/2764/2857
f 4162/2827/2920 3702/2126/2266 2537/2769/2862
f 3695/1842/2006 4204/2828/2921 3696/1876/2039
f 4210/2829/2922 2543/1865/2028 3706/2119/2259
f 4155/2830/2923 2542/2831/2924 2533/2794/2887
f 2544/2774/2867 4252/2832/2925 3701/2120/2260
f 4253/2833/2926 3697/1928/2085 3704/2810/2903
f 2531/2834/2927 2534/2835/2928 2540/2836/2929
f 2461/2657/2751 2462/2798/2891 3688/2786/2879
f 2531/2834/2927 2540/2836/2929 4160/2826/2919
f 4163/2816/2909 2538/2815/2908 3702/2126/2266
f 3705/2780/2873 4206/2781/2874 3698/1854/2017
f 3703/1841/2005 4209/2837/2930 4204/2828/2921
f 4153/2838/2931 3700/1866/2029 2543/1865/2028
f 4156/2755/2848 3694/2754/2847 4155/2830/2923
f 3707/2772/2865 4251/2839/2932 2544/2774/2867
f 4254/2840/2933 2534/2835/2928 4253/2833/2926
f 3932/1863/2026 2346/1707/1877 2349/1710/1880
f 2474/2759/2852 3915/2841/2934 2494/2842/2935
f 3931/2843/2936 3815/2844/2937 2523/2845/2938
f 3928/2752/2845 2492/2753/2846 3933/2809/2902
f 2470/1792/1956 3803/2761/2854 3802/2846/2939
f 2336/2778/2871 2335/1853/2016 2347/2779/2872
f 3714/2847/2940 3712/2128/2268 2647/2848/2941
f 2494/2842/2935 2526/2849/2942 3934/2850/2943
f 3802/2846/2939 3935/2851/2944 3936/2852/2945
f 2336/2778/2871 2338/1700/1870 3814/2853/2946
f 3933/2809/2902 2521/1851/2014 2336/2778/2871
f 2522/1872/2035 3802/2846/2939 2546/2854/2947
f 3708/1914/2072 3709/1913/2071 2636/2855/2948
f 2523/2845/2938 2524/2856/2949 2552/2857/2950
f 3697/1928/2085 2534/2835/2928 2491/1862/2025
f 2496/2125/2265 2537/2769/2862 3702/2126/2266
f 3707/2772/2865 2544/2774/2867 2512/1859/2022
f 3705/2780/2873 3698/1854/2017 2475/1802/1966
f 2542/2831/2924 3694/2754/2847 2480/1861/2024
f 2533/2794/2887 2542/2831/2924 2480/1861/2024
f 2531/2834/2927 2480/1861/2024 2534/2835/2928
f 3693/2825/2918 2532/2764/2857 2480/1861/2024
f 2531/2834/2927 3693/2825/2918 2480/1861/2024
f 2533/2794/2887 2480/1861/2024 2532/2764/2857
f 2550/1877/2040 2546/2854/2947 2560/1879/2042
f 3814/2853/2946 3813/1864/2027 3816/2858/2951
f 2582/2859/2952 3940/2860/2953 3944/2861/2954
f 2560/1879/2042 3817/2862/2955 2556/2863/2055
f 2559/2864/2956 3816/2858/2951 3823/2865/2957
f 2584/2866/2958 3939/2867/2959 3947/2868/2132
f 3816/2858/2951 2587/2644/2738 3823/2865/2957
f 3949/2869/2960 2559/2864/2956 3821/2870/2961
f 3948/2871/2962 3949/2869/2960 2582/2872/2952
f 3937/2873/2963 3814/2853/2946 2559/2864/2956
f 3709/1913/2071 2641/2874/2964 4263/2875/2965
f 3940/2860/2953 3821/2876/2961 3941/2877/2966
f 3825/2878/2967 3823/2879/2957 3943/2880/2968
f 3813/1864/2027 3932/1863/2026 3816/2858/2951
f 2546/2854/2947 3936/2852/2945 3817/2862/2955
f 2640/1917/2075 3708/1914/2072 2646/2881/2969
f 3821/2876/2961 3823/2879/2957 2570/2882/2970
f 2549/2883/2971 2547/2884/2972 3826/2885/2973
f 2556/1895/2055 2566/2886/2974 2569/1910/2068
f 2548/2887/2975 3934/2850/2943 3939/2867/2959
f 3938/2888/2976 2552/2857/2950 3827/2889/2977
f 2585/2890/2978 3822/1988/2131 2576/1918/2076
f 2605/2891/2979 3950/2892/2980 2592/2893/2981
f 3951/2894/2982 2614/2895/2983 3829/2896/2984
f 3952/2897/2985 3830/2898/2986 3831/2899/2987
f 3830/2898/2986 2605/2891/2979 2592/2893/2981
f 2617/1908/2066 2608/2900/2988 2593/2901/2989
f 2618/1920/2078 2610/2902/2990 3832/2903/2991
f 3950/2892/2980 2590/1718/1887 2591/2904/2992
f 3825/2878/2967 3943/2880/2968 2605/2891/2979
f 3944/2861/2954 3941/2877/2966 3952/2897/2985
f 3941/2877/2966 2570/2882/2970 3830/2898/2986
f 2570/2882/2970 3825/2878/2967 2605/2891/2979
f 2571/1896/2056 2569/1910/2068 2608/2900/2988
f 3943/2880/2968 2353/1714/1884 2590/1718/1887
f 3833/2905/2993 2622/2906/2994 3268/2907/2994
f 2628/2908/2995 3761/2909/2996 2653/2910/2997
f 3955/1985/2129 2632/2911/2998 3835/2912/2998
f 2654/2913/2999 2628/2908/2995 4172/2914/3000
f 2632/2911/2998 3833/2905/2993 3837/2915/2993
f 2634/1924/2081 3834/2916/3001 3271/2917/3002
f 3836/2918/3003 2635/2919/3004 3273/2920/3004
f 2602/1995/2138 2597/1916/2074 3761/2909/2996
f 2622/2906/2994 2620/1715/1885 3268/2907/2994
f 2592/2893/2981 2591/2904/2992 2622/2906/2994
f 2601/2921/3005 3829/2896/2984 3838/2922/3006
f 3953/2923/3007 3831/2899/2987 2632/2911/2998
f 3958/2924/3008 2599/2925/3009 2626/2926/3010
f 3760/2927/3011 4256/2928/3012 4255/2929/3013
f 3831/2899/2987 2592/2893/2981 3833/2905/2993
f 2596/1909/2067 2593/2901/2989 2634/1924/2081
f 2627/2930/3014 3761/2909/2996 2597/1916/2074
f 3839/2931/3015 3832/2903/2991 2635/2919/3004
f 3760/2927/3011 3764/2932/3016 4256/2928/3012
f 2591/2904/2992 2359/1925/2082 2622/2906/2994
f 2351/1897/2057 2587/2644/2738 2349/1710/1880
f 3692/2933/3017 3691/2814/2907 4243/1942/3018
f 3691/2814/2907 2639/2934/3019 4245/1941/3020
f 3719/2935/3021 3711/2127/2267 4246/2936/3022
f 2648/2937/3023 2551/1873/2036 2640/1917/2075
f 2539/2938/3024 3692/2933/3017 4246/2936/3022
f 3714/2847/2940 2649/1932/2088 2642/1931/2087
f 2649/1932/2088 2650/2939/3025 4263/2875/2965
f 3710/1929/2086 2651/2940/3026 2639/2934/3019
f 2648/2937/3023 2652/2941/3027 3713/2819/2912
f 2491/1862/2025 2638/2818/2911 3710/1929/2086
f 3714/2847/2940 2647/2848/2941 2650/2939/3025
f 2638/2818/2911 2643/2820/2913 2651/2940/3026
f 2640/1917/2075 2646/2881/2969 2652/2941/3027
f 2644/2942/3028 3712/2128/2268 3719/2935/3021
f 2539/2938/3024 2538/2815/2908 3692/2933/3017
f 3710/1929/2086 2639/2934/3019 3697/1928/2085
f 2648/2937/3023 3713/2819/2912 2551/1873/2036
f 2497/1803/1967 2496/2125/2265 2554/2122/2262
f 3711/2127/2267 3702/2126/2266 2539/2938/3024
f 2638/2818/2911 2491/1862/2025 3713/2819/2912
f 3690/2811/2904 3704/2810/2903 3691/2814/2907
f 2568/1881/2044 2641/2874/2964 2565/1882/2045
f 2641/2874/2964 2568/1881/2044 2649/1932/2088
f 3761/2909/2996 2627/2930/3014 4166/2943/3029
f 3760/2927/3011 2634/1924/2081 3271/2917/3002
f 3759/2944/3030 4255/2929/3013 2627/2930/3014
f 4168/2945/3031 3762/2946/3032 2654/2913/2999
f 2826/2947/3033 3763/2948/3034 4169/2949/3035
f 2598/1906/2064 2634/1924/2081 3759/2944/3030
f 4169/2949/3035 3763/2948/3034 4168/2945/3031
f 2488/1791/1955 2462/2798/2891 2517/2789/2882
f 3678/2792/2885 2488/1791/1955 2517/2789/2882
f 2488/1791/1955 3678/2792/2885 2519/1844/2008
f 2360/2950/3036 3574/1734/1902 3575/2690/2783
f 2360/2950/3036 3575/2690/2783 4112/2647/2741
f 2308/1683/1853 3772/1773/1937 2447/1766/1930
f 2655/1935/2090 4211/2855/2090 4212/2951/2090
f 2656/1936/2090 4212/2951/2090 3717/2875/2090
f 2658/1940/2090 4218/2881/2090 4211/2855/2090
f 4220/2940/2090 4215/2820/2090 2659/1939/2090
f 4214/2952/2090 2658/1940/2090 2659/1939/2090
f 4216/2942/2090 2660/1944/2090 4217/2848/2090
f 4219/2939/2090 4217/2848/2090 2657/1938/2090
f 4247/2935/2090 3720/2936/2090 2660/1944/2090
f 4213/2941/2090 4218/2881/2090 2658/1940/2090
f 2273/1649/1822 2666/1651/1824 3770/2622/2719
f 2669/2625/2722 3570/2627/2723 2870/2953/3037
f 2870/2953/3037 3570/2627/2723 4113/2954/3038
f 2277/2620/2718 3770/2622/2719 2386/2623/2720
f 2677/1948/2092 4064/2955/3039 2281/1657/1829
f 2405/1947/1924 2679/2956/3040 4065/2957/3041
f 2676/2958/3042 2678/2959/3043 2684/2960/3044
f 2678/2959/3043 2673/2961/3045 2888/2962/2093
f 2677/1948/2092 2681/2963/3046 2687/2964/3047
f 2681/2963/3046 4065/2957/3041 2883/2965/3048
f 4062/1752/1919 2675/1751/1918 2685/2966/3049
f 2882/2967/3050 4063/2968/3051 2685/2966/3049
f 2680/2969/3052 2676/2958/3042 2884/2970/3053
f 2674/2971/3054 2680/2969/3052 2683/2972/3055
f 2672/1753/1920 2668/1945/1827 4066/2973/3056
f 4065/2957/3041 2681/2963/3046 2405/1947/1924
f 4063/2968/3051 2672/1753/1920 4062/1752/1919
f 4066/2973/3056 2675/1751/1918 2672/1753/1920
f 2668/1945/1827 2674/2971/3054 4066/2973/3056
f 2673/2961/3045 2281/1657/1829 4064/2955/3039
f 2673/2961/3045 2678/2959/3043 2281/1657/1829
f 2681/2963/3046 2677/1948/2092 2405/1947/1924
f 2682/2974/3057 4063/2968/3051 2882/2967/3050
f 4067/2975/3058 2682/2974/3057 2688/2976/3059
f 2673/2961/3045 4064/2955/3039 2886/2977/3060
f 4064/2955/3039 2677/1948/2092 2890/2978/3061
f 4065/2957/3041 2679/2956/3040 2686/2979/3062
f 2679/2956/3040 4067/2975/3058 2891/2980/3063
f 4066/2973/3056 2674/2971/3054 2885/2981/3064
f 2675/1751/1918 4066/2973/3056 2889/2982/3065
f 2683/2983/3055 2884/2984/3053 2690/2985/3066
f 2884/2984/3053 2684/2986/3044 4072/1980/2124
f 2685/2987/3049 2889/2988/3065 4076/1975/2119
f 2885/2989/3064 2683/2983/3055 2690/2985/3066
f 2890/2990/3061 2687/2991/3047 2691/2992/3067
f 2684/2986/3044 2888/1949/2093 4077/1981/2125
f 2883/2993/3048 2686/2994/3062 4071/1978/2122
f 2891/2995/3063 2688/2996/3059 4068/1982/2126
f 2886/2997/3060 2890/2990/3061 4074/2998/3068
f 2887/1950/2094 2886/2997/3060 2689/2999/3069
f 2688/2996/3059 2882/3000/3050 4069/1977/2121
f 2686/2994/3062 2891/2995/3063 2692/3001/3070
f 2687/2991/3047 2883/2993/3048 4070/1983/2127
f 2889/2988/3065 2885/2989/3064 2694/3002/3071
f 2882/3000/3050 2685/2987/3049 4075/1974/2118
f 2672/1753/1920 4032/2702/2795 4029/3003/3072
f 2400/1639/1812 2670/1638/1811 4026/3004/3073
f 4023/1956/2100 2405/1947/1924 4022/3005/3074
f 4031/3006/3075 2670/1638/1811 2696/3007/3076
f 4023/1956/2100 4022/3005/3074 2698/3008/3077
f 2696/3007/3076 4030/3009/3078 2702/3010/3079
f 4022/3005/3074 4025/1952/2096 4033/3011/3080
f 4024/1953/2097 4027/2701/2794 4034/3012/3081
f 4027/2701/2794 4026/3004/3073 2700/3013/3082
f 4026/3004/3073 4031/3006/3075 2700/3013/3082
f 4032/2702/2795 4028/1955/2099 4038/1959/2103
f 4030/3009/3078 4029/3003/3072 4035/1958/2102
f 4029/3003/3072 4032/2702/2795 4038/1959/2103
f 4031/3006/3075 2696/3007/3076 4037/3014/3083
f 2697/3015/3084 2699/1954/2098 2710/1970/2114
f 4033/3011/3080 2697/3015/3084 2704/1969/2113
f 2702/3010/3079 4036/1961/2105 2714/1966/2110
f 2698/3008/3077 4033/3011/3080 2709/1968/2112
f 4037/3014/3083 2702/3010/3079 2706/1965/2109
f 4038/1959/2103 2701/1957/2101 2708/1963/2107
f 2701/1957/2101 2698/3008/3077 2712/1973/2117
f 2700/3013/3082 4037/3014/3083 2706/1965/2109
f 4034/3012/3081 2700/3013/3082 2711/1972/2116
f 2699/1954/2098 4034/3012/3081 2703/1971/2115
f 4073/1979/2123 2692/3001/3070 2695/1976/2120
f 4074/2998/3068 2691/2992/3067 2695/1976/2120
f 4077/1981/2125 2693/1951/2095 2695/1976/2120
f 2694/3002/3071 2690/2985/3066 2695/1976/2120
f 2690/2985/3066 4072/1980/2124 2695/1976/2120
f 2691/2992/3067 4070/1983/2127 2695/1976/2120
f 4076/1975/2119 2694/3002/3071 2695/1976/2120
f 2692/3001/3070 4068/1982/2126 2695/1976/2120
f 2689/2999/3069 4074/2998/3068 2695/1976/2120
f 2693/1951/2095 2689/2999/3069 2695/1976/2120
f 2384/3016/3085 3925/3017/3086 2455/3018/3087
f 2524/2856/2949 2525/3019/3088 2553/3020/3089
f 3811/2736/2829 2434/3021/3090 3841/3022/3091
f 2434/3021/3090 2450/2802/2895 3807/3023/3092
f 2547/2884/2972 3960/3024/3093 3824/3025/3094
f 3798/2808/2901 2479/1798/1962 3928/2752/2845
f 2443/3026/3095 2440/2697/2790 3810/2740/2833
f 2623/3027/3096 2630/3028/3097 3275/3029/3097
f 2526/2849/2942 2493/3030/3098 2549/2883/2971
f 2630/3028/3097 3838/2922/3006 3840/3031/3006
f 3827/2889/2977 2563/3032/3099 2585/3033/2978
f 2600/3034/3100 2601/2921/3005 2630/3028/3097
f 2562/3035/3101 3827/2889/2977 3946/3036/3102
f 3805/2727/2820 3930/1992/2135 2481/3037/3103
f 3954/3038/3104 2616/3039/3105 3839/2931/3015
f 3946/3040/3102 2585/2890/2978 2574/3041/3106
f 3945/3042/3107 2558/3043/3108 2578/3044/3109
f 2485/2758/2851 3806/2723/2816 3915/2841/2934
f 2525/3019/3088 2494/2842/2935 2548/2887/2975
f 3930/1992/2135 2484/3045/3110 3931/2843/2936
f 2437/3046/3111 2438/3047/3112 3922/2803/2896
f 2558/3043/3108 3819/3048/3113 3820/3049/3114
f 2610/2902/2990 3951/2894/2982 2601/2921/3005
f 2616/3039/3105 2618/1920/2078 3839/2931/3015
f 2578/3044/3109 3842/3050/3115 2614/2895/2983
f 2608/2900/2988 2609/1912/2070 3958/2924/3008
f 2493/3030/3098 3799/3051/3116 2547/2884/2972
f 3832/2903/2991 2600/3034/3100 2623/3027/3096
f 2552/2857/2950 2553/3020/3089 3827/2889/2977
f 3939/2867/2959 3826/2885/2973 3945/3052/3107
f 3807/3023/3092 2465/2757/2850 2474/2759/2852
f 2609/1912/2070 3954/3038/3104 3958/2924/3008
f 2471/3053/3117 2474/2759/2852 2494/2842/2935
f 3824/3025/3094 3948/2871/2962 2582/2872/2952
f 2626/2926/3010 2633/3054/3118 3957/3055/3119
f 2445/3056/3120 2437/3046/3111 2434/3021/3090
f 2385/2732/2825 2384/3016/3085 3785/2733/2826
f 2484/3045/3110 3841/3022/3091 3931/2843/2936
f 2563/3032/3099 2584/2866/2958 3947/2868/2132
f 2427/2696/2789 3795/2718/2811 2440/2697/2790
f 2577/1919/2077 2578/3044/3109 3951/2894/2982
f 3834/2916/3001 2626/2926/3010 3269/3057/3121
f 2454/3058/3122 2443/3026/3095 2438/3047/3112
f 2594/3059/3123 2595/3060/3124 2631/1984/2128
f 3961/3061/3125 3946/3040/3102 2574/3041/3106
f 2481/3037/3103 3931/2843/2936 2523/2845/2938
f 2553/3020/3089 2548/2887/2975 2563/3032/3099
f 3925/3017/3086 2453/1987/2130 2444/2735/2828
f 2446/2737/2830 2451/1787/1951 2447/1766/1930
f 2566/2886/2974 3961/3061/3125 2573/1911/2069
f 2440/2697/2790 3800/2729/2822 3810/2740/2833
f 2436/2731/2824 2446/2737/2830 2435/2722/2815
f 3820/3049/3114 3944/2861/2954 3828/3062/3126
f 2438/3047/3112 3810/2740/2833 3922/2803/2896
f 2588/3063/3127 2562/3035/3101 3946/3036/3102
f 2599/2925/3009 3839/2931/3015 3836/2918/3003
f 2633/3054/3118 3836/2918/3003 3276/3064/3128
f 3915/2841/2934 3812/3065/3129 2526/2849/2942
f 3916/2685/2779 3926/2688/2782 2384/3016/3085
f 3819/3048/3113 2582/2859/2952 3944/2861/2954
f 3828/3062/3126 2615/3066/3130 2594/3059/3123
f 3838/2922/3006 2629/3067/3131 3270/3068/3131
f 3947/1989/2132 3945/3042/3107 2577/1919/2077
f 3803/2761/2854 2481/3037/3103 3935/2851/2944
f 2444/2735/2828 2445/3056/3120 3811/2736/2829
f 2573/1911/2069 2574/3041/3106 2609/1912/2070
f 2487/2807/2900 2463/1768/1932 2479/1798/1962
f 3815/2844/2937 2471/3053/3117 2525/3019/3088
f 2629/3067/3131 2631/1984/2128 3959/3069/2128
f 3826/2885/2973 3824/3025/3094 3819/3070/3113
f 3928/2752/2845 3933/2809/2902 3960/3024/3093
f 2453/1987/2130 2442/3071/3132 2444/2735/2828
f 2595/3060/3124 3953/2923/3007 3955/1985/2129
f 2635/2919/3004 2623/3027/3096 3274/3072/3096
f 2442/3071/3132 2454/3058/3122 2445/3056/3120
f 3841/3022/3091 3807/3023/3092 2471/3053/3117
f 3935/2851/2944 2523/2845/2938 3938/2888/2976
f 2615/3066/3130 3952/2897/2985 3953/2923/3007
f 2455/3018/3087 2439/2734/2827 3929/1990/2133
f 3817/2862/2955 2588/3063/3127 3961/3073/3125
f 3785/2733/2826 2455/3018/3087 3804/2726/2819
f 3799/3051/3116 3928/2752/2845 3960/3024/3093
f 3934/2850/2943 2549/2883/2971 3826/2885/2973
f 3842/3050/3115 3820/3049/3114 2614/2895/2983
f 2435/2722/2815 2447/1766/1930 2487/2807/2900
f 2426/2710/2803 3920/2695/2788 2454/3058/3122
f 3818/3074/3133 2576/1918/2076 2616/3039/3105
f 3923/1991/2134 3811/2736/2829 3841/3022/3091
f 3812/3065/3129 3798/2808/2901 3799/3051/3116
f 3960/3024/3093 3937/2873/2963 3949/2869/2960
f 3829/2896/2984 2594/3059/3123 2629/3067/3131
f 3922/2803/2896 2452/2721/2814 2485/2758/2851
f 2614/2895/2983 3828/3062/3126 3829/2896/2984
f 3926/2688/2782 3791/1748/1916 3925/3017/3086
f 3936/2852/2945 3938/2888/2976 2588/3063/3127
f 2574/3041/3106 3818/3074/3133 2616/3039/3105
f 2593/2901/2989 3958/2924/3008 3834/2916/3001
f 3792/1747/1915 2426/2710/2803 2442/3071/3132
f 2603/1904/2062 2602/1995/2138 2654/2913/2999
f 2554/2122/2262 2642/3075/2087 2589/1996/2139
f 2624/1927/2084 2603/1904/2062 3762/2946/3032
f 2749/2039/2181 2727/2014/2156 3622/3076/3134
f 2727/2014/2156 2729/2007/2149 3621/2086/2228
f 3420/2037/2179 2744/2038/2180 3623/3077/3135
f 2744/2038/2180 2745/2054/2196 2746/3078/3136
f 2728/2011/2153 2749/2039/2181 3622/3076/3134
f 3624/3079/3137 2756/2049/2191 3625/3080/3138
f 3626/3081/3139 2763/2059/2201 2765/2056/2198
f 2756/2049/2191 3624/3079/3137 2746/3078/3136
f 3625/3080/3138 2759/2050/2192 2763/2059/2201
f 2753/2062/2204 2754/2061/2203 3628/3082/3140
f 3655/3083/3141 2782/3084/3142 2832/2099/2239
f 2373/2663/2757 2835/3085/3143 3578/2665/2759
f 2765/2056/2198 2780/2055/2197 3627/3086/3144
f 3629/2080/2222 2770/2071/2213 2772/3087/3145
f 3630/2079/2221 2847/1833/1997 3629/2080/2222
f 3628/3082/3140 2769/2070/2212 2788/2121/2261
f 3625/3080/3138 3626/3081/3139 2793/3088/3146
f 2753/2062/2204 3628/3082/3140 3650/3089/3147
f 3627/3086/3144 2778/3090/3148 2791/3091/3149
f 3626/3081/3139 3627/3086/3144 3647/3092/3150
f 3628/3082/3140 2788/2121/2261 3649/2804/2897
f 2778/3090/3148 2753/2062/2204 2792/3093/3151
f 3423/2533/2636 3623/3077/3135 2795/3094/3152
f 2746/3078/3136 3624/3079/3137 3651/3095/3153
f 3623/3077/3135 2746/3078/3136 2794/3096/3152
f 3624/3079/3137 3625/3080/3138 3651/3095/3153
f 2794/3096/3152 3651/3095/3153 2802/3097/3154
f 3650/3089/3147 3649/2804/2897 3599/2824/2917
f 2795/3094/3152 2794/3096/3152 2803/3098/3155
f 2792/3093/3151 3650/3089/3147 2797/3099/3156
f 3476/3100/3152 2795/3094/3152 2804/3101/3155
f 2791/3091/3149 3648/3102/3157 2796/3103/3158
f 2793/3088/3146 3647/3092/3150 2801/3104/3159
f 3647/3092/3150 2791/3091/3149 2799/3105/3160
f 3651/3095/3153 2793/3088/3146 2801/3104/3159
f 3648/3102/3157 2792/3093/3151 2800/3106/3161
f 3604/2088/2230 2843/2078/2220 3654/3107/3162
f 2806/3108/3163 3652/3109/3164 3653/3110/3165
f 3600/2089/2231 3654/3107/3162 3652/3109/3164
f 3654/3107/3162 3629/2080/2222 2772/3087/3145
f 3652/3109/3164 2772/3087/3145 2776/2067/2209
f 2834/3111/3166 2807/3112/3167 2820/3113/3168
f 3656/3114/3169 2724/2012/2154 2808/3115/3170
f 2807/3112/3167 3656/3114/3169 3602/3116/3171
f 2805/3117/3172 3653/3110/3165 3601/3118/3173
f 3601/3118/3173 2833/3119/3174 2881/3120/2236
f 2834/3111/3166 3660/3121/3175 2807/3112/3167
f 2835/3085/3143 2373/2663/2757 3580/2097/2237
f 3653/3110/3165 2776/2067/2209 3655/3083/3141
f 3603/3122/3176 3658/2084/2226 2810/2081/2223
f 2811/3123/3177 3657/2085/2227 3603/3122/3176
f 3602/3116/3171 2808/3115/3170 2811/3123/3177
f 3622/3076/3134 3657/2085/2227 2725/3124/3178
f 2809/2082/2224 3658/2084/2226 3621/2086/2228
f 3488/3125/3179 2809/2082/2224 2726/2009/2151
f 2811/3123/3177 3603/3122/3176 2823/3126/3180
f 3603/3122/3176 2810/2081/2223 2822/3127/2770
f 2810/2081/2223 3489/2083/2225 3502/3128/3181
f 2807/3112/3167 3602/3116/3171 2821/3129/3182
f 2803/3098/3155 2802/3097/3154 2816/3130/2686
f 3601/3118/3173 3655/3083/3141 2833/3119/3174
f 2798/3131/3183 2796/3103/3158 2874/3132/3184
f 2796/3103/3158 2800/3106/3161 2815/3133/3185
f 2806/3108/3163 2805/3117/3172 2878/3134/3186
f 3480/3135/3187 2804/3101/3155 2817/3136/2686
f 2802/3097/3154 2801/3104/3159 2873/3137/2235
f 2800/3106/3161 2797/3099/3156 2815/3133/3185
f 2801/3104/3159 2799/3105/3160 2814/3138/3188
f 3600/2089/2231 2806/3108/3163 2819/3139/3189
f 3602/3116/3171 2811/3123/3177 2821/3129/3182
f 2804/3101/3155 2803/3098/3155 2816/3130/2686
f 2799/3105/3160 2798/3131/3183 2876/3140/2269
f 2805/3117/3172 3601/3118/3173 2879/3141/3190
f 2797/3099/3156 3599/2824/2917 2813/3142/3191
f 2624/1927/2084 3763/2948/3034 2824/2092/2080
f 2828/1933/2089 2826/2947/3033 2827/3143/3192
f 2829/1921/2079 2817/3144/2686 2816/3145/2686
f 2589/1996/2139 2813/3146/3191 2554/2122/2262
f 3765/3147/3193 2828/1933/2089 4170/3148/3194
f 2825/2093/2079 2816/3145/2686 2877/2094/2234
f 2824/2092/2080 2826/2947/3033 2830/1922/2080
f 2814/3149/3188 2611/1902/2060 2604/1926/2083
f 2817/3144/2686 2829/1921/2079 3278/2421/2079
f 2567/1997/2136 2815/3150/3185 2589/1996/2139
f 2611/1902/2060 2814/3149/3188 2876/2129/2269
f 2372/2660/2754 2878/3151/3186 2879/3152/3190
f 2458/1838/2002 2878/3151/3186 2372/2660/2754
f 2509/1840/2004 2819/3153/3189 2458/1838/2002
f 3660/3121/3175 2834/3111/3166 3659/3154/3195
f 2831/2087/2229 3660/3121/3175 3659/3154/3195
f 2881/3120/2236 2833/3119/3174 2835/3155/3143
f 3660/3121/3175 2831/2087/2229 2724/2012/2154
f 2775/2066/2208 2774/2068/2210 2782/3084/3142
f 3578/2665/2759 2820/3156/3168 3579/2666/2760
f 3581/2675/2769 2822/2676/2770 3502/3157/3181
f 4132/3158/3196 3581/2675/2769 3582/3159/3197
f 2880/2670/2764 2374/2669/2763 3579/2666/2760
f 4131/2673/2767 3583/2671/2765 3581/2675/2769
f 2819/3153/3189 2509/1840/2004 2818/3160/3198
f 4101/2797/2890 3681/2114/2254 3684/2791/2884
f 2840/2111/2251 2854/1832/1996 3630/2079/2221
f 3684/2791/2884 3681/2114/2254 2506/1828/1992
f 4104/3161/3199 3684/2791/2884 4099/2796/2889
f 2851/3162/3200 2852/3163/3201 2843/2078/2220
f 2852/3163/3201 2840/2111/2251 2843/2078/2220
f 2851/3162/3200 3604/2088/2230 2850/3164/3202
f 2861/3165/3203 3646/3166/3204 2852/3163/3201
f 3646/3166/3204 3632/2110/2250 2852/3163/3201
f 2861/3165/3203 2851/3162/3200 2872/3167/3205
f 2818/3160/3198 2837/1836/2000 2846/3168/2232
f 2846/3168/2232 2508/1827/1991 2850/3169/3202
f 2544/2774/2867 3701/2120/2260 2466/2115/2255
f 2512/1859/2022 2468/1819/1983 3707/2772/2865
f 3598/3170/3203 2866/2805/2898 3646/3166/3204
f 2866/2805/2898 3631/2118/2258 3646/3166/3204
f 3598/3170/3203 2861/3165/3203 2871/3171/2264
f 2467/1829/1993 2476/1801/1965 2872/3172/3205
f 3599/2824/2917 3598/3170/3203 2871/3171/2264
f 2496/2125/2265 3712/2128/2268 2642/3075/2087
f 2815/3173/3185 2567/1993/2136 2874/3174/3184
f 3571/2624/2721 2870/2953/3037 4114/2628/2724
f 2895/3175/2715 2898/3176/2716 2893/3177/3206
f 2892/3178/3207 2897/3179/3208 2895/3175/2715
f 2893/3177/3206 4087/3180/3209 2892/3178/3207
f 2896/3181/2717 2894/3182/3210 4087/3180/3209
f 2910/2140/2277 3771/2228/2359 3845/2444/2552
f 3328/2142/2279 3843/2230/2361 2909/3183/3211
f 3331/2231/2362 3329/3184/3212 3021/3185/3213
f 2912/2145/2282 4135/3186/3214 4134/3187/3215
f 3329/3184/3212 4147/3188/3216 3584/3189/3217
f 2948/2179/2313 2943/2176/2310 2949/3190/3218
f 2954/2183/2317 2951/2272/2398 2953/3191/3219
f 2951/2272/2398 3962/2185/2319 3847/3192/3220
f 2964/2194/2328 3964/3193/3221 2965/3194/3222
f 3964/3193/3221 3848/2317/2443 3849/3195/3223
f 3006/3196/3224 3853/3197/3225 3012/3198/3226
f 3852/2201/2335 3012/3198/3226 3011/2239/2370
f 3850/3199/3227 2972/3200/3228 3851/3201/3229
f 2972/3200/3228 2974/2196/2330 2971/3202/3230
f 3235/3203/3231 3998/3204/3232 2985/2209/2343
f 3235/3205/3231 2989/2401/2342 2983/2206/2340
f 2995/2218/2349 4152/3206/3233 2996/3207/3234
f 4151/3208/3235 4118/3209/3236 2998/3210/3237
f 4117/3211/3238 3000/3212/3239 3001/3213/3240
f 4118/3209/3236 4117/3211/3238 3001/3213/3240
f 3000/3212/3239 4136/3214/3241 2999/3215/3242
f 4120/3216/3243 4119/3217/3244 3003/3218/3245
f 4119/3217/3244 4121/3219/3246 3588/3220/3247
f 3724/3221/3248 3091/2299/2425 3723/3222/3249
f 4138/3223/3250 4140/3224/3251 3590/2327/2453
f 4140/3224/3251 4141/3225/3252 3591/3226/3253
f 4123/3227/3254 4144/3228/3255 3592/3229/3256
f 4144/3228/3255 4143/3230/3257 3594/3231/3258
f 4141/3225/3252 4122/3232/3259 3595/3233/3260
f 4122/3232/3259 4123/3227/3254 3595/3233/3260
f 3004/3234/3261 3596/3235/3262 3556/3236/3263
f 4148/3237/3264 4149/3238/3265 3004/3234/3261
f 4143/3230/3257 4148/3237/3264 3004/3234/3261
f 3005/3239/3266 3557/3240/2679 3596/3235/3262
f 3024/2224/2355 3853/3197/3225 3025/3241/3267
f 3021/3242/3213 3584/3243/3217 3025/3241/3267
f 2995/2218/2349 3585/3244/3268 2994/2219/2350
f 3023/2220/2351 3027/2235/2366 3854/3245/3269
f 2909/3246/3211 3852/2201/2335 3009/2203/2337
f 3012/3198/3226 3014/2225/2356 3013/3247/3270
f 3016/2226/2357 3855/3248/3271 3017/3249/3272
f 2909/3246/3211 3844/3250/2363 3852/2201/2335
f 3853/3197/3225 3014/2225/2356 3012/3198/3226
f 3853/3197/3225 3007/2223/2354 3016/2226/2357
f 3864/3251/3273 3971/3252/3274 3981/3253/3275
f 2997/2233/2364 3023/2220/2351 2996/3207/3234
f 2996/3207/3234 3022/2222/2353 3585/3244/3268
f 3585/3244/3268 3024/2224/2355 2994/2219/2350
f 3844/3250/2363 3021/3242/3213 3006/3196/3224
f 3586/2234/2365 2998/3210/3237 3027/2235/2366
f 3066/3254/3276 3054/3255/3277 3865/3256/3278
f 3015/2227/2358 4019/3257/3279 3013/3247/3270
f 3013/3247/3270 4018/3258/3280 3011/2239/2370
f 3017/3249/3272 4019/3257/3279 3015/2227/2358
f 3034/2132/2272 3364/3259/3281 3360/3260/3282
f 3334/2446/2554 3363/3261/3283 4042/3262/3284
f 3970/3263/3285 3051/3264/3286 3046/2155/2289
f 3060/3265/3287 3059/3266/3288 3864/3251/3273
f 3060/3265/3287 3864/3251/3273 3866/3267/3289
f 3336/3268/3290 3334/2446/2554 3339/3269/3291
f 3978/3270/3292 3869/3271/3293 3976/3272/3294
f 3973/2256/2384 3055/3273/3295 2931/2164/2298
f 3134/3274/3296 3871/3275/3297 3080/2270/2396
f 3068/3276/3298 3061/3277/3299 3974/3278/3300
f 3971/3252/3274 3972/3279/3301 4019/3257/3279
f 3049/2248/2378 3970/3263/3285 3045/2244/2374
f 3056/3280/3302 3057/3281/3303 3977/3282/3304
f 3068/3276/3298 3975/3283/3305 3061/3277/3299
f 3979/3284/3306 3975/3283/3305 3867/3285/3307
f 3868/3286/3308 3869/3271/3293 3067/3287/3309
f 3868/3286/3308 3067/3287/3309 3063/3288/3310
f 3970/3263/3285 3057/3281/3303 3051/3264/3286
f 3862/2261/2387 3972/3279/3301 3863/2262/2388
f 3870/2263/2389 3059/3266/3288 3058/3289/3311
f 3971/3252/3274 3864/3251/3273 3863/2262/2388
f 3865/3256/3278 3973/2256/2384 3052/2253/2381
f 3973/2256/2384 3865/3256/3278 3055/3273/3295
f 3878/3290/3312 3879/2479/2586 3859/2487/2591
f 3060/3265/3287 3061/3277/3299 3058/3289/3311
f 3985/3291/3313 3095/2293/2419 3069/3292/3314
f 3062/3293/3315 3974/3278/3300 3061/3277/3299
f 3064/2236/2367 3063/3288/3310 3067/3287/3309
f 3068/3276/3298 3067/3287/3309 3975/3283/3305
f 3868/3286/3308 3977/3282/3304 3976/3272/3294
f 3007/2223/2354 3008/2221/2352 3855/3248/3271
f 2931/2164/2298 3055/3273/3295 2929/3294/3316
f 3056/3280/3302 3052/2253/2381 3051/3264/3286
f 3846/2311/2437 2950/2312/2438 2949/3190/3218
f 3018/3295/3317 3122/3296/3318 3090/3297/3319
f 3069/3292/3314 3966/2295/2421 3134/3274/3296
f 3074/3298/3320 3872/2486/2590 3076/3299/3321
f 3854/3245/3269 3858/3300/3322 3856/3301/3323
f 3054/3255/3277 3066/3254/3276 2935/2181/2315
f 3732/3302/3324 3730/3303/3325 3028/3304/3326
f 3028/3304/3326 3124/2280/2406 3122/3296/3318
f 3858/3300/3322 3018/3295/3317 3856/3301/3323
f 3980/3305/3327 3070/2497/2601 3071/3306/3328
f 3079/2488/2592 3082/2275/2401 2947/2175/2309
f 3076/3299/3321 3079/2488/2592 2941/2173/2307
f 3965/3307/3329 3123/2300/2426 3089/2273/2399
f 3084/3308/3330 3878/3290/3312 3872/2486/2590
f 2951/2272/2398 3875/2266/2392 3962/2185/2319
f 3027/2235/2366 3026/3309/3331 3858/3300/3322
f 3082/2275/2401 3985/3291/3313 2943/2176/2310
f 3029/2319/2445 3140/3310/3332 3030/3311/3333
f 3003/3218/3245 3588/3220/3247 3085/2291/2417
f 2957/2186/2320 3962/2185/2319 3965/3307/3329
f 3877/3312/3334 3090/3297/3319 3983/3313/3335
f 3966/2295/2421 3967/3314/3336 3871/3275/3297
f 3725/2286/2412 3110/3315/3337 3112/3316/3338
f 3967/3314/3336 3113/2294/2420 3129/3317/3339
f 3743/2336/2462 4257/3318/3340 3185/2348/2473
f 3986/3319/3341 3107/3320/3342 3968/2477/2584
f 3122/3296/3318 3101/2282/2408 3118/3321/3343
f 3871/3275/3297 3135/3322/3344 3096/2271/2397
f 3094/3323/3345 3104/2279/2405 3988/2301/2427
f 3721/3324/3346 4191/3325/3347 4196/3326/3348
f 3140/3310/3332 4190/3327/3349 4189/3328/3350
f 3848/2317/2443 3964/3193/3221 3104/2279/2405
f 3146/3329/3351 3147/2289/2415 3588/3220/3247
f 4121/3219/3246 4142/3330/3352 3146/3329/3351
f 4136/3214/3241 4137/3331/3353 3587/3332/3354
f 3150/2290/2416 4185/3333/3355 3141/2318/2444
f 3108/2304/2430 3132/3334/3356 3172/3335/3357
f 3179/3336/3358 3180/3337/3359 4261/3338/3360
f 3726/3339/3361 4222/3340/3362 4188/3341/3363
f 3177/3342/3364 3181/3343/3365 4258/3344/3366
f 3846/2311/2437 3134/3274/3296 2955/2182/2316
f 3846/2311/2437 3069/3292/3314 3134/3274/3296
f 2970/2341/2466 3850/3199/3227 2979/3345/3367
f 3967/3314/3336 3129/3317/3339 3135/3322/3344
f 3135/3322/3344 2967/2309/2435 3139/2308/2434
f 3726/3339/3361 3099/2297/2423 3724/3221/3248
f 3744/3346/3368 4227/3347/3369 3110/3315/3337
f 3724/3221/3248 4221/3348/3370 3726/3339/3361
f 4137/3331/3353 4120/3216/3243 3002/3349/3371
f 4142/3330/3352 4139/3350/3372 3589/2329/2455
f 3003/3218/3245 3029/2319/2445 3002/3349/3371
f 4139/3350/3372 4138/3223/3250 3589/2329/2455
f 3723/3222/3249 4187/3351/3373 3724/3221/3248
f 3121/2344/2469 4225/3352/3374 4224/3353/3375
f 3028/3304/3326 3155/3354/3376 3731/3355/3377
f 4186/3356/3378 4187/3351/3373 3723/3222/3249
f 4184/3357/3379 4185/3333/3355 3150/2290/2416
f 4182/3358/3380 4183/3359/3381 3731/3355/3377
f 3151/3360/3382 3512/2589/2688 3758/3361/3383
f 3730/3303/3325 4179/3362/3384 4180/3363/3385
f 3742/3364/3386 4174/3365/3387 3112/3316/3338
f 4180/3363/3385 4186/3356/3378 3149/3366/3388
f 4178/3367/3389 4184/3357/3379 3151/3360/3382
f 4189/3328/3350 4182/3358/3380 3722/3368/3390
f 4188/3341/3363 4181/3369/3391 3153/3370/3392
f 3155/3354/3376 3030/3311/3333 3722/3368/3390
f 3729/2333/2459 3143/2343/2468 3151/3360/3382
f 3723/3222/3249 3092/2345/2470 3154/3371/3393
f 3587/3332/3354 3002/3349/3371 3030/3311/3333
f 3589/2329/2455 3086/2335/2461 3146/3329/3351
f 3178/3372/3394 3174/3373/3395 4176/3374/3396
f 3731/3355/3377 4183/3359/3381 3732/3302/3324
f 3732/3302/3324 3157/3375/3397 4179/3362/3384
f 3028/3304/3326 3030/3311/3333 3155/3354/3376
f 3731/3355/3377 3732/3302/3324 3028/3304/3326
f 2960/2191/2325 3120/2268/2394 3988/2301/2427
f 3065/3376/3398 3066/3254/3276 3977/3282/3304
f 3875/2266/2392 3094/3323/3345 3965/3307/3329
f 3987/3377/3399 3986/3319/3341 3968/2477/2584
f 3056/3280/3302 3977/3282/3304 3865/3256/3278
f 3470/3378/3400 3543/3379/3401 3466/2607/2706
f 3065/3376/3398 3074/3298/3320 3066/3254/3276
f 3141/2318/2444 4260/3380/3402 4190/3327/3349
f 3855/3248/3271 3857/3381/3403 3017/3249/3272
f 3857/3381/3403 3855/3248/3271 3008/2221/2352
f 3879/2479/2586 3882/2490/2594 3114/3382/3404
f 4019/3257/3279 3017/3249/3272 3971/3252/3274
f 2999/3215/3242 3587/3332/3354 3028/3304/3326
f 3026/3309/3331 3028/3304/3326 3858/3300/3322
f 3001/3213/3240 2999/3215/3242 3026/3309/3331
f 3026/3309/3331 2998/3210/3237 3001/3213/3240
f 3054/3255/3277 2935/2181/2315 2934/2189/2323
f 3129/3317/3339 3992/3383/3405 2967/2309/2435
f 3170/3384/3406 4199/3385/3407 3727/3386/3408
f 3728/3387/3409 3734/3388/3410 3733/3389/3411
f 3172/3335/3357 3738/3390/3412 3108/2304/2430
f 3728/3387/3409 4194/3391/3413 4198/3392/3414
f 2967/2309/2435 3158/2340/2465 2968/2313/2439
f 3727/3386/3408 4193/3393/3415 3728/3387/3409
f 3756/2431/2547 3302/3394/3416 3300/3395/3417
f 3110/3315/3337 4192/3396/3418 4191/3325/3347
f 3125/2298/2424 4258/3344/3366 4225/3352/3374
f 3112/3316/3338 4173/3397/3419 3725/2286/2412
f 3108/2304/2430 3744/3346/3368 3175/2288/2414
f 3609/2582/2685 3605/3398/3420 3543/3379/3401
f 3186/3399/3421 3735/3400/3422 4195/3401/3423
f 4197/3402/3424 3180/3337/3359 3179/3336/3358
f 3738/3390/3412 3172/3335/3357 4226/3403/3425
f 3736/2337/2463 3737/2370/2495 4223/3404/3426
f 4259/3405/3427 3183/3406/3428 3174/3373/3395
f 3190/2349/2474 4174/3365/3387 3742/3364/3386
f 3740/2305/2431 3178/3372/3394 4175/3407/3429
f 3191/2352/2477 4199/3385/3407 3170/3384/3406
f 3167/3408/3430 4200/3409/3431 3171/2353/2478
f 3099/2297/2423 3726/3339/3361 3153/3370/3392
f 3167/3408/3430 3186/3399/3421 4195/3401/3423
f 4198/3392/3414 4197/3402/3424 3189/3410/3432
f 3744/3346/3368 3738/3390/3412 4227/3347/3369
f 3743/2336/2462 3736/2337/2463 4223/3404/3426
f 3182/3411/3433 4259/3405/3427 3739/3412/3434
f 3177/3342/3364 3740/2305/2431 3181/3343/3365
f 2978/2199/2333 3160/3413/3435 2981/2204/2338
f 3107/3320/3342 3989/3414/3436 3969/2478/2585
f 3102/3415/3437 3162/3416/3438 3884/3417/3439
f 3982/3418/3440 3992/3383/3405 3129/3317/3339
f 3101/2282/2408 3159/2367/2492 3876/2358/2483
f 2970/2341/2466 2979/3345/3367 2969/2342/2467
f 3989/3414/3436 3195/3419/3441 3202/3420/3442
f 2970/2341/2466 3883/3421/3443 3850/3199/3227
f 3158/2340/2465 3992/3383/3405 2970/2341/2466
f 3159/2367/2492 3197/2372/2497 3192/2359/2484
f 3745/2416/2535 3296/3422/3444 3203/3423/3445
f 2972/3200/3228 3850/3199/3227 3169/3424/3446
f 3162/3416/3438 3994/3425/3447 3201/3426/3448
f 3188/3427/3449 3128/2354/2479 3171/2353/2478
f 3739/3412/3434 3108/2304/2430 3175/2288/2414
f 3132/3334/3356 3189/3410/3432 3179/3336/3358
f 3177/3342/3364 3148/2306/2432 3740/2305/2431
f 3744/3346/3368 3108/2304/2430 3738/3390/3412
f 3187/3428/3450 3115/2281/2407 3168/2350/2475
f 3742/3364/3386 3115/2281/2407 3187/3428/3450
f 3167/3408/3430 3171/2353/2478 3115/2281/2407
f 3186/3399/3421 3115/2281/2407 3735/3400/3422
f 3167/3408/3430 3115/2281/2407 3186/3399/3421
f 3743/2336/2462 3168/2350/2475 3115/2281/2407
f 3742/3364/3386 3735/3400/3422 3115/2281/2407
f 3197/2372/2497 3212/2377/2502 3192/2359/2484
f 3883/3421/3443 3886/2388/2513 3206/3429/3451
f 3886/2388/2513 3889/3430/3452 3891/3431/3453
f 3237/3432/3454 3999/3433/3455 3995/2483/2587
f 3206/3429/3451 3891/3431/3453 4000/3434/3456
f 4001/2387/2512 3239/3435/2500 3889/3430/3452
f 3233/3436/3457 3234/3437/2498 4001/2387/2512
f 3203/3423/3445 3297/3438/3458 4249/3439/3459
f 3239/2375/2500 3997/3440/3460 3889/3441/3452
f 3235/3203/3231 3891/3442/3453 3998/3204/3232
f 3169/3424/3446 3206/3429/3451 3160/3413/3435
f 3192/2359/2484 3207/2379/2504 3199/2360/2485
f 3299/2417/2536 3305/3443/3461 3745/2416/2535
f 3889/3441/3452 3896/3444/3462 3891/3442/3453
f 3196/3445/3463 3895/2485/2589 3193/2492/2596
f 3195/3419/3441 3237/3432/3454 3995/2483/2587
f 3994/3425/3447 3996/3446/3464 3897/3447/3465
f 3238/3448/3466 3229/2494/2598 3894/2496/2600
f 3898/3449/3467 3903/3450/3468 4003/2412/2531
f 3262/3451/3469 4010/3452/3470 3243/3453/3471
f 3263/3454/3472 4006/3455/3473 3246/3456/3474
f 3900/3457/3475 3246/3456/3474 3903/3450/3468
f 3266/2418/2537 3247/2411/2530 3904/3458/3476
f 3901/3459/3477 3902/3460/3478 3256/3461/3479
f 3221/3462/3480 3898/3449/3467 3998/3204/3232
f 3893/2398/2520 3899/2419/2538 4008/3463/3481
f 3203/3423/3445 3217/2382/2507 3745/2416/2535
f 3222/2374/2499 3264/3464/3482 3263/3454/3472
f 3997/3440/3460 3263/3454/3472 3900/3457/3475
f 3896/3444/3462 3900/3457/3475 3898/3449/3467
f 3894/2496/2600 3901/3459/3477 4005/3465/3483
f 3998/3204/3232 4003/2412/2531 3242/2214/2345
f 3282/3466/2993 3837/3467/2993 3268/3468/2994
f 3288/3469/3484 3313/3470/3485 3287/3471/3486
f 4012/3472/2129 3956/2482/2129 3835/3473/2998
f 3769/3474/3487 4239/3475/3488 3288/3469/3484
f 3905/3476/2998 3835/3473/2998 3837/3467/2993
f 3293/2422/2539 3271/3477/3002 3284/3478/3489
f 3906/3479/3003 3276/3480/3128 3273/3481/3004
f 3251/2415/2534 3288/3469/3484 3287/3471/3486
f 3281/3482/2994 3268/3468/2994 3279/2211/1885
f 3903/3450/3468 3282/3466/2993 3281/3482/2994
f 4010/3452/3470 4011/3483/3097 3290/3484/3006
f 4006/3455/3473 4012/3472/2129 3905/3476/2998
f 4014/3485/3490 4013/3486/3491 4007/3487/3492
f 3766/3488/3493 3314/3489/3494 3315/3490/3495
f 3246/3456/3474 3905/3476/2998 3282/3466/2993
f 3247/2411/2530 3293/2422/2539 3904/3458/3476
f 3907/3491/3496 3906/3479/3003 3294/3492/3004
f 3766/3488/3493 4228/3493/3497 3764/3494/3016
f 4004/2413/2532 3281/3482/2994 2991/2215/2346
f 2983/2206/2340 2981/2204/2338 4000/3434/3456
f 3734/3388/3410 4265/3495/3498 3295/3496/3499
f 3733/3389/3411 3295/3496/3499 4266/3497/3500
f 3308/3498/3501 3299/2417/2536 3198/2366/2491
f 3755/3499/3502 3304/2428/2544 3734/3388/3410
f 3757/2355/2480 3301/3500/3503 3749/3501/3504
f 3749/3501/3504 3750/3502/3505 4249/3439/3459
f 3747/2430/2546 3748/3503/3506 3309/3504/3507
f 3308/3498/3501 3300/3395/3417 3310/3505/3508
f 3188/3427/3449 3747/2430/2546 3128/2354/2479
f 3757/2355/2480 3749/3501/3504 3751/3506/3509
f 3756/2431/2547 3747/2430/2546 3309/3504/3507
f 3299/2417/2536 3308/3498/3501 3310/3505/3508
f 3755/3499/3502 3734/3388/3410 3741/3507/3510
f 3747/2430/2546 3188/3427/3449 3748/3503/3506
f 3308/3498/3501 3198/2366/2491 3300/3395/3417
f 3133/2303/2429 3204/3508/3511 3132/3334/3356
f 3307/2429/2545 3755/3499/3502 3189/3410/3432
f 3756/2431/2547 3300/3395/3417 3128/2354/2479
f 3727/3386/3408 3733/3389/3411 3170/3384/3406
f 3220/2380/2505 3217/2382/2507 3750/3502/3505
f 3750/3502/3505 3749/3501/3504 3220/2380/2505
f 3220/2380/2505 3749/3501/3504 3301/3500/3503
f 3287/3471/3486 4202/3509/3512 4201/3510/3513
f 3766/3488/3493 3764/3494/3016 3271/3477/3002
f 3314/3489/3494 3767/2426/2542 3315/3490/3495
f 4262/3511/3514 4239/3475/3488 3769/3474/3487
f 3505/3512/3515 4240/3513/3516 4241/3514/3517
f 3766/3488/3493 3293/2422/2539 3314/3489/3494
f 4241/3514/3517 4262/3511/3514 3768/3515/3518
f 3124/2280/2406 3154/3371/3393 3092/2345/2470
f 3149/3366/3388 3154/3371/3393 3124/2280/2406
f 3124/2280/2406 3730/3303/3325 3149/3366/3388
f 4152/3206/3233 2997/2233/2364 2996/3207/3234
f 4152/3206/3233 4151/3208/3235 2997/2233/2364
f 2943/2176/2310 3985/3291/3313 3846/2311/2437
f 3317/2442/2550 3318/2438/2550 4230/3438/2550
f 3318/2438/2550 3319/2440/2550 3752/3439/2550
f 3320/3516/2550 3317/2442/2550 4229/3422/2550
f 4235/3504/2550 3753/3497/2550 3321/2441/2550
f 3754/3517/2550 4236/3394/2550 3321/2441/2550
f 4232/2432/2550 4233/2356/2550 3322/2439/2550
f 3753/3497/2550 4264/3496/2550 3324/2436/2550
f 4264/3496/2550 3746/3495/2550 3323/2437/2550
f 3746/3495/2550 4238/2428/2550 3322/2439/2550
f 4248/3506/2550 3752/3439/2550 3319/2440/2550
f 4231/2427/2550 4232/2432/2550 3322/2439/2550
f 4237/3505/2550 3754/3517/2550 3320/3516/2550
f 2905/2141/2278 3845/2444/2552 3843/2230/2361
f 3331/2231/2362 3597/3518/3519 3329/3184/3212
f 3597/3518/3519 4145/3519/3520 3329/3184/3212
f 4055/3520/3521 3042/2453/2382 3335/2452/2560
f 4060/3521/3522 3345/3522/3523 4053/3523/3524
f 4053/3523/3524 3348/3524/3525 4054/3525/3526
f 3337/2447/2555 3346/3526/3527 3565/3527/3528
f 4058/2454/2561 3565/3527/3528 3342/3528/3529
f 3339/3269/3291 3347/3529/3530 3336/3268/3290
f 3339/3269/3291 4052/3530/3531 3347/3529/3530
f 3341/2451/2559 3349/3531/3532 4060/3521/3522
f 3334/2446/2554 4056/3532/3533 3330/2150/2285
f 4052/3530/3531 3339/3269/3291 3334/2446/2554
f 4056/3532/3533 3334/2446/2554 3336/3268/3290
f 3330/2150/2285 4056/3532/3533 4057/2449/2557
f 4054/3525/3526 3340/2448/2556 2916/2151/2286
f 4053/3523/3524 4054/3525/3526 2916/2151/2286
f 4059/3533/3534 3563/3534/3535 3564/3535/3536
f 4061/3536/3537 3569/3537/3538 3563/3534/3535
f 4054/3525/3526 3338/3538/3539 3568/3539/3540
f 3340/2448/2556 3568/3539/3540 3346/3526/3527
f 3335/2452/2560 3342/3528/3529 3567/3540/3541
f 4055/3520/3521 3567/3540/3541 3569/3537/3538
f 4056/3532/3533 3566/3541/3542 4057/2449/2557
f 3336/3268/3290 3344/3542/3543 4056/3532/3533
f 3343/3543/2558 3352/3544/3544 3349/3545/3532
f 3349/3545/3532 4079/3546/3545 3345/3547/3523
f 3347/3548/3530 3357/3549/3546 3354/3550/3547
f 3566/3551/3542 4080/3552/3548 3352/3544/3544
f 3346/3553/3527 3356/3554/3549 3565/3555/3528
f 3345/3547/3523 3355/3556/3550 3348/3557/3525
f 3342/3558/3529 3351/3559/3551 3567/3560/3541
f 3569/3561/3538 4084/2475/2582 4078/2476/2583
f 3568/3562/3540 4082/3563/3552 3346/3553/3527
f 3338/3564/3539 3350/3565/3553 3568/3562/3540
f 3563/3566/3535 4078/2476/2583 3353/3567/3554
f 3567/3560/3541 4081/2473/2580 4084/2475/2582
f 3348/3557/3525 4083/3568/3555 3338/3564/3539
f 3565/3555/3528 3358/3569/3556 3342/3558/3529
f 3344/3570/3543 3354/3550/3547 4080/3552/3548
f 3564/3571/3536 3353/3567/3554 3357/3549/3546
f 3334/2446/2554 4043/3572/3557 3363/3261/3283
f 3362/3573/3558 3332/2130/2270 4041/3574/3559
f 3042/2453/2382 3361/3575/3560 4039/3576/3561
f 3332/2130/2270 3362/3573/3558 4045/3577/3562
f 3361/3575/3560 4047/2458/2565 4039/3576/3561
f 4045/3577/3562 4050/2455/2562 4044/3578/3563
f 4039/3576/3561 4046/3579/3564 4040/3580/3565
f 4040/3580/3565 3366/3581/3566 3368/3582/3567
f 3364/3259/3281 3368/3582/3567 3365/3583/3568
f 3360/3260/3282 3365/3583/3568 3369/3584/3569
f 4041/3574/3559 3369/3584/3569 3362/3573/3558
f 4042/3262/3284 4048/2463/2570 3361/3575/3560
f 3363/3261/3283 4051/2461/2568 4042/3262/3284
f 4044/3578/3563 4049/2457/2564 3370/3585/3570
f 4043/3572/3557 3370/3585/3570 4051/2461/2568
f 3362/3573/3558 3367/3586/3571 4045/3577/3562
f 3366/3581/3566 3372/2469/2576 3378/2470/2577
f 4046/3579/3564 3377/2460/2567 3372/2469/2576
f 3367/3586/3571 3374/2467/2574 4050/2455/2562
f 3370/3585/3570 3381/2465/2572 4051/2461/2568
f 4049/2457/2564 3375/2468/2575 3370/3585/3570
f 3369/3584/3569 3379/2472/2579 3374/2467/2574
f 3365/3583/3568 3371/2471/2578 3379/2472/2579
f 3368/3582/3567 3378/2470/2577 3371/2471/2578
f 4082/3563/3552 3359/2474/2581 3356/3554/3549
f 3355/3556/3550 3359/2474/2581 4083/3568/3555
f 3357/3549/3546 3359/2474/2581 3354/3550/3547
f 3353/3567/3554 3359/2474/2581 3357/3549/3546
f 3351/3559/3551 3359/2474/2581 4081/2473/2580
f 4079/3546/3545 3359/2474/2581 3355/3556/3550
f 4080/3552/3548 3359/2474/2581 3352/3544/3544
f 3352/3544/3544 3359/2474/2581 4079/3546/3545
f 3356/3554/3549 3359/2474/2581 3358/3569/3556
f 4078/2476/2583 3359/2474/2581 3353/3567/3554
f 3354/3550/3547 3359/2474/2581 4080/3552/3548
f 3358/3569/3556 3359/2474/2581 3351/3559/3551
f 3350/3565/3553 3359/2474/2581 4082/3563/3552
f 4083/3568/3555 3359/2474/2581 3350/3565/3553
f 3991/3587/3572 4015/3588/3573 3078/3589/3574
f 3163/3590/3575 3201/3426/3448 3885/3591/3576
f 3071/3306/3328 3908/2499/2603 3880/3592/3577
f 3880/3592/3577 3093/3593/3578 3987/3377/3399
f 3193/2492/2596 3892/3594/3579 3194/2493/2597
f 3114/3382/3404 3131/2491/2595 3982/3418/3440
f 3077/2237/2368 3073/3595/3580 3084/3308/3330
f 3283/3596/3096 3274/3597/3096 3275/3598/3097
f 3993/2489/2593 3202/3420/3442 3196/3445/3463
f 4011/3483/3097 3275/3598/3097 3840/3599/3006
f 3897/3447/3465 3238/3600/3466 3215/3601/3581
f 3250/3602/3582 3283/3596/3096 4011/3483/3097
f 3996/3446/3464 3214/3603/3583 3897/3447/3465
f 3090/3297/3319 3118/3321/3343 3117/3604/3584
f 3265/3605/3585 4007/3487/3492 3907/3491/3496
f 3214/3606/3583 3226/3607/3586 3238/3448/3466
f 3211/3608/2588 3228/3609/3587 3210/3610/3588
f 3164/3611/3589 3885/3591/3576 3195/3419/3441
f 3984/3612/3590 3117/3604/3584 3102/3415/3437
f 4016/3613/3591 3987/3377/3399 3072/3614/3592
f 3210/3610/3588 3223/3615/3593 3888/3616/3594
f 3866/3267/3289 3910/3617/3595 3062/3293/3315
f 3256/3461/3479 3250/3602/3582 4010/3452/3470
f 3909/2495/2599 3907/3491/3496 3901/3459/3477
f 3228/3609/3587 3262/3451/3469 3261/3618/3596
f 3899/2419/2538 3904/3458/3476 4014/3485/3490
f 3130/3619/3597 3196/3445/3463 3193/2492/2596
f 3902/3460/3478 3294/3492/3004 3283/3596/3096
f 3201/3426/3448 3897/3447/3465 3885/3591/3576
f 3093/3593/3578 3103/3620/3598 3107/3320/3342
f 4008/3463/3481 4014/3485/3490 3265/3605/3585
f 3103/3620/3598 3164/3611/3589 3989/3414/3436
f 3892/3594/3579 3887/3621/3599 3234/3437/2498
f 4013/3486/3491 3272/3622/3600 3957/3623/3119
f 3874/3624/3601 3880/3592/3577 4016/3613/3591
f 3857/3381/3403 3856/3301/3323 3991/3587/3572
f 3990/2498/2602 3102/3415/3437 3908/2499/2603
f 3215/3601/3581 3890/3625/3602 3999/3433/3455
f 3063/3288/3310 3075/2238/2369 3065/3376/3398
f 4005/3465/3483 3256/3461/3479 3262/3451/3469
f 3284/3478/3489 3269/3626/3121 4013/3486/3491
f 3083/3627/3603 4016/3613/3591 3073/3595/3580
f 3244/3628/3604 3289/3629/3131 3291/2480/2128
f 4017/3630/3605 4009/3631/3606 3226/3607/3586
f 3117/3604/3584 3161/3632/3607 3162/3416/3438
f 3885/3591/3576 3215/3601/3581 3195/3419/3441
f 3078/3589/3574 3980/3305/3327 3881/3633/3608
f 3079/2488/2592 3985/3291/3313 3082/2275/2401
f 3218/3634/3609 3893/2398/2520 4009/3631/3606
f 3075/2238/2369 3084/3308/3330 3074/3298/3320
f 3888/3616/3594 3260/3635/3610 3222/2374/2499
f 3073/3595/3580 3072/3614/3592 3084/3308/3330
f 4002/3636/3611 4017/3637/3605 3214/3603/3583
f 4007/3487/3492 3292/3638/3118 3906/3479/3003
f 3292/3638/3118 3957/3623/3119 3276/3480/3128
f 3017/3249/3272 3991/3587/3572 3981/3253/3275
f 3887/3639/3599 3888/3616/3594 3222/2374/2499
f 3260/3635/3610 3244/3628/3604 3264/3464/3482
f 3290/3484/3006 3840/3599/3006 3270/3640/3131
f 3999/3641/3455 4005/3465/3483 3211/3608/2588
f 3118/3321/3343 3876/2358/2483 3161/3632/3607
f 3881/3633/3608 3071/3306/3328 3874/3624/3601
f 4009/3631/3606 4008/3463/3481 3226/3607/3586
f 3860/3642/3612 3114/3382/3404 3113/2294/2420
f 3884/3417/3439 3163/3590/3575 3164/3611/3589
f 3289/3629/3131 3270/3640/3131 3959/2481/2128
f 3895/2485/2589 3210/3643/3588 3887/3621/3599
f 3982/3418/3440 3194/2493/2597 3992/3383/3405
f 3910/3617/3595 3881/3633/3608 3873/3644/3613
f 3245/3645/3614 3291/2480/2128 4012/3472/2129
f 3294/3492/3004 3273/3481/3004 3274/3597/3096
f 3873/3644/3613 3874/3624/3601 3083/3627/3603
f 3908/2499/2603 3884/3417/3439 3103/3620/3598
f 3161/3632/3607 3199/2360/2485 3994/3425/3447
f 3264/3464/3482 3245/3645/3614 4006/3455/3473
f 3890/3646/3602 3894/2496/2600 4005/3465/3483
f 4015/3588/3573 3983/3313/3335 3980/3305/3327
f 3983/3313/3335 3984/3612/3590 3070/2497/2601
f 3207/2379/2504 3218/3647/3609 4017/3637/3605
f 3856/3301/3323 3877/3312/3334 4015/3588/3573
f 3202/3420/3442 3995/2483/2587 3895/2485/2589
f 3223/3615/3593 3261/3618/3596 3888/3616/3594
f 3859/2487/2591 3860/3642/3612 3985/3291/3313
f 3974/3278/3300 3083/3627/3603 3064/2236/2367
f 3882/2490/2594 3130/3619/3597 3131/2491/2595
f 3194/2493/2597 3233/3436/3457 4001/2387/2512
f 3243/3453/3471 3290/3484/3006 3289/3629/3131
f 3072/3614/3592 3968/2477/2584 3878/3290/3312
f 3261/3618/3596 3243/3453/3471 3260/3635/3610
f 3981/3253/3275 3078/3589/3574 3866/3267/3289
f 3199/2360/2485 4002/3636/3611 3994/3425/3447
f 3226/3607/3586 3265/3605/3585 3909/2495/2599
f 3904/3458/3476 3284/3478/3489 4014/3485/3490
f 3062/3293/3315 3873/3644/3613 3974/3278/3300
f 3252/2407/2526 3769/3474/3487 3251/2415/2534
f 3204/3508/3511 3241/2503/2607 3301/3648/3503
f 3769/3474/3487 3252/2407/2526 3316/3649/3615
f 3427/2514/2617 3635/3650/3616 3398/2515/2618
f 3398/2515/2618 3397/3651/3617 3400/2516/2619
f 3400/2516/2619 3633/3652/3618 3401/2008/2150
f 3402/2517/2620 3395/3653/3619 3399/2536/2639
f 3421/2532/2635 3424/2534/2637 3636/3654/3620
f 3399/2536/2639 3634/3655/3621 3635/3650/3616
f 3433/3656/3622 3637/3657/3623 3437/2551/2654
f 3437/2551/2654 3422/2556/2659 3636/3654/3620
f 3637/3657/3623 3434/2548/2651 3444/2560/2663
f 3458/2557/2660 3638/3658/3624 3431/3659/3625
f 3431/3659/3625 3639/3660/3626 3432/2566/2669
f 3487/3661/3627 3668/3662/3628 3509/3663/3629
f 3452/2565/2668 3640/3664/3630 3642/3665/3631
f 3592/3229/3256 3593/3666/3632 3559/3667/3633
f 3446/2550/2653 3435/2549/2652 3458/2557/2660
f 3641/3668/3634 3640/3664/3630 3451/2568/2671
f 3521/2591/2690 3641/3668/3634 3523/2331/2457
f 3639/3660/3626 3466/2607/2706 3450/2567/2670
f 3637/3657/3623 3474/3669/3635 3434/2548/2651
f 3431/3659/3625 3473/3670/3636 3662/3671/3637
f 3435/2549/2652 3471/3672/3638 3638/3658/3624
f 3434/2548/2651 3472/3673/3639 3435/2549/2652
f 3639/3660/3626 3662/3671/3637 3470/3378/3400
f 3638/3658/3624 3661/3674/3640 3473/3670/3636
f 3423/2533/2636 3476/3100/3152 3664/3675/3152
f 3636/3654/3620 3475/3676/3152 3663/3677/3641
f 3424/2534/2637 3664/3675/3152 3475/3676/3152
f 3433/3656/3622 3663/3677/3641 3637/3657/3623
f 3475/3676/3152 3612/3678/3155 3611/2577/2680
f 3662/3671/3637 3610/2580/2683 3609/2582/2685
f 3664/3675/3152 3479/3679/3155 3612/3678/3155
f 3473/3670/3636 3608/3680/3642 3610/2580/2683
f 3476/3100/3152 3480/3135/3187 3479/3679/3155
f 3471/3672/3638 3477/3681/3643 3607/3682/3644
f 3474/3669/3635 3606/3683/3645 3472/3673/3639
f 3472/3673/3639 3478/3684/3646 3471/3672/3638
f 3663/3677/3641 3611/2577/2680 3606/3683/3645
f 3661/3674/3640 3607/3682/3644 3608/3680/3642
f 3619/3685/3647 3481/3686/3648 3665/3687/3649
f 3670/3688/3650 3665/3687/3649 3641/3668/3634
f 3613/3689/3651 3614/3690/3652 3483/3691/3653
f 3481/3686/3648 3613/3689/3651 3482/3692/3654
f 3665/3687/3649 3482/3692/3654 3640/3664/3630
f 3482/3692/3654 3483/3691/3653 3642/3665/3631
f 3511/3693/3655 3559/3694/3633 3500/3695/3656
f 3484/3696/3657 3486/3697/3658 3395/3653/3619
f 3485/3698/3659 3616/3699/3660 3484/3696/3657
f 3614/3690/3652 3615/3700/3661 3483/3691/3653
f 3615/3700/3661 3501/3701/3662 3560/3702/3663
f 3511/3693/3655 3485/3698/3659 3669/3703/3664
f 3559/3667/3633 3560/3704/3663 3595/3233/3260
f 3483/3691/3653 3487/3661/3627 3642/3665/3631
f 3617/3705/3665 3489/2083/2225 3490/3706/3666
f 3618/2574/2677 3617/3705/3665 3667/3707/3667
f 3491/3708/3668 3618/2574/2677 3666/3709/3669
f 3667/3707/3667 3397/3651/3617 3666/3709/3669
f 3616/3699/3660 3491/3708/3668 3486/3697/3658
f 3635/3650/3616 3634/3655/3621 3666/3709/3669
f 3490/3706/3666 3633/3652/3618 3397/3651/3617
f 3488/3125/3179 3396/3710/3670 3633/3652/3618
f 3491/3708/3668 3556/3711/3263 3558/2575/2678
f 3617/3705/3665 3557/2576/2679 3502/3128/3181
f 3485/3698/3659 3500/3695/3656 3555/3712/3671
f 3612/3678/3155 3551/3713/2686 3611/2577/2680
f 3615/3700/3661 3510/3714/3672 3487/3661/3627
f 3477/3681/3643 3550/3715/2708 3548/3716/2707
f 3607/3682/3644 3548/3716/2707 3549/3717/2709
f 3613/3689/3651 3499/3718/3673 3554/3719/2687
f 3454/2562/2665 3643/3720/3674 3402/2517/2620
f 3480/3135/3187 3553/3721/2686 3552/3722/2686
f 3608/3680/3642 3549/3717/2709 3610/2580/2683
f 3606/3683/3645 3496/2579/2682 3495/3723/3675
f 3481/3686/3648 3498/3724/3676 3499/3718/3673
f 3619/3685/3647 3561/3725/2701 3481/3686/3648
f 3616/3699/3660 3555/3712/3671 3491/3708/3668
f 3479/3679/3155 3552/3722/2686 3551/3713/2686
f 3478/3684/3646 3495/3723/3675 3550/3715/2708
f 3614/3690/3652 3554/3719/2687 3501/3701/3662
f 3285/2425/2541 3503/2584/2080 3768/3515/3518
f 3506/2435/2549 4242/3726/3677 4240/3513/3516
f 3241/2503/2607 3204/3508/3511 3494/3727/2684
f 3765/3728/3193 4171/3729/3678 4242/3726/3677
f 3504/2583/2079 3286/2424/2540 3497/3730/2681
f 3503/2584/2080 3508/2434/2080 3505/3512/3515
f 3286/2424/2540 3253/2406/2525 3496/3731/2682
f 3495/3732/3675 3496/3731/2682 3253/2406/2525
f 3219/2504/2604 3241/2503/2607 3549/3733/2709
f 3257/2405/2524 3550/2609/2708 3495/3732/3675
f 3590/2327/2453 3591/3226/3253 3501/3734/3662
f 3145/2334/2460 3087/2328/2454 3499/3735/3673
f 3560/3704/3663 3501/3734/3662 3591/3226/3253
f 3669/3703/3664 3668/3662/3628 3511/3693/3655
f 3643/3720/3674 3509/3663/3629 3668/3662/3628
f 3560/3702/3663 3559/3694/3633 3510/3714/3672
f 3669/3703/3664 3484/3696/3657 3395/3653/3619
f 3509/3663/3629 3454/2562/2665 3460/3736/3679
f 3643/3720/3674 3454/2562/2665 3509/3663/3629
f 3593/3666/3632 3594/3231/3258 3500/3737/3656
f 3005/3239/3266 3582/3738/3197 3502/3739/3181
f 4150/3740/3680 4133/3741/3681 3582/3738/3197
f 3556/3236/3263 3555/3742/3671 3594/3231/3258
f 4149/3238/3265 4150/3740/3680 3005/3239/3266
f 3143/2343/2468 3512/2589/2688 3151/3360/3382
f 3499/3735/3673 3498/3743/3676 3145/2334/2460
f 4181/3369/3391 4177/3744/3682 3758/3361/3383
f 3758/3361/3383 3142/2326/2452 3156/3745/3683
f 3151/3360/3382 3758/3361/3383 4178/3367/3389
f 3620/3746/3684 3619/3685/3647 3670/3688/3650
f 3671/3747/3685 3670/3688/3650 3516/2590/2689
f 3620/3746/3684 3562/3748/2702 3619/3685/3647
f 3537/3749/3420 3620/3746/3684 3671/3747/3685
f 3536/3750/3686 3671/3747/3685 3645/2600/2699
f 3537/3749/3420 3538/3751/3687 3620/3746/3684
f 3498/3743/3676 3561/2602/2701 3513/2332/2458
f 3142/2326/2452 3148/2306/2432 3156/3745/3683
f 3740/2305/2431 3097/2307/2433 3178/3372/3394
f 3148/2306/2432 3153/3370/3392 3156/3745/3683
f 3148/2306/2432 3177/3342/3364 3099/2297/2423
f 3605/3398/3420 3537/3749/3420 3536/3750/3686
f 3543/3379/3401 3536/3750/3686 3644/2606/2705
f 3605/3398/3420 3547/3752/3688 3537/3749/3420
f 3098/2325/2451 3562/2603/2702 3538/3753/3687
f 3108/2304/2430 3739/3412/3434 3174/3373/3395
f 3097/2307/2433 3108/2304/2430 3174/3373/3395
f 3609/2582/2685 3493/3754/3689 3547/3752/3688
f 3204/3508/3511 3133/2303/2429 3547/3755/3688
f 3132/3334/3356 3307/2429/2545 3189/3410/3432
f 3133/2303/2429 3109/2302/2428 3547/3755/3688
f 3132/3334/3356 3301/3500/3503 3298/2357/2482
f 3307/2429/2545 3132/3334/3356 3298/2357/2482
f 2911/2146/2283 4134/3187/3215 3597/3518/3519
f 3797/2614/2713 3911/2703/2796 2430/2706/2799
f 3788/2612/2711 2411/1745/1913 3797/2614/2713
f 2433/2613/2712 3797/2614/2713 2429/2716/2809
f 2417/1763/1927 3919/2719/2812 2419/1764/1928
f 4020/2700/2793 2417/1763/1927 2418/1765/1929
f 2398/1739/1907 3796/2611/2710 2417/1763/1927
f 3796/2611/2710 3919/2719/2812 2417/1763/1927
f 3048/2249/2379 3870/2263/2389 3979/3284/3306
f 3978/3270/3292 3976/3272/3294 3970/3263/3285
f 3861/2615/2714 3978/3270/3292 3049/2248/2378
f 3979/3284/3306 3867/3285/3307 3978/3270/3292
f 3870/2263/2389 3058/3289/3311 3979/3284/3306
f 3033/2240/2371 4018/3258/3280 3972/3279/3301
f 3032/2241/2372 3033/2240/2371 3862/2261/2387
f 3861/2615/2714 3979/3284/3306 3978/3270/3292
f 3382/2456/2563 3375/2468/2575 4049/2457/2564
f 4046/3579/3564 4047/2458/2565 3377/2460/2567
f 3376/2462/2569 3380/2464/2571 4048/2463/2570
f 3380/2464/2571 3373/2459/2566 4047/2458/2565
f 3368/3582/3567 3366/3581/3566 3378/2470/2577
f 3366/3581/3566 4046/3579/3564 3372/2469/2576
f 3374/2467/2574 3382/2456/2563 4050/2455/2562
f 3381/2465/2572 3376/2462/2569 4051/2461/2568
f 3375/2468/2575 3381/2465/2572 3370/3585/3570
f 3367/3586/3571 3369/3584/3569 3374/2467/2574
f 3369/3584/3569 3365/3583/3568 3379/2472/2579
f 3365/3583/3568 3368/3582/3567 3371/2471/2578
f 4038/1959/2103 2708/1963/2107 2713/1960/2104
f 4035/1958/2102 2713/1960/2104 2707/1962/2106
f 2704/1969/2113 2697/3015/3084 2710/1970/2114
f 2709/1968/2112 4033/3011/3080 2704/1969/2113
f 4036/1961/2105 2707/1962/2106 2714/1966/2110
f 2705/1967/2111 2698/3008/3077 2709/1968/2112
f 2702/3010/3079 2714/1966/2110 2706/1965/2109
f 2701/1957/2101 2712/1973/2117 2708/1963/2107
f 2698/3008/3077 2705/1967/2111 2712/1973/2117
f 2711/1972/2116 2700/3013/3082 2706/1965/2109
f 2703/1971/2115 4034/3012/3081 2711/1972/2116
f 2710/1970/2114 2699/1954/2098 2703/1971/2115
f 2303/1676/1846 2304/1679/1849 2305/1677/1847
f 2267/1636/1809 2268/3756/3690 4086/1637/1810
f 2400/1639/1812 2270/1646/1819 2664/1640/1813
f 2401/1642/1815 2272/1644/1817 2902/1643/1816
f 2907/1648/1821 2902/1643/1816 2274/1645/1818
f 2270/1646/1819 2275/1650/1823 2665/1647/1820
f 2910/2619/2277 2907/1648/1821 2273/1649/1822
f 2275/1650/1823 2278/2621/1900 2666/1651/1824
f 2271/1653/1826 2280/1850/1826 2915/1654/1825
f 2668/1945/1827 2663/1655/1827 2281/1657/1829
f 2269/1659/1828 2282/1743/1911 2283/1660/1830
f 2406/1662/1832 2284/1664/1834 2285/1663/1833
f 2284/1664/1834 2286/1755/1922 2287/1665/1835
f 2289/1672/1842 2292/1666/1836 2288/1668/1838
f 2296/1772/1936 2298/1669/1839 2295/1671/1841
f 2298/1669/1839 2289/1672/1842 2297/1670/1840
f 2311/1682/1852 2307/1685/1855 2308/1683/1853
f 2306/1675/1845 2309/1680/1850 2310/1684/1854
f 2287/1665/1835 2292/1666/1836 2289/1672/1842
f 2303/1676/1846 2300/1687/1857 2302/1678/1848
f 2318/1690/1860 2315/2631/2726 2316/1691/1861
f 2317/1693/1863 2318/1690/1860 2319/1689/1859
f 2326/1696/1866 2328/1698/1868 2329/1697/1867
f 2331/2634/2729 2329/1697/1867 2330/1699/1869
f 2337/1701/1871 2339/2641/2736 2340/1702/1872
f 2341/1704/1874 2343/1706/1876 2344/1705/1875
f 2343/1706/1876 2345/1708/1878 2346/1707/1877
f 2349/1710/1880 2346/1707/1877 2348/1709/1879
f 2351/1897/2057 2349/1710/1880 2350/1711/1881
f 2356/1713/1883 2352/1907/2065 2353/1714/1884
f 2993/3757/1885 2620/1715/1885 2992/1717/1886
f 2359/1925/2082 2590/1718/1887 2358/1720/1889
f 2368/1724/1893 2366/1721/1890 2369/1723/1892
f 2370/1804/1968 2368/1724/1893 2371/1725/1894
f 2391/1727/1896 3777/2637/2732 3778/1728/1897
f 2391/1727/1896 3572/1737/1905 2279/1730/1899
f 2378/2638/2733 2278/1731/1900 2377/1733/1901
f 3573/1735/1903 2390/1726/1895 2388/1736/1904
f 3572/1737/1905 2391/1727/1896 2390/1726/1895
f 2377/1733/1901 2397/1740/1908 2398/1739/1907
f 2275/1732/1823 2270/1750/1819 2397/1740/1908
f 2407/1742/1910 2406/1662/1832 2409/1661/1831
f 2282/1743/1911 2407/1742/1910 2408/1741/1909
f 2283/1660/1830 2408/1741/1909 2411/1745/1913
f 2420/2687/2781 2425/1746/1914 3791/1748/1916
f 2400/1759/1812 2410/1749/1917 2270/1750/1819
f 2414/1754/1921 2413/2704/2797 2285/1663/1833
f 2412/1744/1912 2405/1757/1924 2281/1658/1829
f 2292/1666/1836 2287/1665/1835 2293/1673/1843
f 2415/1756/1923 2402/3758/3691 2405/1757/1924
f 2402/3758/3691 2415/1756/1923 2400/1759/1812
f 2404/1761/1926 2403/1849/2013 3037/1762/1825
f 3927/1767/1931 3913/1797/1961 2463/1768/1932
f 2428/1770/1934 2429/2716/2809 2432/1771/1935
f 2298/1669/1839 2287/1665/1835 2289/1672/1842
f 3696/1876/2039 2462/2798/2891 2488/1791/1955
f 2469/1777/1941 2482/1796/1960 2483/1778/1942
f 2488/1791/1955 2394/1779/1943 2486/1781/1945
f 2449/1783/1947 2490/1799/1963 2464/1784/1948
f 2316/1691/1861 3801/2728/2821 2449/1783/1947
f 2319/1689/1859 2449/1783/1947 2448/1782/1946
f 2459/1786/1950 2469/1777/1941 2489/1776/1940
f 2325/1790/1954 2459/1786/1950 2460/1785/1949
f 2480/1861/2024 2488/1791/1955 2470/1792/1956
f 2858/1794/1958 2536/2077/2219 2869/1795/1959
f 2482/1796/1960 2326/1696/1866 2327/1695/1865
f 3913/1797/1961 3914/2746/2839 2479/1798/1962
f 2490/1799/1963 2473/1810/1974 2472/1800/1964
f 2475/1802/1966 2496/2125/2265 2497/1803/1967
f 4126/2783/2876 2370/1804/1968 2510/1805/1969
f 3675/1807/1971 2513/3759/3692 2516/1808/1972
f 2320/1692/1862 2448/1782/1946 3808/1809/1973
f 2314/1775/1939 2317/1693/1863 2320/1692/1862
f 2503/1813/1977 2472/1800/1964 2502/1811/1975
f 2501/1816/1980 2500/1812/1976 2502/1811/1975
f 2502/1811/1975 3774/1814/1978 2501/1816/1980
f 2505/1818/1982 2461/2657/2751 2468/1819/1983
f 2737/1821/1985 2841/2104/2244 3522/1822/1986
f 2856/1825/1989 2849/2074/2216 2838/1826/1990
f 2506/1828/1992 2466/2115/2255 2467/1829/1993
f 2844/1824/1988 2838/1826/1990 2847/1833/1997
f 2516/1808/1972 4098/1834/1998 3674/1806/1970
f 2508/1827/1991 2837/1836/2000 2506/1828/1992
f 2457/1839/2003 2507/2100/2240 2509/1840/2004
f 4102/3760/3693 3683/1843/2007 2520/1845/2009
f 3786/1848/2012 3787/1780/1944 2394/1779/1943
f 2403/1849/2013 2401/1642/1815 3036/1641/1814
f 2280/1850/1826 2404/1761/1926 3040/1760/1825
f 2336/2778/2871 2521/1851/2014 2335/1853/2016
f 2545/1855/2018 2541/2770/2863 3699/1856/2019
f 2856/1825/1989 2857/1874/2037 2860/1858/2021
f 3677/1817/1981 2468/1819/1983 3676/1860/2023
f 2470/1792/1956 2522/1872/2035 2491/1862/2025
f 2338/1700/1870 2340/1702/1872 3813/1864/2027
f 2536/2077/2219 2858/1794/1958 2868/1868/2031
f 2783/1870/2033 2867/2117/2257 2478/1871/2034
f 2522/1872/2035 2550/1877/2040 2551/1873/2036
f 2857/1874/2037 2535/2076/2218 2865/1875/2038
f 2721/2003/2145 2728/2011/2153 2730/2010/2152
f 3694/2754/2847 3703/1841/2005 2480/1861/2024
f 2550/1877/2040 2560/1879/2042 2561/1878/2041
f 2560/1879/2042 2556/2863/2055 2555/1880/2043
f 2565/1882/2045 2557/1888/2051 2564/1883/2046
f 2612/1905/2063 2575/1884/2047 2619/1886/2049
f 2586/1887/2050 2583/1930/2052 2557/1888/2051
f 2583/1890/2052 2575/1884/2047 2579/1891/2053
f 2557/1889/2051 2579/1891/2053 2581/1893/2054
f 2572/1885/2048 2555/1894/2043 2571/1896/2056
f 2357/1899/1882 2351/1897/2057 2354/1898/2058
f 2604/1926/2083 2611/1902/2060 2603/1904/2062
f 2575/1884/2047 2583/1890/2052 2572/1885/2048
f 2597/1916/2074 2612/1905/2063 2598/1906/2064
f 2590/1718/1887 2353/1714/1884 2606/1719/1888
f 2598/1906/2064 2619/1886/2049 2596/1909/2067
f 2608/2900/2988 2569/1910/2068 2609/1912/2070
f 3708/1914/2072 2586/1887/2050 2565/1882/2045
f 2602/1995/2138 2613/1915/2073 2597/1916/2074
f 2613/1915/2073 2579/1891/2053 2612/1905/2063
f 2577/1919/2077 2610/2902/2990 2618/1920/2078
f 2619/1886/2049 2572/1885/2048 2617/1908/2066
f 3278/2421/2079 2829/1921/2079 3277/1923/2080
f 2620/1715/1885 2359/1925/2082 2621/1716/1886
f 2625/2091/2233 2604/1926/2083 2624/1927/2084
f 2561/1878/2041 2555/1880/2043 2583/1930/2052
f 2828/1933/2089 3765/3147/3193 3277/1923/2080
f 2661/1937/2090 2662/1934/2090 2656/1936/2090
f 2660/1944/2090 2661/1937/2090 2657/1938/2090
f 2662/1934/2090 2659/1939/2090 2655/1935/2090
f 3715/1942/2090 3718/1941/2090 2662/1934/2090
f 3716/1943/2090 3715/1942/2090 2661/1937/2090
f 3720/2936/2090 3716/1943/2090 2660/1944/2090
f 2670/1638/1811 2664/1640/1813 2272/1644/1817
f 2664/1640/1813 2665/1647/1820 2274/1645/1818
f 2665/1647/1820 2666/1651/1824 2273/1649/1822
f 2280/1850/1826 2271/1653/1826 2668/1945/1827
f 2403/1849/2013 2404/1761/1926 2671/1946/2091
f 2671/1946/2091 2670/1638/1811 2401/1642/1815
f 2404/1761/1926 2280/1850/1826 2672/1753/1920
f 2887/1950/2094 2689/2999/3069 2693/1951/2095
f 2697/3015/3084 4025/1952/2096 2699/1954/2098
f 4023/1956/2100 2698/3008/3077 2701/1957/2101
f 3959/3069/2128 2631/1984/2128 3956/1986/2129
f 3792/1747/1915 2442/3071/3132 2453/1987/2130
f 2576/1918/2076 3822/1988/2131 2577/1919/2077
f 3923/1991/2134 2484/3045/3110 3930/1992/2135
f 2564/1892/2046 2581/1893/2054 2580/1994/2137
f 2603/1904/2062 2607/1903/2061 2602/1995/2138
f 2607/1903/2061 2581/1893/2054 2613/1915/2073
f 2568/1881/2044 2564/1883/2046 2567/1997/2136
f 2611/1902/2060 2580/1994/2137 2607/1903/2061
f 2748/2013/2155 2747/1998/2140 2723/2000/2142
f 2720/2016/2158 2716/2001/2143 2721/2003/2145
f 2718/2004/2146 2722/2006/2148 2723/2000/2142
f 3386/2005/2147 3391/2015/2157 2722/2006/2148
f 3401/2008/2150 3396/3710/3670 2726/2009/2151
f 2728/2011/2153 2725/3124/3178 2724/2012/2154
f 2749/2039/2181 2748/2013/2155 2727/2014/2156
f 2722/2006/2148 2729/2007/2149 2727/2014/2156
f 3391/2015/2157 3401/2008/2150 2729/2007/2149
f 2752/2063/2205 2779/2057/2199 2767/2053/2195
f 2787/2018/2160 2732/2021/2163 2750/2019/2161
f 2786/2020/2162 2731/2045/2187 2732/2021/2163
f 2785/2023/2165 2733/2026/2168 3404/2024/2166
f 2784/2025/2167 2734/2027/2169 2733/2026/2168
f 2738/2030/2172 2733/2026/2168 2739/2028/2170
f 2733/2026/2168 2738/2030/2172 3411/2029/2171
f 2738/2030/2172 2740/2033/2175 3414/2031/2173
f 2740/2033/2175 2738/2030/2172 2741/2032/2174
f 2740/2033/2175 2742/2036/2178 3417/2034/2176
f 2742/2036/2178 2740/2033/2175 2743/2035/2177
f 2742/2036/2178 2744/2038/2180 3420/2037/2179
f 2743/2035/2177 2745/2054/2196 2744/2038/2180
f 2721/2003/2145 2717/2002/2144 2748/2013/2155
f 2728/2011/2153 2721/2003/2145 2749/2039/2181
f 2790/2017/2159 2750/2019/2161 2734/2027/2169
f 2736/2041/2183 2716/2001/2143 2773/2042/2184
f 2766/2044/2186 2768/2043/2185 2732/2021/2163
f 2767/2053/2195 2766/2044/2186 2731/2045/2187
f 2755/2047/2189 2758/2058/2200 2761/2048/2190
f 2734/2027/2169 2750/2019/2161 2739/2028/2170
f 2760/2046/2188 2761/2048/2190 2759/2050/2192
f 2762/2060/2202 2764/2051/2193 2767/2053/2195
f 2758/2058/2200 2755/2047/2189 2766/2044/2186
f 2741/2032/2174 2755/2047/2189 2743/2035/2177
f 2743/2035/2177 2760/2046/2188 2745/2054/2196
f 2765/2056/2198 2762/2060/2202 2779/2057/2199
f 2766/2044/2186 2767/2053/2195 2757/2052/2194
f 2765/2056/2198 2763/2059/2201 2762/2060/2202
f 2739/2028/2170 2768/2043/2185 2741/2032/2174
f 2778/3090/3148 2780/2055/2197 2753/2062/2204
f 2938/2170/2304 2941/2173/2307 2940/2171/2305
f 2762/2060/2202 2767/2053/2195 2779/2057/2199
f 2757/2052/2194 2764/2051/2193 2758/2058/2200
f 2764/2051/2193 2763/2059/2201 2759/2050/2192
f 2716/2001/2143 2736/2041/2183 2717/2002/2144
f 2865/1875/2038 2787/2018/2160 2790/2017/2159
f 2772/3087/3145 2771/2065/2207 2776/2067/2209
f 2774/2068/2210 2777/2069/2211 2720/2016/2158
f 2773/2042/2184 2777/2069/2211 2775/2066/2208
f 2777/2069/2211 2773/2042/2184 2716/2001/2143
f 2752/2063/2205 2754/2061/2203 2779/2057/2199
f 2812/2040/2182 2773/2042/2184 2771/2065/2207
f 2838/1826/1990 2812/2040/2182 2770/2071/2213
f 2717/2002/2144 2781/2064/2206 2747/1998/2140
f 2737/1821/1985 2718/2004/2146 2719/1999/2141
f 2849/2074/2216 2736/2041/2183 2812/2040/2182
f 2869/1795/1959 2785/2023/2165 3469/2022/2164
f 2535/2076/2218 2786/2020/2162 2787/2018/2160
f 2731/2045/2187 2786/2020/2162 2783/1870/2033
f 2752/2063/2205 2783/1870/2033 2789/1869/2032
f 2868/1868/2031 2790/2017/2159 2784/2025/2167
f 2536/2077/2219 2784/2025/2167 2785/2023/2165
f 3654/3107/3162 2843/2078/2220 3629/2080/2222
f 2809/2082/2224 3488/3125/3179 3489/2083/2225
f 3657/2085/2227 3622/3076/3134 3621/2086/2228
f 3384/1820/1984 3386/2005/2147 2718/2004/2146
f 2747/1998/2140 2751/2072/2214 2719/1999/2141
f 2730/2010/2152 2724/2012/2154 2831/2087/2229
f 3600/2089/2231 2818/3761/3198 2846/2090/2232
f 2825/2093/2079 2625/2091/2233 2824/2092/2080
f 2829/1921/2079 2825/2093/2079 2830/1922/2080
f 2604/1926/2083 2625/2091/2233 2873/2095/2235
f 2879/3152/3190 2881/2096/2236 3577/2098/2238
f 2837/1836/2000 2509/1840/2004 2836/1837/2001
f 2736/2041/2183 2849/2074/2216 2514/2102/2242
f 2842/2108/2248 2751/2072/2214 2514/2102/2242
f 2751/2072/2214 2842/2108/2248 2848/2103/2243
f 2735/2073/2215 2848/2103/2243 2841/2104/2244
f 2862/2106/2246 2844/1824/1988 2854/1832/1996
f 2841/2104/2244 2839/2113/2253 3527/2107/2247
f 2855/2116/2256 2848/2103/2243 2845/2109/2249
f 2857/1874/2037 2856/1825/1989 2844/1824/1988
f 2859/2105/2245 2854/1832/1996 2840/2111/2251
f 2849/2074/2216 2856/1825/1989 2853/1857/2020
f 2845/2109/2249 2842/2108/2248 2853/1857/2020
f 2864/1793/1957 2869/1795/1959 3116/2075/2217
f 2848/2103/2243 2855/2116/2256 2839/2113/2253
f 2839/2113/2253 2864/1793/1957 3534/2112/2252
f 2863/1867/2030 2845/2109/2249 2860/1858/2021
f 2858/1794/1958 2855/2116/2256 2863/1867/2030
f 2855/2116/2256 2858/1794/1958 2864/1793/1957
f 2867/2117/2257 2862/2106/2246 2859/2105/2245
f 2535/2076/2218 2857/1874/2037 2862/2106/2246
f 2478/1871/2034 2859/2105/2245 3632/2110/2250
f 2868/1868/2031 2863/1867/2030 2865/1875/2038
f 2475/1802/1966 2466/2115/2255 3706/2119/2259
f 2466/2115/2255 2475/1802/1966 2476/1801/1965
f 2786/2020/2162 2535/2076/2218 2867/2117/2257
f 2789/1869/2032 2478/1871/2034 3631/2118/2258
f 2497/1803/1967 2554/2122/2262 2871/2124/2264
f 2871/2124/2264 2872/3172/3205 2476/1801/1965
f 2874/3174/3184 2580/1994/2137 2876/2129/2269
f 3326/2131/2271 2901/2139/2276 3034/2132/2272
f 2902/2134/1816 2904/2443/2551 3035/2135/2273
f 2904/2443/2551 2902/2134/1816 2906/2137/2274
f 3327/2138/2275 2908/2143/2280 2901/2139/2276
f 2906/2137/2274 2907/2136/1821 2905/2141/2278
f 3328/2142/2279 2909/3183/3211 2908/2143/2280
f 3019/2229/2360 3020/2144/2281 2911/2146/2283
f 2915/2147/1825 2914/2339/2284 2903/2148/2284
f 2899/3762/2288 3325/2149/2285 2916/2151/2286
f 2918/2153/2287 2917/2246/2376 2899/2154/2288
f 2920/2156/2290 2919/2159/2293 3043/2157/2291
f 2922/2158/2292 2921/3763/3694 2919/2159/2293
f 2926/2190/2324 2927/2160/2294 2923/2162/2296
f 2932/2166/2300 2933/2163/2297 2930/2165/2299
f 2923/2162/2296 2924/2161/2295 2932/2166/2300
f 2943/2176/2310 2942/2180/2314 2946/2177/2311
f 2941/2173/2307 2947/2175/2309 2945/2178/2312
f 2922/2158/2292 2933/2163/2297 2924/2161/2295
f 2936/2188/2322 2935/2181/2315 2937/2172/2306
f 2954/2183/2317 2953/3191/3219 2952/2184/2318
f 2957/2186/2320 2956/2277/2403 3963/2187/2321
f 2962/2192/2326 2961/3764/3695 2959/2193/2327
f 2961/3764/3695 2962/2192/2326 2963/2195/2329
f 2976/2197/2331 2975/2200/2334 2973/2198/2332
f 2978/2199/2333 2977/3765/3696 2975/2200/2334
f 2977/3765/3696 2978/2199/2333 2980/2205/2339
f 2980/2205/2339 2981/2204/2338 2982/2207/2341
f 2985/2209/2343 2984/3766/3697 2988/2210/2344
f 3280/2423/1886 3279/2211/1885 2992/2213/1886
f 3254/2410/2529 3242/2214/2345 2990/2216/2347
f 3584/3243/3217 2913/2217/2348 2994/2219/2350
f 3008/2221/2352 3007/2223/2354 3022/2222/2353
f 3007/2223/2354 3853/3197/3225 3024/2224/2355
f 3013/3247/3270 3014/2225/2356 3015/2227/2358
f 3845/2444/2552 3771/2228/2359 3019/2229/2360
f 3331/2231/2362 3021/3185/3213 3844/2232/2363
f 3023/2220/2351 2997/2233/2364 3027/2235/2366
f 3063/3288/3310 3064/2236/2367 3075/2238/2369
f 3033/2240/2371 3032/2241/2372 3010/2202/2336
f 3032/2241/2372 3031/2242/2373 3009/2203/2337
f 3031/2242/2373 2901/2252/2276 2908/2243/2280
f 3046/2155/2289 3043/2157/2291 3044/2245/2375
f 3045/2244/2374 3044/2245/2375 2917/2246/2376
f 3049/2248/2378 3045/2244/2374 2918/2153/2287
f 3047/2250/2380 3031/2242/2373 3048/2249/2379
f 3031/2242/2373 3047/2250/2380 2901/2252/2276
f 2920/2156/2290 3051/3264/3286 3052/2253/2381
f 2916/2152/2286 3042/2254/2382 3050/2247/2377
f 2921/3763/3694 2922/2158/2292 2928/2168/2302
f 3042/2254/2382 3038/2257/2385 3053/2255/2383
f 3047/2250/2380 3053/2255/2383 3034/2251/2272
f 3037/2259/1825 3039/2338/2464 3041/2260/2386
f 3863/2262/2388 3059/3266/3288 3870/2263/2389
f 2927/2160/2294 2922/2158/2292 2924/2161/2295
f 3306/2356/2481 3303/2432/2548 3298/2357/2482
f 3127/2265/2391 3094/3323/3345 3875/2266/2392
f 3120/2268/2394 3119/2292/2418 3100/2269/2395
f 3096/2271/2397 3127/2265/2391 3081/2264/2390
f 3081/2264/2390 3875/2266/2392 2951/2272/2398
f 3080/2270/2396 3081/2264/2390 2954/2183/2317
f 3126/2267/2393 3100/2269/2395 3088/2274/2400
f 3089/2273/2399 3088/2274/2400 2958/2276/2402
f 3094/3323/3345 3127/2265/2391 3104/2279/2405
f 3122/3296/3318 3124/2280/2406 3101/2282/2408
f 3546/2284/2410 3176/2361/2486 3532/2285/2411
f 3166/2287/2413 3182/3411/3433 3175/2288/2414
f 3150/2290/2416 3141/2318/2444 3085/2291/2417
f 2960/2191/2325 2959/2193/2327 3119/2292/2418
f 3113/2294/2420 3967/3314/3336 3966/2295/2421
f 3105/2296/2422 3106/2278/2404 3127/2265/2391
f 3125/2298/2424 3121/2344/2469 3091/2299/2425
f 3120/2268/2394 3126/2267/2393 3988/2301/2427
f 3133/2303/2429 3132/3334/3356 3108/2304/2430
f 3136/2315/2441 3139/2308/2434 2966/2310/2436
f 2955/2182/2316 2952/2184/2318 2950/2312/2438
f 3106/2278/2404 3105/2296/2422 3138/2314/2440
f 3139/2308/2434 3136/2315/2441 3138/2314/2440
f 3849/3195/3223 3848/2317/2443 3137/2316/2442
f 3848/2317/2443 3104/2279/2405 3106/2278/2404
f 3141/2318/2444 3140/3310/3332 3029/2319/2445
f 3522/1822/1986 3517/2595/2694 3410/2320/2446
f 3514/2322/2448 3525/2571/2674 3530/2323/2449
f 3098/2325/2451 3097/2307/2433 3142/2326/2452
f 3087/2328/2454 3086/2335/2461 3589/2329/2455
f 3523/2331/2457 3514/2322/2448 3519/2321/2447
f 3512/2589/2688 3513/2332/2458 3142/2326/2452
f 3145/2334/2460 3143/2343/2468 3086/2335/2461
f 3036/2133/1814 3035/2135/2273 3039/2338/2464
f 3040/2258/1825 3041/2260/2386 2914/2339/2284
f 3165/3767/3698 3158/2340/2465 2969/2342/2467
f 3729/2333/2459 3147/2289/2415 3143/2343/2468
f 3121/2344/2469 3737/2370/2495 3092/2345/2470
f 3535/2347/2472 3531/2369/2494 3530/2323/2449
f 3190/2349/2474 3187/3428/3450 3168/2350/2475
f 3191/2352/2477 3188/3427/3449 3171/2353/2478
f 3128/2354/2479 3159/2367/2492 3101/2282/2408
f 3737/2370/2495 3736/2337/2463 3124/2280/2406
f 3161/3632/3607 3876/2358/2483 3199/2360/2485
f 3540/2604/2703 3532/2285/2411 3545/2362/2487
f 3111/2364/2489 3544/2605/2704 3461/2365/2490
f 3198/2366/2491 3197/2372/2497 3159/2367/2492
f 3542/2368/2493 3173/2572/2675 3531/2369/2494
f 3402/2517/2620 3399/2536/2639 3392/2510/2613
f 3213/2371/2496 3212/2377/2502 3197/2372/2497
f 3222/2374/2499 3997/3440/3460 3239/2375/2500
f 3205/2376/2501 3208/2378/2503 3212/2377/2502
f 3208/2378/2503 3218/3647/3609 3207/2379/2504
f 3216/2381/2506 3209/2389/2514 3217/2382/2507
f 3225/2400/2521 3227/2383/2508 3267/2385/2510
f 3883/3421/3443 3200/2386/2511 3886/2388/2513
f 3209/2389/2514 3236/2433/2517 3240/2390/2515
f 3230/2392/2516 3227/2383/2508 3236/2393/2517
f 3232/2395/2518 3230/2392/2516 3209/2391/2514
f 3218/3634/3609 3208/2396/2503 3893/2398/2520
f 3208/2396/2503 3205/2399/2501 3224/2397/2519
f 2982/2207/2341 2983/2206/2340 2986/2402/2522
f 3255/2502/2606 3257/2405/2524 3252/2407/2526
f 3205/2399/2501 3236/2393/2517 3225/2400/2521
f 3267/2385/2510 3258/2384/2509 3249/2409/2528
f 2984/3766/3697 2985/2209/2343 3254/2410/2529
f 3266/2418/2537 3267/2385/2510 3247/2411/2530
f 4004/2413/2532 2991/2215/2346 3242/2214/2345
f 3258/2384/2509 3259/2414/2533 3248/2408/2527
f 3893/2398/2520 3224/2397/2519 3899/2419/2538
f 3227/2383/2508 3230/2392/2516 3258/2384/2509
f 3224/2397/2519 3225/2400/2521 3266/2418/2537
f 3508/2434/2080 3507/2420/2079 3277/1923/2080
f 2990/2216/2347 2991/2215/2346 3280/2423/1886
f 3252/2407/2526 3253/2406/2525 3285/2425/2541
f 3287/3471/3486 3767/2426/2542 3248/2408/2527
f 3304/2428/2544 3755/3499/3502 3307/2429/2545
f 3311/2427/2543 3307/2429/2545 3298/2357/2482
f 3236/2433/2517 3205/2376/2501 3213/2371/2496
f 3277/1923/2080 3765/3728/3193 3506/2435/2549
f 3317/2442/2550 3324/2436/2550 3318/2438/2550
f 3318/2438/2550 3323/2437/2550 3319/2440/2550
f 3320/3516/2550 3321/2441/2550 3317/2442/2550
f 2904/2443/2551 3326/2131/2271 3332/2130/2270
f 2906/2137/2274 3327/2138/2275 3326/2131/2271
f 2905/2141/2278 3328/2142/2279 3327/2138/2275
f 3325/2149/2285 2903/2148/2284 3330/2150/2285
f 3019/2229/2360 3331/2231/2362 3843/2230/2361
f 3334/2446/2554 3041/2260/2386 3333/2445/2553
f 3035/2135/2273 3332/2130/2270 3333/2445/2553
f 3330/2150/2285 2914/2339/2284 3334/2446/2554
f 3343/2450/2558 3349/3531/3532 3341/2451/2559
f 3969/2478/2585 3882/2490/2594 3879/2479/2586
f 4012/3472/2129 3291/2480/2128 3956/2482/2129
f 3211/2484/2588 3210/3643/3588 3895/2485/2589
f 3859/2487/2591 3985/3291/3313 3079/2488/2592
f 3993/2489/2593 3130/3619/3597 3882/2490/2594
f 3982/3418/3440 3131/2491/2595 3194/2493/2597
f 3909/2495/2599 3901/3459/3477 3894/2496/2600
f 3071/3306/3328 3070/2497/2601 3908/2499/2603
f 3231/2501/2605 3232/2395/2518 3216/2394/2506
f 3259/2414/2533 3255/2502/2606 3251/2415/2534
f 3230/2392/2516 3232/2395/2518 3259/2414/2533
f 3219/2504/2604 3216/2381/2506 3220/2380/2505
f 3232/2395/2518 3231/2501/2605 3255/2502/2606
f 3389/2511/2614 3425/2505/2608 3394/2507/2610
f 3387/2535/2638 3385/2508/2611 3392/2510/2613
f 3394/2507/2610 3393/2513/2616 3388/2512/2615
f 3393/2513/2616 3391/2015/2157 3386/2005/2147
f 3394/2507/2610 3426/2506/2609 3398/2515/2618
f 3398/2515/2618 3400/2516/2619 3393/2513/2616
f 3400/2516/2619 3401/2008/2150 3391/2015/2157
f 3430/2561/2664 3403/2544/2647 3448/2543/2646
f 3428/2519/2622 3405/2521/2624 3465/2520/2623
f 3405/2521/2624 3403/2544/2647 3464/2522/2625
f 3404/2024/2166 3406/2524/2627 3463/2523/2626
f 3406/2524/2627 3407/2537/2640 3462/2525/2628
f 3407/2537/2640 3406/2524/2627 3413/2527/2630
f 3411/2029/2171 3412/2526/2629 3406/2524/2627
f 3414/2031/2173 3415/2528/2631 3412/2526/2629
f 3413/2527/2630 3412/2526/2629 3416/2529/2632
f 3417/2034/2176 3418/2530/2633 3415/2528/2631
f 3416/2529/2632 3415/2528/2631 3419/2531/2634
f 3420/2037/2179 3421/2532/2635 3418/2530/2633
f 3421/2532/2635 3422/2556/2659 3419/2531/2634
f 3421/2532/2635 3420/2037/2179 3424/2534/2637
f 3425/2505/2608 3387/2535/2638 3426/2506/2609
f 3426/2506/2609 3392/2510/2613 3427/2514/2617
f 3407/2537/2640 3428/2519/2622 3468/2518/2621
f 3453/2539/2642 3385/2508/2611 3409/2540/2643
f 3428/2519/2622 3449/2541/2644 3405/2521/2624
f 3405/2521/2624 3447/2542/2645 3403/2544/2647
f 3442/2546/2649 3439/2555/2658 3436/2547/2650
f 3444/2560/2663 3434/2548/2651 3446/2550/2653
f 3449/2541/2644 3428/2519/2622 3413/2527/2630
f 3440/2552/2655 3442/2546/2649 3441/2545/2648
f 3438/2559/2662 3445/2553/2656 3448/2543/2646
f 3449/2541/2644 3436/2547/2650 3447/2542/2645
f 3441/2545/2648 3436/2547/2650 3419/2531/2634
f 3437/2551/2654 3441/2545/2648 3422/2556/2659
f 3457/2558/2661 3443/2554/2657 3446/2550/2653
f 3438/2559/2662 3448/2543/2646 3447/2542/2645
f 3445/2553/2656 3444/2560/2663 3443/2554/2657
f 3436/2547/2650 3449/2541/2644 3416/2529/2632
f 3448/2543/2646 3443/2554/2657 3457/2558/2661
f 3442/2546/2649 3445/2553/2656 3439/2555/2658
f 3440/2552/2655 3444/2560/2663 3445/2553/2656
f 3459/2569/2672 3409/2540/2643 3387/2535/2638
f 3468/2518/2621 3465/2520/2623 3542/2368/2493
f 3390/2509/2612 3456/2563/2666 3454/2562/2665
f 3455/2564/2667 3456/2563/2666 3453/2539/2642
f 3385/2508/2611 3453/2539/2642 3456/2563/2666
f 3458/2557/2660 3432/2566/2669 3457/2558/2661
f 3452/2565/2668 3453/2539/2642 3492/2538/2641
f 3451/2568/2671 3492/2538/2641 3514/2322/2448
f 3429/2573/2676 3459/2569/2672 3425/2505/2608
f 3389/2511/2614 3388/2512/2615 3410/2320/2446
f 3492/2538/2641 3409/2540/2643 3525/2571/2674
f 3469/2022/2164 3463/2523/2626 3546/2284/2410
f 3465/2520/2623 3464/2522/2625 3173/2572/2675
f 3461/2365/2490 3464/2522/2625 3403/2544/2647
f 3467/2363/2488 3461/2365/2490 3430/2561/2664
f 3462/2525/2628 3468/2518/2621 3545/2362/2487
f 3463/2523/2626 3462/2525/2628 3176/2361/2486
f 3388/2512/2615 3386/2005/2147 3384/1820/1984
f 3408/2570/2673 3429/2573/2676 3389/2511/2614
f 3617/3705/3665 3618/2574/2677 3557/2576/2679
f 3606/3683/3645 3611/2577/2680 3496/2579/2682
f 3494/2581/2684 3493/3754/3689 3609/2582/2685
f 3285/2425/2541 3286/2424/2540 3503/2584/2080
f 3552/2586/2686 3507/2420/2079 3551/2585/2686
f 3503/2584/2080 3504/2583/2079 3508/2434/2080
f 3507/2420/2079 3552/2586/2686 3278/2421/2079
f 3143/2343/2468 3145/2334/2460 3512/2589/2688
f 3521/2591/2690 3523/2331/2457 3528/2330/2456
f 3152/2592/2691 3525/2571/2674 3409/2540/2643
f 3459/2569/2672 3429/2573/2676 3152/2592/2691
f 3524/2594/2693 3518/2593/2692 3429/2573/2676
f 3517/2595/2694 3524/2594/2693 3408/2570/2673
f 3528/2330/2456 3519/2321/2447 3539/2597/2696
f 3527/2107/2247 3515/2601/2700 3517/2595/2694
f 3518/2593/2692 3524/2594/2693 3520/2599/2698
f 3519/2321/2447 3530/2323/2449 3531/2369/2494
f 3516/2590/2689 3528/2330/2456 3533/2596/2695
f 3526/2346/2471 3530/2323/2449 3525/2571/2674
f 3152/2592/2691 3518/2593/2692 3526/2346/2471
f 3116/2075/2217 3546/2284/2410 3541/2283/2409
f 3515/2601/2700 3529/2598/2697 3524/2594/2693
f 3562/2603/2702 3098/2325/2451 3144/2324/2450
f 3534/2112/2252 3541/2283/2409 3515/2601/2700
f 3526/2346/2471 3520/2599/2698 3535/2347/2472
f 3520/2599/2698 3529/2598/2697 3540/2604/2703
f 3541/2283/2409 3532/2285/2411 3529/2598/2697
f 3533/2596/2695 3539/2597/2696 3544/2605/2704
f 3539/2597/2696 3531/2369/2494 3173/2572/2675
f 3645/2600/2699 3533/2596/2695 3111/2364/2489
f 3535/2347/2472 3540/2604/2703 3542/2368/2493
f 3109/2302/2428 3108/2304/2430 3097/2307/2433
f 3544/2605/2704 3173/2572/2675 3464/2522/2625
f 3644/2606/2705 3111/2364/2489 3467/2363/2488
f 3257/2405/2524 3231/2501/2605 3550/2609/2708
f 3548/2608/2707 3231/2501/2605 3219/2500/2604
f 3919/2719/2812 3796/2611/2710 2433/2613/2712
f 2398/1739/1907 2397/1740/1908 3796/2611/2710
f 2412/1744/1912 2411/1745/1913 3788/2612/2711
f 2415/1756/1923 3788/2612/2711 3796/2611/2710
f 3861/2615/2714 3049/2248/2378 3050/2247/2377
f 3048/2249/2379 3861/2615/2714 3053/2255/2383
f 2308/1683/1853 2313/1686/1856 3773/1774/1938
f 4085/1635/1808 4086/1637/1810 2898/2617/2716
f 2897/3179/3208 2267/1636/1809 2895/2616/2715
f 2268/3756/3690 2896/2618/2717 4086/1637/1810
f 3771/2228/2359 2910/2619/2277 2277/2620/2718
f 2278/2621/1900 2276/2689/2780 3770/2622/2719
f 2912/2145/2282 3020/2144/2281 3571/2624/2721
f 2387/2626/1898 2279/2629/1899 3570/2627/2723
f 4135/3186/3214 2912/2145/2282 4114/2628/2724
f 2279/2629/1899 4116/3768/2739 2667/2630/2725
f 2402/3769/3691 2400/1639/1812 4024/1953/2097
f 2315/2631/2726 2321/2633/2728 2322/2632/2727
f 2321/2633/2728 2323/1789/1953 2324/1788/1952
f 4088/2636/2731 2331/2634/2729 2332/2635/2730
f 3774/1814/1978 4088/2636/2731 3775/1815/1979
f 3778/1728/1897 3777/2637/2732 3776/2639/2734
f 3776/2639/2734 2378/2638/2733 2380/2640/2735
f 2339/2641/2736 2341/1704/1874 2342/1703/1873
f 3943/2880/2968 3942/2642/2737 2353/1714/1884
f 2357/1899/1882 3942/2643/2737 2351/1897/2057
f 4115/2646/2740 4116/2645/2739 3572/1737/1905
f 2360/2950/3036 4115/2646/2740 3574/1734/1902
f 4107/2653/2747 4112/2647/2741 2361/2649/2743
f 2363/2651/2745 2362/2654/2748 4108/2652/2746
f 4106/2650/2744 4107/2653/2747 2363/2651/2745
f 2362/2654/2748 2365/2768/2861 4109/2655/2749
f 3673/2656/2750 2462/2798/2891 2461/2657/2751
f 4111/2661/2755 4124/2658/2752 2372/2660/2754
f 4110/2667/2761 4111/2661/2755 3577/2098/2238
f 2373/2663/2757 3578/2665/2759 4128/2664/2758
f 4127/2674/2768 4128/2664/2758 3579/2666/2760
f 4130/2668/2762 4110/2667/2761 3580/2097/2237
f 3580/2097/2237 2373/2663/2757 4129/2662/2756
f 2880/2670/2764 2823/3770/3180 3583/2671/2765
f 2374/2669/2763 3583/2671/2765 4131/2673/2767
f 4146/2672/2766 4127/2674/2768 2374/2669/2763
f 3583/2671/2765 2823/3770/3180 2822/2676/2770
f 2388/1736/1904 3779/2679/2773 2375/2678/2772
f 2390/1726/1895 3778/1728/1897 3779/2679/2773
f 2393/2691/2784 2389/2677/2771 3782/2680/2774
f 3783/2682/2776 3776/2639/2734 2381/2681/2775
f 2383/2684/2778 3783/2682/2776 2382/2683/2777
f 3784/2724/2817 2383/2684/2778 3916/2685/2779
f 2378/2638/2733 3777/2637/2732 2276/2686/2780
f 3779/2679/2773 3778/1728/1897 2383/2684/2778
f 3917/2711/2804 2420/2687/2781 3926/2688/2782
f 3020/2144/2281 3771/2228/2359 2386/2623/2720
f 2276/2689/2780 2387/2626/1898 2669/2625/2722
f 3574/1734/1902 2388/1736/1904 2389/2677/2771
f 3777/2637/2732 2391/1727/1896 2387/1729/1898
f 2393/2691/2784 2392/1847/2011 2361/2649/2743
f 2376/2648/2742 3575/2690/2783 2393/2691/2784
f 2443/3026/3095 3920/2695/2788 2440/2697/2790
f 2381/2681/2775 4021/2699/2792 2399/2698/2791
f 2380/2640/2735 4020/2700/2793 4021/2699/2792
f 2379/1738/1906 2398/1739/1907 4020/2700/2793
f 4025/1952/2096 2402/3769/3691 4024/1953/2097
f 3924/2692/2785 3789/2694/2787 2300/1687/1857
f 2672/1753/1920 2405/1947/1924 4028/1955/2099
f 2405/1947/1924 4023/1956/2100 4028/1955/2099
f 2409/1661/1831 2285/1663/1833 2413/2704/2797
f 2420/2687/2781 2419/1764/1928 2424/2705/2798
f 2448/1782/1946 2464/1784/1948 2499/2709/2802
f 3918/2715/2808 3921/1769/1933 2426/2710/2803
f 2399/2698/2791 4021/2699/2792 2418/1765/1929
f 2408/1741/1909 2409/1661/1831 3911/2703/2796
f 2431/2713/2806 2430/2706/2799 2422/2714/2807
f 3918/2715/2808 2423/2720/2813 2428/1770/1934
f 2432/1771/1935 2429/2716/2809 3794/2707/2800
f 2432/1771/1935 3793/2717/2810 2427/2696/2789
f 2420/2687/2781 3917/2711/2804 2419/1764/1928
f 3912/1758/1925 3790/2693/2786 2414/1754/1921
f 2416/2708/2801 3789/2694/2787 3790/2693/2786
f 2433/2613/2712 2428/1770/1934 2423/2720/2813
f 2435/2722/2815 2487/2807/2900 3806/2723/2816
f 3918/2715/2808 2425/1746/1914 2423/2720/2813
f 2426/2710/2803 3792/1747/1915 3918/2715/2808
f 2427/2696/2789 3920/2695/2788 2432/1771/1935
f 2431/2713/2806 3793/2717/2810 2430/2706/2799
f 2375/2678/2772 3779/2679/2773 3784/2724/2817
f 2416/2708/2801 2296/1772/1936 2294/2725/2818
f 2414/1754/1921 2421/2712/2805 2413/2704/2797
f 2486/1781/1945 3787/1780/1944 3805/2727/2820
f 3808/1809/1973 2499/2709/2802 3913/1797/1961
f 3801/2728/2821 3780/2744/2837 2490/1799/1963
f 2441/2730/2823 2446/2737/2830 2436/2731/2824
f 3786/1848/2012 3782/2680/2774 3785/2733/2826
f 2479/1798/1962 3914/2746/2839 2492/2753/2846
f 2300/1687/1857 2303/1676/1846 2441/2730/2823
f 2394/1779/1943 2488/1791/1955 2519/1844/2008
f 3785/2733/2826 3804/2726/2819 3787/1780/1944
f 3923/1991/2134 2439/2734/2827 3811/2736/2829
f 2451/1787/1951 2446/2737/2830 2312/1681/1851
f 2446/2737/2830 2441/2730/2823 2306/1675/1845
f 2460/1785/1949 2489/1776/1940 4089/2739/2832
f 2436/2731/2824 2435/2722/2815 2452/2721/2814
f 2322/2632/2727 4090/2738/2831 3801/2728/2821
f 2392/1847/2011 2393/2691/2784 3786/1848/2012
f 2396/1846/2010 3672/2766/2859 2504/2742/2835
f 2371/1725/1894 2369/1723/1892 2456/2743/2836
f 2322/2632/2727 2324/1788/1952 4090/2738/2831
f 3929/1990/2133 3930/1992/2135 3805/2727/2820
f 2473/1810/1974 2490/1799/1963 3781/2745/2838
f 2499/2709/2802 2498/2762/2855 3914/2746/2839
f 3686/2748/2841 3685/2763/2856 2477/2749/2842
f 3700/1866/2029 4153/2838/2931 4154/2750/2843
f 2456/2743/2836 3675/1807/1971 3674/1806/1970
f 3699/1856/2019 2537/2769/2862 2496/2125/2265
f 4209/2837/2930 3703/1841/2005 4156/2755/2848
f 2461/2657/2751 3688/2786/2879 3689/2756/2849
f 2485/2758/2851 3915/2841/2934 2474/2759/2852
f 4089/2739/2832 2489/1776/1940 4091/2760/2853
f 2470/1792/1956 2486/1781/1945 3803/2761/2854
f 2464/1784/1948 2472/1800/1964 2498/2762/2855
f 3781/2745/2838 3780/2744/2837 4091/2760/2853
f 2528/2821/2914 3685/2763/2856 4161/2765/2858
f 4105/2806/2899 2504/2742/2835 2515/2767/2860
f 3781/2745/2838 4091/2760/2853 4088/2636/2731
f 2371/1725/1894 2456/2743/2836 2511/2751/2844
f 2365/2768/2861 2367/1722/1891 2364/1823/1987
f 3706/2119/2259 3701/2120/2260 4207/2800/2893
f 4165/3771/3699 2537/2769/2862 2541/2770/2863
f 4096/3772/3700 3677/1817/1981 4095/2771/2864
f 4251/2839/2932 3707/2772/2865 4250/2773/2866
f 3809/2776/2869 2503/1813/1977 2333/2775/2868
f 2347/2779/2872 2337/1701/1871 2338/1700/1870
f 2498/2762/2855 3809/2776/2869 2492/2753/2846
f 3809/2776/2869 2498/2762/2855 2503/1813/1977
f 2473/1810/1974 3781/2745/2838 3774/1814/1978
f 2477/2749/2842 4203/3773/3701 4206/2781/2874
f 2395/2741/2834 2504/2742/2835 3675/1807/1971
f 3677/1817/1981 4096/3772/3700 4097/2782/2875
f 4125/2784/2877 4126/2783/2876 3576/2659/2753
f 2367/1722/1891 2396/1846/2010 2395/2741/2834
f 2505/1818/1982 4097/2782/2875 4093/2785/2878
f 2529/2822/2915 3688/2786/2879 4205/2787/2880
f 3576/2659/2753 2457/1839/2003 2458/1838/2002
f 4093/2785/2878 4092/2788/2881 3673/2656/2750
f 4103/2801/2894 4100/2790/2883 3682/1830/1994
f 3684/2791/2884 2506/1828/1992 2836/1837/2001
f 2520/1845/2009 2519/1844/2008 4094/2793/2886
f 3686/2748/2841 2530/2823/2916 4157/2795/2888
f 3678/2792/2885 2517/2789/2882 4092/2788/2881
f 3680/2101/2241 2518/1835/1999 4098/1834/1998
f 3672/2766/2859 3679/1831/1995 4100/2790/2883
f 3676/1860/2023 3681/2114/2254 4101/2797/2890
f 2367/1722/1891 2365/2768/2861 2396/1846/2010
f 2510/1805/1969 2511/2751/2844 2457/1839/2003
f 3713/2819/2912 2645/2952/3702 2643/2820/2913
f 3683/1843/2007 4102/3760/3693 4103/2801/2894
f 2327/1695/1865 4088/2636/2731 4091/2760/2853
f 2329/1697/1867 2331/2634/2729 2327/1695/1865
f 2331/2634/2729 4088/2636/2731 2327/1695/1865
f 3924/2692/2785 3795/2718/2811 2431/2713/2806
f 4090/2738/2831 4089/2739/2832 3780/2744/2837
f 2465/2757/2850 2450/2802/2895 2485/2758/2851
f 3790/2693/2786 3924/2692/2785 2431/2713/2806
f 2788/2121/2261 3631/2118/2258 2866/2805/2898
f 3924/2692/2785 2441/2730/2823 3800/2729/2822
f 2513/3759/3692 3675/1807/1971 4105/2806/2899
f 3916/2685/2779 2384/3016/3085 2385/2732/2825
f 3784/2724/2817 2385/2732/2825 2375/2678/2772
f 3812/3065/3129 3806/2723/2816 3798/2808/2901
f 3917/2711/2804 3926/2688/2782 3916/2685/2779
f 2365/2768/2861 2362/2654/2748 2394/1779/1943
f 3789/2694/2787 2416/2708/2801 2294/2725/2818
f 2299/1694/1864 3789/2694/2787 2294/2725/2818
f 3809/2776/2869 2521/1851/2014 3933/2809/2902
f 3690/2811/2904 4158/2817/2910 4164/2812/2905
f 3692/2933/3017 2495/2813/2906 3691/2814/2907
f 4159/3774/3703 2495/2813/2906 4163/2816/2909
f 2334/2777/2870 2527/1852/2015 2521/1851/2014
f 2457/1839/2003 2511/2751/2844 2507/2100/2240
f 2495/2813/2906 4159/3774/3703 4158/2817/2910
f 2534/2835/2928 4254/2840/2933 2540/2836/2929
f 4203/3773/3701 2477/2749/2842 2528/2821/2914
f 4250/2773/2866 3689/2756/2849 2529/2822/2915
f 3687/2747/2840 4154/2750/2843 2530/2823/2916
f 3700/1866/2029 3687/2747/2840 3705/2780/2873
f 3687/2747/2840 2477/2749/2842 3705/2780/2873
f 3598/3170/3203 3599/2824/2917 2866/2805/2898
f 4160/2826/2919 4161/2765/2858 2532/2764/2857
f 4165/3771/3699 4162/2827/2920 2537/2769/2862
f 4204/2828/2921 4205/2787/2880 3696/1876/2039
f 4208/2799/2892 4210/2829/2922 3706/2119/2259
f 4157/2795/2888 4155/2830/2923 2533/2794/2887
f 4252/2832/2925 4207/2800/2893 3701/2120/2260
f 4164/2812/2905 4253/2833/2926 3704/2810/2903
f 3915/2841/2934 2526/2849/2942 2494/2842/2935
f 2462/2798/2891 3696/1876/2039 3688/2786/2879
f 3693/2825/2918 2531/2834/2927 4160/2826/2919
f 4162/2827/2920 4163/2816/2909 3702/2126/2266
f 4206/2781/2874 2545/1855/2018 3698/1854/2017
f 3695/1842/2006 3703/1841/2005 4204/2828/2921
f 4210/2829/2922 4153/2838/2931 2543/1865/2028
f 3694/2754/2847 2542/2831/2924 4155/2830/2923
f 4251/2839/2932 4252/2832/2925 2544/2774/2867
f 2534/2835/2928 3697/1928/2085 4253/2833/2926
f 2342/1703/1873 2344/1705/1875 2346/1707/1877
f 2340/1702/1872 2342/1703/1873 3932/1863/2026
f 2342/1703/1873 2346/1707/1877 3932/1863/2026
f 3712/2128/2268 2644/2942/3028 2647/2848/2941
f 3815/2844/2937 2524/2856/2949 2523/2845/2938
f 2522/1872/2035 2470/1792/1956 3802/2846/2939
f 3937/2873/2963 3933/2809/2902 2336/2778/2871
f 2548/2887/2975 2494/2842/2935 3934/2850/2943
f 2546/2854/2947 3802/2846/2939 3936/2852/2945
f 2338/1700/1870 3813/1864/2027 3814/2853/2946
f 3814/2853/2946 3937/2873/2963 2336/2778/2871
f 3823/2879/2957 3942/2642/2737 3943/2880/2968
f 2550/1877/2040 2522/1872/2035 2546/2854/2947
f 3709/1913/2071 2637/2951/3704 2636/2855/2948
f 3938/2888/2976 2523/2845/2938 2552/2857/2950
f 2480/1861/2024 2491/1862/2025 2534/2835/2928
f 3686/2748/2841 2533/2794/2887 2532/2764/2857
f 3685/2763/2856 3686/2748/2841 2532/2764/2857
f 2546/2854/2947 3817/2862/2955 2560/1879/2042
f 2559/2864/2956 3814/2853/2946 3816/2858/2951
f 3940/2860/2953 3941/2877/2966 3944/2861/2954
f 3817/2862/2955 2566/3775/2974 2556/2863/2055
f 3821/2870/2961 2559/2864/2956 3823/2865/2957
f 3939/2867/2959 3945/3052/3107 3947/2868/2132
f 2587/2644/2738 3942/2643/2737 3823/2865/2957
f 3940/3776/2953 3949/2869/2960 3821/2870/2961
f 3949/2869/2960 3940/3776/2953 2582/2872/2952
f 3949/2869/2960 3937/2873/2963 2559/2864/2956
f 2637/2951/3704 3709/1913/2071 4263/2875/2965
f 3821/2876/2961 2570/2882/2970 3941/2877/2966
f 2634/1924/2081 3760/2927/3011 3759/2944/3030
f 3932/1863/2026 2587/2644/2738 3816/2858/2951
f 3936/2852/2945 2588/3063/3127 3817/2862/2955
f 3708/1914/2072 2636/2855/2948 2646/2881/2969
f 3823/2879/2957 3825/2878/2967 2570/2882/2970
f 2547/2884/2972 3824/3025/3094 3826/2885/2973
f 2571/1896/2056 2556/1895/2055 2569/1910/2068
f 2584/2866/2958 2548/2887/2975 3939/2867/2959
f 2562/3035/3101 3938/2888/2976 3827/2889/2977
f 3818/3074/3133 2585/2890/2978 2576/1918/2076
f 3950/2892/2980 2591/2904/2992 2592/2893/2981
f 2601/2921/3005 3951/2894/2982 3829/2896/2984
f 3953/2923/3007 3952/2897/2985 3831/2899/2987
f 3831/2899/2987 3830/2898/2986 2592/2893/2981
f 2596/1909/2067 2617/1908/2066 2593/2901/2989
f 2610/2902/2990 2600/3034/3100 3832/2903/2991
f 2590/1718/1887 2359/1925/2082 2591/2904/2992
f 3943/2880/2968 3950/2892/2980 2605/2891/2979
f 2615/3066/3130 3944/2861/2954 3952/2897/2985
f 3952/2897/2985 3941/2877/2966 3830/2898/2986
f 3830/2898/2986 2570/2882/2970 2605/2891/2979
f 2617/1908/2066 2571/1896/2056 2608/2900/2988
f 3950/2892/2980 3943/2880/2968 2590/1718/1887
f 3837/2915/2993 3833/2905/2993 3268/2907/2994
f 3761/2909/2996 4167/3777/3705 2653/2910/2997
f 3956/1986/2129 3955/1985/2129 3835/2912/2998
f 2628/2908/2995 2653/2910/2997 4172/2914/3000
f 3835/2912/2998 2632/2911/2998 3837/2915/2993
f 3834/2916/3001 3269/3057/3121 3271/2917/3002
f 3276/3064/3128 3836/2918/3003 3273/2920/3004
f 2628/2908/2995 2602/1995/2138 3761/2909/2996
f 2620/1715/1885 2993/3757/1885 3268/2907/2994
f 3833/2905/2993 2592/2893/2981 2622/2906/2994
f 2630/3028/3097 2601/2921/3005 3838/2922/3006
f 3955/1985/2129 3953/2923/3007 2632/2911/2998
f 2599/2925/3009 2633/3054/3118 2626/2926/3010
f 3759/2944/3030 3760/2927/3011 4255/2929/3013
f 2632/2911/2998 3831/2899/2987 3833/2905/2993
f 2593/2901/2989 3834/2916/3001 2634/1924/2081
f 2598/1906/2064 2627/2930/3014 2597/1916/2074
f 3836/2918/3003 3839/2931/3015 2635/2919/3004
f 3764/2932/3016 3312/3778/3706 4256/2928/3012
f 2359/1925/2082 2620/1715/1885 2622/2906/2994
f 2587/2644/2738 3932/1863/2026 2349/1710/1880
f 4244/1943/3707 3692/2933/3017 4243/1942/3018
f 4243/1942/3018 3691/2814/2907 4245/1941/3020
f 3711/2127/2267 2539/2938/3024 4246/2936/3022
f 3692/2933/3017 4244/1943/3707 4246/2936/3022
f 2641/2874/2964 2649/1932/2088 4263/2875/2965
f 2651/2940/3026 4245/1941/3020 2639/2934/3019
f 2652/2941/3027 2645/2952/3702 3713/2819/2912
f 2649/1932/2088 3714/2847/2940 2650/2939/3025
f 3710/1929/2086 2638/2818/2911 2651/2940/3026
f 2648/2937/3023 2640/1917/2075 2652/2941/3027
f 3712/2128/2268 3711/2127/2267 3719/2935/3021
f 2538/2815/2908 2495/2813/2906 3692/2933/3017
f 2639/2934/3019 3704/2810/2903 3697/1928/2085
f 2496/2125/2265 2642/3075/2087 2554/2122/2262
f 3702/2126/2266 2538/2815/2908 2539/2938/3024
f 2491/1862/2025 2551/1873/2036 3713/2819/2912
f 3704/2810/2903 2639/2934/3019 3691/2814/2907
f 2641/2874/2964 3709/1913/2071 2565/1882/2045
f 4167/3777/3705 3761/2909/2996 4166/2943/3029
f 3764/2932/3016 3760/2927/3011 3271/2917/3002
f 4255/2929/3013 4166/2943/3029 2627/2930/3014
f 4172/2914/3000 4168/2945/3031 2654/2913/2999
f 2827/3143/3192 2826/2947/3033 4169/2949/3035
f 2673/2961/3045 2887/3779/2094 2888/2962/2093
f 3759/2944/3030 2627/2930/3014 2598/1906/2064
f 3763/2948/3034 3762/2946/3032 4168/2945/3031
f 3575/2690/2783 2376/2648/2742 4112/2647/2741
f 3772/1773/1937 3927/1767/1931 2447/1766/1930
f 2656/1936/2090 2655/1935/2090 4212/2951/2090
f 2657/1938/2090 2656/1936/2090 3717/2875/2090
f 2655/1935/2090 2658/1940/2090 4211/2855/2090
f 3718/1941/2090 4220/2940/2090 2659/1939/2090
f 4215/2820/2090 4214/2952/2090 2659/1939/2090
f 2660/1944/2090 2657/1938/2090 4217/2848/2090
f 3717/2875/2090 4219/2939/2090 2657/1938/2090
f 4216/2942/2090 4247/2935/2090 2660/1944/2090
f 4214/2952/2090 4213/2941/2090 2658/1940/2090
f 2277/2620/2718 2273/1649/1822 3770/2622/2719
f 2386/2623/2720 2669/2625/2722 2870/2953/3037
f 3571/2624/2721 2386/2623/2720 2870/2953/3037
f 3570/2627/2723 2667/2630/2725 4113/2954/3038
f 3770/2622/2719 2669/2625/2722 2386/2623/2720
f 4067/2975/3058 2679/2956/3040 2405/1947/1924
f 4067/2975/3058 2405/1947/1924 2672/1753/1920
f 2682/2974/3057 4067/2975/3058 2672/1753/1920
f 4063/2968/3051 2682/2974/3057 2672/1753/1920
f 2678/2959/3043 2888/2962/2093 2684/2960/3044
f 4063/2968/3051 4062/1752/1919 2685/2966/3049
f 2890/2978/3061 2677/1948/2092 2687/2964/3047
f 2687/2964/3047 2681/2963/3046 2883/2965/3048
f 2675/1751/1918 2889/2982/3065 2685/2966/3049
f 2281/1657/1829 2678/2959/3043 2676/2958/3042
f 2676/2958/3042 2684/2960/3044 2884/2970/3053
f 2680/2969/3052 2884/2970/3053 2683/2972/3055
f 2668/1945/1827 2281/1657/1829 2676/2958/3042
f 2686/2994/3062 4073/1979/2123 4071/1978/2122
f 2676/2958/3042 2680/2969/3052 2668/1945/1827
f 2680/2969/3052 2674/2971/3054 2668/1945/1827
f 2688/2976/3059 2682/2974/3057 2882/2967/3050
f 2891/2980/3063 4067/2975/3058 2688/2976/3059
f 2887/3779/2094 2673/2961/3045 2886/2977/3060
f 2886/2977/3060 4064/2955/3039 2890/2978/3061
f 2883/2965/3048 4065/2957/3041 2686/2979/3062
f 2686/2979/3062 2679/2956/3040 2891/2980/3063
f 2674/2971/3054 2683/2972/3055 2885/2981/3064
f 4066/2973/3056 2885/2981/3064 2889/2982/3065
f 2884/2984/3053 4072/1980/2124 2690/2985/3066
f 2684/2986/3044 4077/1981/2125 4072/1980/2124
f 4075/1974/2118 2685/2987/3049 4076/1975/2119
f 2694/3002/3071 2885/2989/3064 2690/2985/3066
f 2687/2991/3047 4070/1983/2127 2691/2992/3067
f 2888/1949/2093 2693/1951/2095 4077/1981/2125
f 2671/1946/2091 2672/1753/1920 4029/3003/3072
f 2692/3001/3070 2891/2995/3063 4068/1982/2126
f 2890/2990/3061 2691/2992/3067 4074/2998/3068
f 2886/2997/3060 4074/2998/3068 2689/2999/3069
f 4068/1982/2126 2688/2996/3059 4069/1977/2121
f 4073/1979/2123 2686/2994/3062 2692/3001/3070
f 2883/2993/3048 4071/1978/2122 4070/1983/2127
f 4076/1975/2119 2889/2988/3065 2694/3002/3071
f 4069/1977/2121 2882/3000/3050 4075/1974/2118
f 4030/3009/3078 2671/1946/2091 4029/3003/3072
f 2670/1638/1811 4031/3006/3075 4026/3004/3073
f 4027/2701/2794 2400/1639/1812 4026/3004/3073
f 2402/3769/3691 4025/1952/2096 4022/3005/3074
f 2405/1947/1924 2402/3769/3691 4022/3005/3074
f 2671/1946/2091 4030/3009/3078 2696/3007/3076
f 2670/1638/1811 2671/1946/2091 2696/3007/3076
f 2603/1904/2062 2654/2913/2999 3762/2946/3032
f 4022/3005/3074 4033/3011/3080 2698/3008/3077
f 4030/3009/3078 4036/1961/2105 2702/3010/3079
f 4025/1952/2096 2697/3015/3084 4033/3011/3080
f 2699/1954/2098 4024/1953/2097 4034/3012/3081
f 4034/3012/3081 4027/2701/2794 2700/3013/3082
f 4031/3006/3075 4037/3014/3083 2700/3013/3082
f 4028/1955/2099 2701/1957/2101 4038/1959/2103
f 4036/1961/2105 4030/3009/3078 4035/1958/2102
f 4035/1958/2102 4029/3003/3072 4038/1959/2103
f 2696/3007/3076 2702/3010/3079 4037/3014/3083
f 3925/3017/3086 2439/2734/2827 2455/3018/3087
f 2552/2857/2950 2524/2856/2949 2553/3020/3089
f 2434/3021/3090 3807/3023/3092 3841/3022/3091
f 2450/2802/2895 2465/2757/2850 3807/3023/3092
f 3960/3024/3093 3948/2871/2962 3824/3025/3094
f 3799/3051/3116 3798/2808/2901 3928/2752/2845
f 2438/3047/3112 2443/3026/3095 3810/2740/2833
f 3274/3072/3096 2623/3027/3096 3275/3029/3097
f 3934/2850/2943 2526/2849/2942 2549/2883/2971
f 3275/3029/3097 2630/3028/3097 3840/3031/3006
f 2563/3032/3099 3822/3780/2131 2585/3033/2978
f 2623/3027/3096 2600/3034/3100 2630/3028/3097
f 3827/2889/2977 2585/3033/2978 3946/3036/3102
f 3803/2761/2854 3805/2727/2820 2481/3037/3103
f 2599/2925/3009 3954/3038/3104 3839/2931/3015
f 2585/2890/2978 3818/3074/3133 2574/3041/3106
f 2558/3043/3108 3842/3050/3115 2578/3044/3109
f 3806/2723/2816 3812/3065/3129 3915/2841/2934
f 2553/3020/3089 2525/3019/3088 2548/2887/2975
f 2481/3037/3103 3930/1992/2135 3931/2843/2936
f 2450/2802/2895 2437/3046/3111 3922/2803/2896
f 3842/3050/3115 2558/3043/3108 3820/3049/3114
f 2600/3034/3100 2610/2902/2990 2601/2921/3005
f 2618/1920/2078 3832/2903/2991 3839/2931/3015
f 3951/2894/2982 2578/3044/3109 2614/2895/2983
f 2593/2901/2989 2608/2900/2988 3958/2924/3008
f 2549/2883/2971 2493/3030/3098 2547/2884/2972
f 2635/2919/3004 3832/2903/2991 2623/3027/3096
f 2553/3020/3089 2563/3032/3099 3827/2889/2977
f 3826/2885/2973 2558/3781/3108 3945/3052/3107
f 2471/3053/3117 3807/3023/3092 2474/2759/2852
f 3954/3038/3104 2599/2925/3009 3958/2924/3008
f 2525/3019/3088 2471/3053/3117 2494/2842/2935
f 3819/3070/3113 3824/3025/3094 2582/2872/2952
f 3272/3782/3600 2626/2926/3010 3957/3055/3119
f 2437/3046/3111 2450/2802/2895 2434/3021/3090
f 2384/3016/3085 2455/3018/3087 3785/2733/2826
f 3841/3022/3091 3815/2844/2937 3931/2843/2936
f 3822/3780/2131 2563/3032/3099 3947/2868/2132
f 3795/2718/2811 3800/2729/2822 2440/2697/2790
f 2610/2902/2990 2577/1919/2077 3951/2894/2982
f 2626/2926/3010 3272/3782/3600 3269/3057/3121
f 2437/3046/3111 2454/3058/3122 2438/3047/3112
f 2629/3067/3131 2594/3059/3123 2631/1984/2128
f 2573/1911/2069 3961/3061/3125 2574/3041/3106
f 3935/2851/2944 2481/3037/3103 2523/2845/2938
f 2548/2887/2975 2584/2866/2958 2563/3032/3099
f 2439/2734/2827 3925/3017/3086 2444/2735/2828
f 2569/1910/2068 2566/2886/2974 2573/1911/2069
f 3800/2729/2822 2436/2731/2824 3810/2740/2833
f 2446/2737/2830 2447/1766/1930 2435/2722/2815
f 3944/2861/2954 2615/3066/3130 3828/3062/3126
f 3810/2740/2833 2452/2721/2814 3922/2803/2896
f 3961/3073/3125 2588/3063/3127 3946/3036/3102
f 2633/3054/3118 2599/2925/3009 3836/2918/3003
f 3957/3055/3119 2633/3054/3118 3276/3064/3128
f 3812/3065/3129 2493/3030/3098 2526/2849/2942
f 3926/2688/2782 3925/3017/3086 2384/3016/3085
f 3820/3049/3114 3819/3048/3113 3944/2861/2954
f 2615/3066/3130 2595/3060/3124 2594/3059/3123
f 3840/3031/3006 3838/2922/3006 3270/3068/3131
f 3945/3042/3107 2578/3044/3109 2577/1919/2077
f 3802/2846/2939 3803/2761/2854 3935/2851/2944
f 2445/3056/3120 2434/3021/3090 3811/2736/2829
f 2574/3041/3106 3954/3038/3104 2609/1912/2070
f 3798/2808/2901 2487/2807/2900 2479/1798/1962
f 2524/2856/2949 3815/2844/2937 2525/3019/3088
f 3270/3068/3131 2629/3067/3131 3959/3069/2128
f 2558/3781/3108 3826/2885/2973 3819/3070/3113
f 3933/2809/2902 3937/2873/2963 3960/3024/3093
f 2442/3071/3132 2445/3056/3120 2444/2735/2828
f 2631/1984/2128 2595/3060/3124 3955/1985/2129
f 3273/2920/3004 2635/2919/3004 3274/3072/3096
f 2454/3058/3122 2437/3046/3111 2445/3056/3120
f 3815/2844/2937 3841/3022/3091 2471/3053/3117
f 3936/2852/2945 3935/2851/2944 3938/2888/2976
f 2595/3060/3124 2615/3066/3130 3953/2923/3007
f 2439/2734/2827 3923/1991/2134 3929/1990/2133
f 2566/3775/2974 3817/2862/2955 3961/3073/3125
f 2455/3018/3087 3929/1990/2133 3804/2726/2819
f 2547/2884/2972 3799/3051/3116 3960/3024/3093
f 3939/2867/2959 3934/2850/2943 3826/2885/2973
f 3820/3049/3114 3828/3062/3126 2614/2895/2983
f 2447/1766/1930 2463/1768/1932 2487/2807/2900
f 3920/2695/2788 2443/3026/3095 2454/3058/3122
f 2576/1918/2076 2618/1920/2078 2616/3039/3105
f 2484/3045/3110 3923/1991/2134 3841/3022/3091
f 2493/3030/3098 3812/3065/3129 3799/3051/3116
f 3948/2871/2962 3960/3024/3093 3949/2869/2960
f 3838/2922/3006 3829/2896/2984 2629/3067/3131
f 2452/2721/2814 3806/2723/2816 2485/2758/2851
f 3828/3062/3126 2594/3059/3123 3829/2896/2984
f 3791/1748/1916 2453/1987/2130 3925/3017/3086
f 3938/2888/2976 2562/3035/3101 2588/3063/3127
f 3954/3038/3104 2574/3041/3106 2616/3039/3105
f 3958/2924/3008 2626/2926/3010 3834/2916/3001
f 2426/2710/2803 2454/3058/3122 2442/3071/3132
f 2602/1995/2138 2628/2908/2995 2654/2913/2999
f 2642/3075/2087 2568/1881/2044 2589/1996/2139
f 2835/3085/3143 2820/3156/3168 3578/2665/2759
f 3762/2946/3032 3763/2948/3034 2624/1927/2084
f 2727/2014/2156 3621/2086/2228 3622/3076/3134
f 2729/2007/2149 2726/2009/2151 3621/2086/2228
f 3423/2533/2636 3420/2037/2179 3623/3077/3135
f 3623/3077/3135 2744/2038/2180 2746/3078/3136
f 2725/3124/3178 2728/2011/2153 3622/3076/3134
f 2756/2049/2191 2759/2050/2192 3625/3080/3138
f 3627/3086/3144 3626/3081/3139 2765/2056/2198
f 2745/2054/2196 2756/2049/2191 2746/3078/3136
f 3626/3081/3139 3625/3080/3138 2763/2059/2201
f 2754/2061/2203 2769/2070/2212 3628/3082/3140
f 3659/3154/3195 3655/3083/3141 2832/2099/2239
f 2774/2068/2210 2832/2099/2239 2782/3084/3142
f 2780/2055/2197 2778/3090/3148 3627/3086/3144
f 2770/2071/2213 2771/2065/2207 2772/3087/3145
f 2847/1833/1997 2770/2071/2213 3629/2080/2222
f 2769/2070/2212 2789/1869/2032 2788/2121/2261
f 3626/3081/3139 3647/3092/3150 2793/3088/3146
f 2792/3093/3151 2753/2062/2204 3650/3089/3147
f 2778/3090/3148 3648/3102/3157 2791/3091/3149
f 3627/3086/3144 2791/3091/3149 3647/3092/3150
f 3650/3089/3147 3628/3082/3140 3649/2804/2897
f 3648/3102/3157 2778/3090/3148 2792/3093/3151
f 3476/3100/3152 3423/2533/2636 2795/3094/3152
f 2794/3096/3152 2746/3078/3136 3651/3095/3153
f 2795/3094/3152 3623/3077/3135 2794/3096/3152
f 3625/3080/3138 2793/3088/3146 3651/3095/3153
f 2803/3098/3155 2794/3096/3152 2802/3097/3154
f 2797/3099/3156 3650/3089/3147 3599/2824/2917
f 2804/3101/3155 2795/3094/3152 2803/3098/3155
f 2800/3106/3161 2792/3093/3151 2797/3099/3156
f 3480/3135/3187 3476/3100/3152 2804/3101/3155
f 2798/3131/3183 2791/3091/3149 2796/3103/3158
f 3647/3092/3150 2799/3105/3160 2801/3104/3159
f 2791/3091/3149 2798/3131/3183 2799/3105/3160
f 2802/3097/3154 3651/3095/3153 2801/3104/3159
f 2796/3103/3158 3648/3102/3157 2800/3106/3161
f 3600/2089/2231 3604/2088/2230 3654/3107/3162
f 2805/3117/3172 2806/3108/3163 3653/3110/3165
f 2806/3108/3163 3600/2089/2231 3652/3109/3164
f 3652/3109/3164 3654/3107/3162 2772/3087/3145
f 3653/3110/3165 3652/3109/3164 2776/2067/2209
f 2835/3155/3143 2834/3111/3166 2820/3113/3168
f 2724/2012/2154 2725/3124/3178 2808/3115/3170
f 3656/3114/3169 2808/3115/3170 3602/3116/3171
f 3653/3110/3165 3655/3083/3141 3601/3118/3173
f 2879/3141/3190 3601/3118/3173 2881/3120/2236
f 3660/3121/3175 3656/3114/3169 2807/3112/3167
f 2881/2096/2236 2835/3085/3143 3580/2097/2237
f 2776/2067/2209 2782/3084/3142 3655/3083/3141
f 3658/2084/2226 2809/2082/2224 2810/2081/2223
f 3657/2085/2227 3658/2084/2226 3603/3122/3176
f 2808/3115/3170 3657/2085/2227 2811/3123/3177
f 3657/2085/2227 2808/3115/3170 2725/3124/3178
f 2726/2009/2151 2809/2082/2224 3621/2086/2228
f 3396/3710/3670 3488/3125/3179 2726/2009/2151
f 2880/3783/2764 2811/3123/3177 2823/3126/3180
f 2823/3126/3180 3603/3122/3176 2822/3127/2770
f 2822/3127/2770 2810/2081/2223 3502/3128/3181
f 2820/3113/3168 2807/3112/3167 2821/3129/3182
f 2802/3097/3154 2877/3784/2234 2816/3130/2686
f 3655/3083/3141 3659/3154/3195 2833/3119/3174
f 2876/3140/2269 2798/3131/3183 2874/3132/3184
f 2874/3132/3184 2796/3103/3158 2815/3133/3185
f 2819/3139/3189 2806/3108/3163 2878/3134/3186
f 3553/3721/2686 3480/3135/3187 2817/3136/2686
f 2877/3784/2234 2802/3097/3154 2873/3137/2235
f 2797/3099/3156 2813/3142/3191 2815/3133/3185
f 2873/3137/2235 2801/3104/3159 2814/3138/3188
f 2818/3761/3198 3600/2089/2231 2819/3139/3189
f 2811/3123/3177 2880/3783/2764 2821/3129/3182
f 2817/3136/2686 2804/3101/3155 2816/3130/2686
f 2814/3138/3188 2799/3105/3160 2876/3140/2269
f 2878/3134/3186 2805/3117/3172 2879/3141/3190
f 3599/2824/2917 2875/3785/2263 2813/3142/3191
f 3763/2948/3034 2826/2947/3033 2824/2092/2080
f 4170/3148/3194 2828/1933/2089 2827/3143/3192
f 2825/2093/2079 2829/1921/2079 2816/3145/2686
f 2813/3146/3191 2875/2123/2263 2554/2122/2262
f 4171/3786/3678 3765/3147/3193 4170/3148/3194
f 2625/2091/2233 2825/2093/2079 2877/2094/2234
f 2826/2947/3033 2828/1933/2089 2830/1922/2080
f 2873/2095/2235 2814/3149/3188 2604/1926/2083
f 3553/2587/2686 2817/3144/2686 3278/2421/2079
f 2815/3150/3185 2813/3146/3191 2589/1996/2139
f 3577/2098/2238 2372/2660/2754 2879/3152/3190
f 2819/3153/3189 2878/3151/3186 2458/1838/2002
f 2834/3111/3166 2833/3119/3174 3659/3154/3195
f 2832/2099/2239 2831/2087/2229 3659/3154/3195
f 2833/3119/3174 2834/3111/3166 2835/3155/3143
f 3656/3114/3169 3660/3121/3175 2724/2012/2154
f 2776/2067/2209 2775/2066/2208 2782/3084/3142
f 3684/2791/2884 3680/2101/2241 4099/2796/2889
f 2820/3156/3168 2821/3787/3182 3579/2666/2760
f 3582/3159/3197 3581/2675/2769 3502/3157/3181
f 4133/3788/3681 4132/3158/3196 3582/3159/3197
f 2821/3787/3182 2880/2670/2764 3579/2666/2760
f 4132/3158/3196 4131/2673/2767 3581/2675/2769
f 2509/1840/2004 2837/1836/2000 2818/3160/3198
f 4104/3161/3199 4101/2797/2890 3684/2791/2884
f 2854/1832/1996 2847/1833/1997 3630/2079/2221
f 3712/2128/2268 3714/2847/2940 2642/3075/2087
f 3604/2088/2230 2851/3162/3200 2843/2078/2220
f 2840/2111/2251 3630/2079/2221 2843/2078/2220
f 3604/2088/2230 2846/2090/2232 2850/3164/3202
f 2851/3162/3200 2861/3165/3203 2852/3163/3201
f 3632/2110/2250 2840/2111/2251 2852/3163/3201
f 2851/3162/3200 2850/3164/3202 2872/3167/3205
f 2837/1836/2000 2508/1827/1991 2846/3168/2232
f 2508/1827/1991 2467/1829/1993 2850/3169/3202
f 2468/1819/1983 3689/2756/2849 3707/2772/2865
f 2861/3165/3203 3598/3170/3203 3646/3166/3204
f 3631/2118/2258 3632/2110/2250 3646/3166/3204
f 2861/3165/3203 2872/3167/3205 2871/3171/2264
f 2850/3169/3202 2467/1829/1993 2872/3172/3205
f 2875/3785/2263 3599/2824/2917 2871/3171/2264
f 2943/2176/2310 3846/2311/2437 2949/3190/3218
f 2567/1993/2136 2580/1994/2137 2874/3174/3184
f 2870/2953/3037 4113/2954/3038 4114/2628/2724
f 2898/3176/2716 4087/3180/3209 2893/3177/3206
f 2893/3177/3206 2892/3178/3207 2895/3175/2715
f 4087/3180/3209 2894/3182/3210 2892/3178/3207
f 2898/3176/2716 2896/3181/2717 4087/3180/3209
f 2905/2141/2278 2910/2140/2277 3845/2444/2552
f 3843/2230/2361 3844/2232/2363 2909/3183/3211
f 3329/3184/3212 3584/3189/3217 3021/3185/3213
f 2911/2146/2283 2912/2145/2282 4134/3187/3215
f 4147/3188/3216 2913/3789/2348 3584/3189/3217
f 3038/3790/2385 4040/3580/3565 3364/3259/3281
f 2951/2272/2398 3847/3192/3220 2953/3191/3219
f 3962/2185/2319 3963/2187/2321 3847/3192/3220
f 2963/2195/2329 2964/2194/2328 2965/3194/3222
f 2965/3194/3222 3964/3193/3221 3849/3195/3223
f 3852/2201/2335 3006/3196/3224 3012/3198/3226
f 3010/2202/2336 3852/2201/2335 3011/2239/2370
f 2972/3200/3228 2971/3202/3230 3851/3201/3229
f 2974/2196/2330 2973/2198/2332 2971/3202/3230
f 2989/2208/2342 3235/3203/3231 2985/2209/2343
f 4000/3434/3456 3235/3205/3231 2983/2206/2340
f 3585/3244/3268 2995/2218/2349 2996/3207/3234
f 3586/2234/2365 4151/3208/3235 2998/3210/3237
f 3000/3212/3239 2999/3215/3242 3001/3213/3240
f 2998/3210/3237 4118/3209/3236 3001/3213/3240
f 4136/3214/3241 3587/3332/3354 2999/3215/3242
f 3002/3349/3371 4120/3216/3243 3003/3218/3245
f 3003/3218/3245 4119/3217/3244 3588/3220/3247
f 3091/2299/2425 3092/2345/2470 3723/3222/3249
f 3589/2329/2455 4138/3223/3250 3590/2327/2453
f 3590/2327/2453 4140/3224/3251 3591/3226/3253
f 4144/3228/3255 3593/3666/3632 3592/3229/3256
f 3593/3666/3632 4144/3228/3255 3594/3231/3258
f 3591/3226/3253 4141/3225/3252 3595/3233/3260
f 4123/3227/3254 3592/3229/3256 3595/3233/3260
f 3596/3235/3262 3558/3791/2678 3556/3236/3263
f 4149/3238/3265 3596/3235/3262 3004/3234/3261
f 3594/3231/3258 4143/3230/3257 3004/3234/3261
f 3557/3240/2679 3558/3791/2678 3596/3235/3262
f 3853/3197/3225 3006/3196/3224 3025/3241/3267
f 3584/3243/3217 2994/2219/2350 3025/3241/3267
f 3008/2221/2352 3023/2220/2351 3854/3245/3269
f 2908/2243/2280 2909/3246/3211 3009/2203/2337
f 3011/2239/2370 3012/3198/3226 3013/3247/3270
f 3015/2227/2358 3016/2226/2357 3017/3249/3272
f 3844/3250/2363 3006/3196/3224 3852/2201/2335
f 3014/2225/2356 3853/3197/3225 3016/2226/2357
f 3866/3267/3289 3864/3251/3273 3981/3253/3275
f 3023/2220/2351 3022/2222/2353 2996/3207/3234
f 3022/2222/2353 3024/2224/2355 3585/3244/3268
f 3024/2224/2355 3025/3241/3267 2994/2219/2350
f 3021/3242/3213 3025/3241/3267 3006/3196/3224
f 2998/3210/3237 3026/3309/3331 3027/2235/2366
f 4019/3257/3279 4018/3258/3280 3013/3247/3270
f 4018/3258/3280 3033/2240/2371 3011/2239/2370
f 3034/2132/2272 3038/3790/2385 3364/3259/3281
f 3066/3254/3276 3076/3299/3321 2935/2181/2315
f 3042/2453/2382 3334/2446/2554 4042/3262/3284
f 3361/3575/3560 3042/2453/2382 4042/3262/3284
f 3051/3264/3286 2920/2156/2290 3046/2155/2289
f 3059/3266/3288 3863/2262/2388 3864/3251/3273
f 3062/3293/3315 3060/3265/3287 3866/3267/3289
f 3871/3275/3297 3096/2271/2397 3080/2270/2396
f 3064/2236/2367 3068/3276/3298 3974/3278/3300
f 3972/3279/3301 4018/3258/3280 4019/3257/3279
f 3970/3263/3285 3046/2155/2289 3045/2244/2374
f 3057/3281/3303 3976/3272/3294 3977/3282/3304
f 3975/3283/3305 3058/3289/3311 3061/3277/3299
f 3869/3271/3293 3867/3285/3307 3067/3287/3309
f 3065/3376/3398 3868/3286/3308 3063/3288/3310
f 3972/3279/3301 3971/3252/3274 3863/2262/2388
f 3056/3280/3302 3865/3256/3278 3052/2253/2381
f 3865/3256/3278 3054/3255/3277 3055/3273/3295
f 3879/2479/2586 3860/3642/3612 3859/2487/2591
f 3059/3266/3288 3060/3265/3287 3058/3289/3311
f 3095/2293/2419 3966/2295/2421 3069/3292/3314
f 3060/3265/3287 3062/3293/3315 3061/3277/3299
f 3068/3276/3298 3064/2236/2367 3067/3287/3309
f 3067/3287/3309 3867/3285/3307 3975/3283/3305
f 3869/3271/3293 3868/3286/3308 3976/3272/3294
f 3016/2226/2357 3007/2223/2354 3855/3248/3271
f 2930/2165/2299 2931/2164/2298 2929/3294/3316
f 3057/3281/3303 3056/3280/3302 3051/3264/3286
f 3877/3312/3334 3018/3295/3317 3090/3297/3319
f 3966/2295/2421 3871/3275/3297 3134/3274/3296
f 3872/2486/2590 3079/2488/2592 3076/3299/3321
f 3857/3381/3403 3854/3245/3269 3856/3301/3323
f 3076/3299/3321 2938/2170/2304 2935/2181/2315
f 3113/2294/2420 3982/3418/3440 3129/3317/3339
f 3730/3303/3325 3124/2280/2406 3028/3304/3326
f 3018/3295/3317 3028/3304/3326 3122/3296/3318
f 3018/3295/3317 3877/3312/3334 3856/3301/3323
f 3881/3633/3608 3980/3305/3327 3071/3306/3328
f 2941/2173/2307 3079/2488/2592 2947/2175/2309
f 2938/2170/2304 3076/3299/3321 2941/2173/2307
f 3123/2300/2426 3126/2267/2393 3089/2273/2399
f 3878/3290/3312 3859/2487/2591 3872/2486/2590
f 3875/2266/2392 3965/3307/3329 3962/2185/2319
f 3854/3245/3269 3027/2235/2366 3858/3300/3322
f 3140/3310/3332 3722/3368/3390 3030/3311/3333
f 3029/2319/2445 3003/3218/3245 3085/2291/2417
f 3089/2273/2399 2957/2186/2320 3965/3307/3329
f 3090/3297/3319 3984/3612/3590 3983/3313/3335
f 3967/3314/3336 3135/3322/3344 3871/3275/3297
f 3110/3315/3337 3721/3324/3346 3112/3316/3338
f 3132/3334/3356 3179/3336/3358 3172/3335/3357
f 3168/2350/2475 3743/2336/2462 3185/2348/2473
f 3107/3320/3342 3969/2478/2585 3968/2477/2584
f 3090/3297/3319 3122/3296/3318 3118/3321/3343
f 3135/3322/3344 3105/2296/2422 3096/2271/2397
f 3123/2300/2426 3094/3323/3345 3988/2301/2427
f 3735/3400/3422 3721/3324/3346 4196/3326/3348
f 3722/3368/3390 3140/3310/3332 4189/3328/3350
f 3964/3193/3221 3988/2301/2427 3104/2279/2405
f 3147/2289/2415 3085/2291/2417 3588/3220/3247
f 3588/3220/3247 4121/3219/3246 3146/3329/3351
f 4137/3331/3353 3002/3349/3371 3587/3332/3354
f 4185/3333/3355 4260/3380/3402 3141/2318/2444
f 3174/3373/3395 3183/3406/3428 4176/3374/3396
f 3172/3335/3357 3179/3336/3358 4261/3338/3360
f 3153/3370/3392 3726/3339/3361 4188/3341/3363
f 3125/2298/2424 3177/3342/3364 4258/3344/3366
f 3134/3274/3296 3080/2270/2396 2955/2182/2316
f 3850/3199/3227 3851/3201/3229 2979/3345/3367
f 3129/3317/3339 2967/2309/2435 3135/3322/3344
f 3105/2296/2422 3135/3322/3344 3139/2308/2434
f 3099/2297/2423 3091/2299/2425 3724/3221/3248
f 4227/3347/3369 4192/3396/3418 3110/3315/3337
f 4221/3348/3370 4222/3340/3362 3726/3339/3361
f 3146/3329/3351 4142/3330/3352 3589/2329/2455
f 3029/2319/2445 3030/3311/3333 3002/3349/3371
f 4187/3351/3373 4221/3348/3370 3724/3221/3248
f 3737/2370/2495 3121/2344/2469 4224/3353/3375
f 3154/3371/3393 4186/3356/3378 3723/3222/3249
f 3729/2333/2459 4184/3357/3379 3150/2290/2416
f 3155/3354/3376 4182/3358/3380 3731/3355/3377
f 3512/2589/2688 3142/2326/2452 3758/3361/3383
f 3149/3366/3388 3730/3303/3325 4180/3363/3385
f 4174/3365/3387 4173/3397/3419 3112/3316/3338
f 4186/3356/3378 3154/3371/3393 3149/3366/3388
f 4184/3357/3379 3729/2333/2459 3151/3360/3382
f 4182/3358/3380 3155/3354/3376 3722/3368/3390
f 4181/3369/3391 3156/3745/3683 3153/3370/3392
f 3028/3304/3326 3587/3332/3354 3030/3311/3333
f 3086/2335/2461 3147/2289/2415 3146/3329/3351
f 3302/3394/3416 4267/3517/3708 3300/3395/3417
f 4183/3359/3381 3157/3375/3397 3732/3302/3324
f 3730/3303/3325 3732/3302/3324 4179/3362/3384
f 2960/2191/2325 3988/2301/2427 3964/3193/3221
f 2962/2192/2326 2960/2191/2325 2964/2194/2328
f 2960/2191/2325 3964/3193/3221 2964/2194/2328
f 3868/3286/3308 3065/3376/3398 3977/3282/3304
f 3094/3323/3345 3123/2300/2426 3965/3307/3329
f 3072/3614/3592 3987/3377/3399 3968/2477/2584
f 3977/3282/3304 3066/3254/3276 3865/3256/3278
f 3543/3379/3401 3644/2606/2705 3466/2607/2706
f 3074/3298/3320 3076/3299/3321 3066/3254/3276
f 3140/3310/3332 3141/2318/2444 4190/3327/3349
f 3857/3381/3403 3991/3587/3572 3017/3249/3272
f 3854/3245/3269 3857/3381/3403 3008/2221/2352
f 3860/3642/3612 3879/2479/2586 3114/3382/3404
f 3017/3249/3272 3981/3253/3275 3971/3252/3274
f 3026/3309/3331 2999/3215/3242 3028/3304/3326
f 3028/3304/3326 3018/3295/3317 3858/3300/3322
f 3055/3273/3295 3054/3255/3277 2929/3294/3316
f 3054/3255/3277 2934/2189/2323 2929/3294/3316
f 3992/3383/3405 3158/2340/2465 2967/2309/2435
f 4199/3385/3407 4193/3393/3415 3727/3386/3408
f 3727/3386/3408 3728/3387/3409 3733/3389/3411
f 3741/3507/3510 3728/3387/3409 4198/3392/3414
f 3158/2340/2465 3165/3767/3698 2968/2313/2439
f 4193/3393/3415 4194/3391/3413 3728/3387/3409
f 4200/3409/3431 3184/2351/2476 3171/2353/2478
f 3721/3324/3346 3110/3315/3337 4191/3325/3347
f 3121/2344/2469 3125/2298/2424 4225/3352/3374
f 4173/3397/3419 3166/2287/2413 3725/2286/2412
f 3744/3346/3368 3110/3315/3337 3725/2286/2412
f 3175/2288/2414 3744/3346/3368 3725/2286/2412
f 3470/3378/3400 3609/2582/2685 3543/3379/3401
f 3735/3400/3422 4196/3326/3348 4195/3401/3423
f 3189/3410/3432 4197/3402/3424 3179/3336/3358
f 3172/3335/3357 4261/3338/3360 4226/3403/3425
f 3737/2370/2495 4224/3353/3375 4223/3404/3426
f 3739/3412/3434 4259/3405/3427 3174/3373/3395
f 3187/3428/3450 3190/2349/2474 3742/3364/3386
f 3178/3372/3394 4176/3374/3396 4175/3407/3429
f 3188/3427/3449 3191/2352/2477 3170/3384/3406
f 3989/3414/3436 3993/2489/2593 3969/2478/2585
f 3148/2306/2432 3099/2297/2423 3153/3370/3392
f 4200/3409/3431 3167/3408/3430 4195/3401/3423
f 3741/3507/3510 4198/3392/3414 3189/3410/3432
f 3738/3390/3412 4226/3403/3425 4227/3347/3369
f 4257/3318/3340 3743/2336/2462 4223/3404/3426
f 3175/2288/2414 3182/3411/3433 3739/3412/3434
f 3740/2305/2431 4175/3407/3429 3181/3343/3365
f 2976/2197/2331 2974/2196/2330 2978/2199/2333
f 2974/2196/2330 2972/3200/3228 3160/3413/3435
f 2978/2199/2333 2974/2196/2330 3160/3413/3435
f 3200/2386/2511 3883/3421/3443 2970/2341/2466
f 3162/3416/3438 3163/3590/3575 3884/3417/3439
f 3118/3321/3343 3101/2282/2408 3876/2358/2483
f 3993/2489/2593 3989/3414/3436 3202/3420/3442
f 3883/3421/3443 3169/3424/3446 3850/3199/3227
f 3992/3383/3405 3200/2386/2511 2970/2341/2466
f 3891/3442/3453 3221/3462/3480 3998/3204/3232
f 3876/2358/2483 3159/2367/2492 3192/2359/2484
f 3296/3422/3444 3297/3438/3458 3203/3423/3445
f 3160/3413/3435 2972/3200/3228 3169/3424/3446
f 3163/3590/3575 3162/3416/3438 3201/3426/3448
f 3171/2353/2478 3128/2354/2479 3115/2281/2407
f 3124/2280/2406 3743/2336/2462 3115/2281/2407
f 3112/3316/3338 3721/3324/3346 3735/3400/3422
f 3742/3364/3386 3112/3316/3338 3735/3400/3422
f 3212/2377/2502 3207/2379/2504 3192/2359/2484
f 3169/3424/3446 3883/3421/3443 3206/3429/3451
f 3206/3429/3451 3886/2388/2513 3891/3431/3453
f 3999/3433/3455 3211/2484/2588 3995/2483/2587
f 3891/3431/3453 3235/3205/3231 4000/3434/3456
f 3886/2388/2513 4001/2387/2512 3889/3430/3452
f 3234/3437/2498 3239/3435/2500 4001/2387/2512
f 3750/3502/3505 3203/3423/3445 4249/3439/3459
f 3997/3440/3460 3896/3444/3462 3889/3441/3452
f 3293/2422/2539 3249/2409/2528 3314/3489/3494
f 3206/3429/3451 4000/3434/3456 3160/3413/3435
f 3207/2379/2504 4002/3636/3611 3199/2360/2485
f 3305/3443/3461 3296/3422/3444 3745/2416/2535
f 3896/3444/3462 3221/3462/3480 3891/3442/3453
f 3895/2485/2589 3892/3594/3579 3193/2492/2596
f 3202/3420/3442 3195/3419/3441 3995/2483/2587
f 3201/3426/3448 3994/3425/3447 3897/3447/3465
f 3890/3646/3602 3238/3448/3466 3894/2496/2600
f 3903/3450/3468 4004/2413/2532 4003/2412/2531
f 3261/3618/3596 3262/3451/3469 3243/3453/3471
f 3900/3457/3475 3263/3454/3472 3246/3456/3474
f 3898/3449/3467 3900/3457/3475 3903/3450/3468
f 3899/2419/2538 3266/2418/2537 3904/3458/3476
f 3902/3460/3478 3250/3602/3582 3256/3461/3479
f 3898/3449/3467 4003/2412/2531 3998/3204/3232
f 4009/3631/3606 3893/2398/2520 4008/3463/3481
f 3217/2382/2507 3240/2390/2515 3745/2416/2535
f 3997/3440/3460 3222/2374/2499 3263/3454/3472
f 3896/3444/3462 3997/3440/3460 3900/3457/3475
f 3221/3462/3480 3896/3444/3462 3898/3449/3467
f 3901/3459/3477 3256/3461/3479 4005/3465/3483
f 2985/2209/2343 3998/3204/3232 3242/2214/2345
f 3281/3482/2994 3282/3466/2993 3268/3468/2994
f 3313/3470/3485 4202/3509/3512 3287/3471/3486
f 3905/3476/2998 4012/3472/2129 3835/3473/2998
f 4239/3475/3488 3313/3470/3485 3288/3469/3484
f 3282/3466/2993 3905/3476/2998 3837/3467/2993
f 3271/3477/3002 3269/3626/3121 3284/3478/3489
f 3294/3492/3004 3906/3479/3003 3273/3481/3004
f 3248/2408/2527 3251/2415/2534 3287/3471/3486
f 3268/3468/2994 2993/2212/1885 3279/2211/1885
f 4004/2413/2532 3903/3450/3468 3281/3482/2994
f 3243/3453/3471 4010/3452/3470 3290/3484/3006
f 3246/3456/3474 4006/3455/3473 3905/3476/2998
f 4013/3486/3491 3292/3638/3118 4007/3487/3492
f 4228/3493/3497 3766/3488/3493 3315/3490/3495
f 3903/3450/3468 3246/3456/3474 3282/3466/2993
f 3293/2422/2539 3284/3478/3489 3904/3458/3476
f 3902/3460/3478 3907/3491/3496 3294/3492/3004
f 4228/3493/3497 3312/3792/3706 3764/3494/3016
f 3281/3482/2994 3279/2211/1885 2991/2215/2346
f 2981/2204/2338 3160/3413/3435 4000/3434/3456
f 3733/3389/3411 3734/3388/3410 3295/3496/3499
f 3748/3503/3506 3733/3389/3411 4266/3497/3500
f 3304/2428/2544 4265/3495/3498 3734/3388/3410
f 3751/3506/3509 3749/3501/3504 4249/3439/3459
f 3748/3503/3506 4266/3497/3500 3309/3504/3507
f 3300/3395/3417 4267/3517/3708 3310/3505/3508
f 3306/2356/2481 3757/2355/2480 3751/3506/3509
f 3302/3394/3416 3756/2431/2547 3309/3504/3507
f 3305/3443/3461 3299/2417/2536 3310/3505/3508
f 3734/3388/3410 3728/3387/3409 3741/3507/3510
f 3188/3427/3449 3170/3384/3406 3748/3503/3506
f 3204/3508/3511 3301/3648/3503 3132/3334/3356
f 3755/3499/3502 3741/3507/3510 3189/3410/3432
f 3300/3395/3417 3198/2366/2491 3128/2354/2479
f 3733/3389/3411 3748/3503/3506 3170/3384/3406
f 3217/2382/2507 3203/3423/3445 3750/3502/3505
f 3767/2426/2542 3287/3471/3486 4201/3510/3513
f 3293/2422/2539 3766/3488/3493 3271/3477/3002
f 3767/2426/2542 4201/3510/3513 3315/3490/3495
f 3316/3649/3615 4262/3511/3514 3769/3474/3487
f 3768/3515/3518 3505/3512/3515 4241/3514/3517
f 3348/3524/3525 3338/3538/3539 4054/3525/3526
f 3767/2426/2542 3314/3489/3494 3249/2409/2528
f 4262/3511/3514 3316/3649/3615 3768/3515/3518
f 4151/3208/3235 3586/2234/2365 2997/2233/2364
f 3985/3291/3313 3069/3292/3314 3846/2311/2437
f 4229/3422/2550 3317/2442/2550 4230/3438/2550
f 4230/3438/2550 3318/2438/2550 3752/3439/2550
f 4234/3443/2550 3320/3516/2550 4229/3422/2550
f 4236/3394/2550 4235/3504/2550 3321/2441/2550
f 3320/3516/2550 3754/3517/2550 3321/2441/2550
f 4233/2356/2550 3319/2440/2550 3322/2439/2550
f 3321/2441/2550 3753/3497/2550 3324/2436/2550
f 3324/2436/2550 4264/3496/2550 3323/2437/2550
f 3323/2437/2550 3746/3495/2550 3322/2439/2550
f 4233/2356/2550 4248/3506/2550 3319/2440/2550
f 4238/2428/2550 4231/2427/2550 3322/2439/2550
f 4234/3443/2550 4237/3505/2550 3320/3516/2550
f 3328/2142/2279 2905/2141/2278 3843/2230/2361
f 3019/2229/2360 2911/2146/2283 3597/3518/3519
f 3331/2231/2362 3019/2229/2360 3597/3518/3519
f 4145/3519/3520 4147/3188/3216 3329/3184/3212
f 4059/3533/3534 4052/3530/3531 3334/2446/2554
f 4061/3536/3537 4059/3533/3534 3334/2446/2554
f 4055/3520/3521 4061/3536/3537 3042/2453/2382
f 4061/3536/3537 3334/2446/2554 3042/2453/2382
f 3345/3522/3523 3348/3524/3525 4053/3523/3524
f 4052/3530/3531 3564/3535/3536 3347/3529/3530
f 4058/2454/2561 3337/2447/2555 3565/3527/3528
f 3335/2452/2560 4058/2454/2561 3342/3528/3529
f 3347/3529/3530 3344/3542/3543 3336/3268/3290
f 2916/2151/2286 3330/2150/2285 4060/3521/3522
f 3349/3531/3532 3345/3522/3523 4060/3521/3522
f 4053/3523/3524 2916/2151/2286 4060/3521/3522
f 3351/3559/3551 4081/2473/2580 3567/3560/3541
f 3341/2451/2559 4060/3521/3522 3330/2150/2285
f 4057/2449/2557 3341/2451/2559 3330/2150/2285
f 4052/3530/3531 4059/3533/3534 3564/3535/3536
f 4059/3533/3534 4061/3536/3537 3563/3534/3535
f 3340/2448/2556 4054/3525/3526 3568/3539/3540
f 3337/2447/2555 3340/2448/2556 3346/3526/3527
f 4055/3520/3521 3335/2452/2560 3567/3540/3541
f 4061/3536/3537 4055/3520/3521 3569/3537/3538
f 3566/3541/3542 3343/2450/2558 4057/2449/2557
f 3344/3542/3543 3566/3541/3542 4056/3532/3533
f 3352/3544/3544 4079/3546/3545 3349/3545/3532
f 4079/3546/3545 3355/3556/3550 3345/3547/3523
f 3344/3570/3543 3347/3548/3530 3354/3550/3547
f 3343/3543/2558 3566/3551/3542 3352/3544/3544
f 3356/3554/3549 3358/3569/3556 3565/3555/3528
f 3355/3556/3550 4083/3568/3555 3348/3557/3525
f 3333/2445/2553 4044/3578/3563 4043/3572/3557
f 3563/3566/3535 3569/3561/3538 4078/2476/2583
f 4082/3563/3552 3356/3554/3549 3346/3553/3527
f 3350/3565/3553 4082/3563/3552 3568/3562/3540
f 3564/3571/3536 3563/3566/3535 3353/3567/3554
f 3569/3561/3538 3567/3560/3541 4084/2475/2582
f 4083/3568/3555 3350/3565/3553 3338/3564/3539
f 3358/3569/3556 3351/3559/3551 3342/3558/3529
f 3566/3551/3542 3344/3570/3543 4080/3552/3548
f 3347/3548/3530 3564/3571/3536 3357/3549/3546
f 3334/2446/2554 3333/2445/2553 4043/3572/3557
f 3332/2130/2270 3034/2132/2272 4041/3574/3559
f 3034/2132/2272 3360/3260/3282 4041/3574/3559
f 3038/3790/2385 3042/2453/2382 4039/3576/3561
f 4040/3580/3565 3038/3790/2385 4039/3576/3561
f 3333/2445/2553 3332/2130/2270 4045/3577/3562
f 4044/3578/3563 3333/2445/2553 4045/3577/3562
f 3252/2407/2526 3285/2425/2541 3316/3649/3615
f 4047/2458/2565 4046/3579/3564 4039/3576/3561
f 4050/2455/2562 4049/2457/2564 4044/3578/3563
f 4046/3579/3564 3366/3581/3566 4040/3580/3565
f 3364/3259/3281 4040/3580/3565 3368/3582/3567
f 3360/3260/3282 3364/3259/3281 3365/3583/3568
f 4041/3574/3559 3360/3260/3282 3369/3584/3569
f 3369/3584/3569 3367/3586/3571 3362/3573/3558
f 4048/2463/2570 4047/2458/2565 3361/3575/3560
f 4051/2461/2568 4048/2463/2570 4042/3262/3284
f 4043/3572/3557 4044/3578/3563 3370/3585/3570
f 3363/3261/3283 4043/3572/3557 4051/2461/2568
f 3367/3586/3571 4050/2455/2562 4045/3577/3562
f 4015/3588/3573 3980/3305/3327 3078/3589/3574
f 3164/3611/3589 3163/3590/3575 3885/3591/3576
f 3908/2499/2603 3093/3593/3578 3880/3592/3577
f 3093/3593/3578 3986/3319/3341 3987/3377/3399
f 3892/3594/3579 3233/3436/3457 3194/2493/2597
f 3113/2294/2420 3114/3382/3404 3982/3418/3440
f 3075/2238/2369 3077/2237/2368 3084/3308/3330
f 4011/3483/3097 3283/3596/3096 3275/3598/3097
f 3130/3619/3597 3993/2489/2593 3196/3445/3463
f 3290/3484/3006 4011/3483/3097 3840/3599/3006
f 3238/3600/3466 3890/3625/3602 3215/3601/3581
f 4010/3452/3470 3250/3602/3582 4011/3483/3097
f 3214/3603/3583 3238/3600/3466 3897/3447/3465
f 3984/3612/3590 3090/3297/3319 3117/3604/3584
f 3909/2495/2599 3265/3605/3585 3907/3491/3496
f 3226/3607/3586 3229/2494/2598 3238/3448/3466
f 3228/3609/3587 3223/3615/3593 3210/3610/3588
f 3989/3414/3436 3164/3611/3589 3195/3419/3441
f 3990/2498/2602 3984/3612/3590 3102/3415/3437
f 3073/3595/3580 4016/3613/3591 3072/3614/3592
f 3887/3639/3599 3210/3610/3588 3888/3616/3594
f 3910/3617/3595 3873/3644/3613 3062/3293/3315
f 3262/3451/3469 3256/3461/3479 4010/3452/3470
f 3907/3491/3496 3902/3460/3478 3901/3459/3477
f 3223/3615/3593 3228/3609/3587 3261/3618/3596
f 4008/3463/3481 3899/2419/2538 4014/3485/3490
f 3131/2491/2595 3130/3619/3597 3193/2492/2596
f 3250/3602/3582 3902/3460/3478 3283/3596/3096
f 3897/3447/3465 3215/3601/3581 3885/3591/3576
f 3986/3319/3341 3093/3593/3578 3107/3320/3342
f 4014/3485/3490 4007/3487/3492 3265/3605/3585
f 3107/3320/3342 3103/3620/3598 3989/3414/3436
f 3233/3436/3457 3892/3594/3579 3234/3437/2498
f 3292/3638/3118 4013/3486/3491 3957/3623/3119
f 3880/3592/3577 3987/3377/3399 4016/3613/3591
f 3856/3301/3323 4015/3588/3573 3991/3587/3572
f 3102/3415/3437 3884/3417/3439 3908/2499/2603
f 3237/3432/3454 3215/3601/3581 3999/3433/3455
f 3075/2238/2369 3074/3298/3320 3065/3376/3398
f 3228/3609/3587 4005/3465/3483 3262/3451/3469
f 3269/3626/3121 3272/3622/3600 4013/3486/3491
f 3077/2237/2368 3083/3627/3603 3073/3595/3580
f 3245/3645/3614 3244/3628/3604 3291/2480/2128
f 3214/3606/3583 4017/3630/3605 3226/3607/3586
f 3102/3415/3437 3117/3604/3584 3162/3416/3438
f 3215/3601/3581 3237/3432/3454 3195/3419/3441
f 3910/3617/3595 3078/3589/3574 3881/3633/3608
f 4017/3630/3605 3218/3634/3609 4009/3631/3606
f 3084/3308/3330 3872/2486/2590 3074/3298/3320
f 3260/3635/3610 3264/3464/3482 3222/2374/2499
f 3072/3614/3592 3878/3290/3312 3084/3308/3330
f 3996/3446/3464 4002/3636/3611 3214/3603/3583
f 3907/3491/3496 4007/3487/3492 3906/3479/3003
f 3906/3479/3003 3292/3638/3118 3276/3480/3128
f 3991/3587/3572 3078/3589/3574 3981/3253/3275
f 3234/2373/2498 3887/3639/3599 3222/2374/2499
f 3244/3628/3604 3245/3645/3614 3264/3464/3482
f 3289/3629/3131 3290/3484/3006 3270/3640/3131
f 4005/3465/3483 3228/3609/3587 3211/3608/2588
f 3117/3604/3584 3118/3321/3343 3161/3632/3607
f 3071/3306/3328 3880/3592/3577 3874/3624/3601
f 4008/3463/3481 3265/3605/3585 3226/3607/3586
f 3095/2293/2419 3860/3642/3612 3113/2294/2420
f 3103/3620/3598 3884/3417/3439 3164/3611/3589
f 3291/2480/2128 3289/3629/3131 3959/2481/2128
f 3892/3594/3579 3895/2485/2589 3887/3621/3599
f 3194/2493/2597 3200/2386/2511 3992/3383/3405
f 3881/3633/3608 3874/3624/3601 3873/3644/3613
f 4006/3455/3473 3245/3645/3614 4012/3472/2129
f 3283/3596/3096 3294/3492/3004 3274/3597/3096
f 3874/3624/3601 4016/3613/3591 3083/3627/3603
f 3093/3593/3578 3908/2499/2603 3103/3620/3598
f 3162/3416/3438 3161/3632/3607 3994/3425/3447
f 3263/3454/3472 3264/3464/3482 4006/3455/3473
f 3999/3641/3455 3890/3646/3602 4005/3465/3483
f 3983/3313/3335 3070/2497/2601 3980/3305/3327
f 3984/3612/3590 3990/2498/2602 3070/2497/2601
f 4002/3636/3611 3207/2379/2504 4017/3637/3605
f 3877/3312/3334 3983/3313/3335 4015/3588/3573
f 3196/3445/3463 3202/3420/3442 3895/2485/2589
f 3261/3618/3596 3260/3635/3610 3888/3616/3594
f 3860/3642/3612 3095/2293/2419 3985/3291/3313
f 3083/3627/3603 3077/2237/2368 3064/2236/2367
f 3114/3382/3404 3882/2490/2594 3131/2491/2595
f 3200/2386/2511 3194/2493/2597 4001/2387/2512
f 3244/3628/3604 3243/3453/3471 3289/3629/3131
f 3968/2477/2584 3879/2479/2586 3878/3290/3312
f 3243/3453/3471 3244/3628/3604 3260/3635/3610
f 3078/3589/3574 3910/3617/3595 3866/3267/3289
f 4002/3636/3611 3996/3446/3464 3994/3425/3447
f 3229/2494/2598 3226/3607/3586 3909/2495/2599
f 3284/3478/3489 4013/3486/3491 4014/3485/3490
f 3873/3644/3613 3083/3627/3603 3974/3278/3300
f 3769/3474/3487 3288/3469/3484 3251/2415/2534
f 3241/2503/2607 3220/2380/2505 3301/3648/3503
f 3593/3666/3632 3500/3737/3656 3559/3667/3633
f 3768/3515/3518 3316/3649/3615 3285/2425/2541
f 3635/3650/3616 3397/3651/3617 3398/2515/2618
f 3397/3651/3617 3633/3652/3618 3400/2516/2619
f 3633/3652/3618 3396/3710/3670 3401/2008/2150
f 3395/3653/3619 3634/3655/3621 3399/2536/2639
f 3422/2556/2659 3421/2532/2635 3636/3654/3620
f 3427/2514/2617 3399/2536/2639 3635/3650/3616
f 3637/3657/3623 3440/2552/2655 3437/2551/2654
f 3433/3656/3622 3437/2551/2654 3636/3654/3620
f 3440/2552/2655 3637/3657/3623 3444/2560/2663
f 3432/2566/2669 3458/2557/2660 3431/3659/3625
f 3639/3660/3626 3450/2567/2670 3432/2566/2669
f 3460/3736/3679 3487/3661/3627 3509/3663/3629
f 3455/2564/2667 3452/2565/2668 3642/3665/3631
f 3454/2562/2665 3455/2564/2667 3460/3736/3679
f 3435/2549/2652 3638/3658/3624 3458/2557/2660
f 3640/3664/3630 3452/2565/2668 3451/2568/2671
f 3641/3668/3634 3451/2568/2671 3523/2331/2457
f 3466/2607/2706 3467/2363/2488 3450/2567/2670
f 3474/3669/3635 3472/3673/3639 3434/2548/2651
f 3639/3660/3626 3431/3659/3625 3662/3671/3637
f 3471/3672/3638 3661/3674/3640 3638/3658/3624
f 3472/3673/3639 3471/3672/3638 3435/2549/2652
f 3466/2607/2706 3639/3660/3626 3470/3378/3400
f 3431/3659/3625 3638/3658/3624 3473/3670/3636
f 3424/2534/2637 3423/2533/2636 3664/3675/3152
f 3433/3656/3622 3636/3654/3620 3663/3677/3641
f 3636/3654/3620 3424/2534/2637 3475/3676/3152
f 3663/3677/3641 3474/3669/3635 3637/3657/3623
f 3663/3677/3641 3475/3676/3152 3611/2577/2680
f 3470/3378/3400 3662/3671/3637 3609/2582/2685
f 3475/3676/3152 3664/3675/3152 3612/3678/3155
f 3662/3671/3637 3473/3670/3636 3610/2580/2683
f 3664/3675/3152 3476/3100/3152 3479/3679/3155
f 3661/3674/3640 3471/3672/3638 3607/3682/3644
f 3606/3683/3645 3478/3684/3646 3472/3673/3639
f 3478/3684/3646 3477/3681/3643 3471/3672/3638
f 3474/3669/3635 3663/3677/3641 3606/3683/3645
f 3473/3670/3636 3661/3674/3640 3608/3680/3642
f 3670/3688/3650 3619/3685/3647 3665/3687/3649
f 3521/2591/2690 3670/3688/3650 3641/3668/3634
f 3482/3692/3654 3613/3689/3651 3483/3691/3653
f 3665/3687/3649 3481/3686/3648 3482/3692/3654
f 3641/3668/3634 3665/3687/3649 3640/3664/3630
f 3640/3664/3630 3482/3692/3654 3642/3665/3631
f 3485/3698/3659 3511/3693/3655 3500/3695/3656
f 3486/3697/3658 3634/3655/3621 3395/3653/3619
f 3616/3699/3660 3486/3697/3658 3484/3696/3657
f 3615/3700/3661 3487/3661/3627 3483/3691/3653
f 3510/3714/3672 3615/3700/3661 3560/3702/3663
f 3485/3698/3659 3484/3696/3657 3669/3703/3664
f 3592/3229/3256 3559/3667/3633 3595/3233/3260
f 3487/3661/3627 3460/3736/3679 3642/3665/3631
f 3489/2083/2225 3488/3125/3179 3490/3706/3666
f 3617/3705/3665 3490/3706/3666 3667/3707/3667
f 3618/2574/2677 3667/3707/3667 3666/3709/3669
f 3397/3651/3617 3635/3650/3616 3666/3709/3669
f 3491/3708/3668 3666/3709/3669 3486/3697/3658
f 3634/3655/3621 3486/3697/3658 3666/3709/3669
f 3667/3707/3667 3490/3706/3666 3397/3651/3617
f 3490/3706/3666 3488/3125/3179 3633/3652/3618
f 3618/2574/2677 3491/3708/3668 3558/2575/2678
f 3489/2083/2225 3617/3705/3665 3502/3128/3181
f 3616/3699/3660 3485/3698/3659 3555/3712/3671
f 3551/3713/2686 3497/2578/2681 3611/2577/2680
f 3510/3714/3672 3668/3662/3628 3487/3661/3627
f 3607/3682/3644 3477/3681/3643 3548/3716/2707
f 3608/3680/3642 3607/3682/3644 3549/3717/2709
f 3614/3690/3652 3613/3689/3651 3554/3719/2687
f 3643/3720/3674 3395/3653/3619 3402/2517/2620
f 3479/3679/3155 3480/3135/3187 3552/3722/2686
f 3549/3717/2709 3494/2581/2684 3610/2580/2683
f 3478/3684/3646 3606/3683/3645 3495/3723/3675
f 3613/3689/3651 3481/3686/3648 3499/3718/3673
f 3561/3725/2701 3498/3724/3676 3481/3686/3648
f 3555/3712/3671 3556/3711/3263 3491/3708/3668
f 3612/3678/3155 3479/3679/3155 3551/3713/2686
f 3477/3681/3643 3478/3684/3646 3550/3715/2708
f 3615/3700/3661 3614/3690/3652 3501/3701/3662
f 3503/2584/2080 3505/3512/3515 3768/3515/3518
f 3505/3512/3515 3506/2435/2549 4240/3513/3516
f 3204/3508/3511 3493/3793/3689 3494/3727/2684
f 3506/2435/2549 3765/3728/3193 4242/3726/3677
f 3551/2585/2686 3504/2583/2079 3497/3730/2681
f 3508/2434/2080 3506/2435/2549 3505/3512/3515
f 3497/3730/2681 3286/2424/2540 3496/3731/2682
f 3257/2405/2524 3495/3732/3675 3253/2406/2525
f 3241/2503/2607 3494/3727/2684 3549/3733/2709
f 3554/2588/2687 3590/2327/2453 3501/3734/3662
f 3087/2328/2454 3554/2588/2687 3499/3735/3673
f 3595/3233/3260 3560/3704/3663 3591/3226/3253
f 3668/3662/3628 3510/3714/3672 3511/3693/3655
f 3669/3703/3664 3643/3720/3674 3668/3662/3628
f 3559/3694/3633 3511/3693/3655 3510/3714/3672
f 3643/3720/3674 3669/3703/3664 3395/3653/3619
f 3455/2564/2667 3642/3665/3631 3460/3736/3679
f 3758/3361/3383 4177/3744/3682 4178/3367/3389
f 3594/3231/3258 3555/3742/3671 3500/3737/3656
f 3557/3240/2679 3005/3239/3266 3502/3739/3181
f 3005/3239/3266 4150/3740/3680 3582/3738/3197
f 3004/3234/3261 3556/3236/3263 3594/3231/3258
f 3596/3235/3262 4149/3238/3265 3005/3239/3266
f 3498/3743/3676 3513/2332/2458 3145/2334/2460
f 3156/3745/3683 4181/3369/3391 3758/3361/3383
f 3301/3500/3503 3757/2355/2480 3298/2357/2482
f 3671/3747/3685 3620/3746/3684 3670/3688/3650
f 3670/3688/3650 3521/2591/2690 3516/2590/2689
f 3562/3748/2702 3561/3725/2701 3619/3685/3647
f 3536/3750/3686 3537/3749/3420 3671/3747/3685
f 3671/3747/3685 3516/2590/2689 3645/2600/2699
f 3538/3751/3687 3562/3748/2702 3620/3746/3684
f 3561/2602/2701 3144/2324/2450 3513/2332/2458
f 3177/3342/3364 3125/2298/2424 3099/2297/2423
f 3543/3379/3401 3605/3398/3420 3536/3750/3686
f 3536/3750/3686 3645/2600/2699 3644/2606/2705
f 3547/3752/3688 3538/3751/3687 3537/3749/3420
f 3109/2302/2428 3098/2325/2451 3538/3753/3687
f 3178/3372/3394 3097/2307/2433 3174/3373/3395
f 3605/3398/3420 3609/2582/2685 3547/3752/3688
f 3493/3793/3689 3204/3508/3511 3547/3755/3688
f 3109/2302/2428 3538/3753/3687 3547/3755/3688
f 4134/3187/3215 4145/3519/3520 3597/3518/3519
f 3911/2703/2796 2422/2714/2807 2430/2706/2799
f 2411/1745/1913 3911/2703/2796 3797/2614/2713
f 3797/2614/2713 3794/2707/2800 2429/2716/2809
f 3919/2719/2812 2424/2705/2798 2419/1764/1928
f 4021/2699/2792 4020/2700/2793 2418/1765/1929
f 4020/2700/2793 2398/1739/1907 2417/1763/1927
f 3861/2615/2714 3048/2249/2379 3979/3284/3306
f 3976/3272/3294 3057/3281/3303 3970/3263/3285
f 3978/3270/3292 3970/3263/3285 3049/2248/2378
f 3867/3285/3307 3869/3271/3293 3978/3270/3292
f 3058/3289/3311 3975/3283/3305 3979/3284/3306
f 3862/2261/2387 3033/2240/2371 3972/3279/3301
f 3048/2249/2379 3032/2241/2372 3862/2261/2387
f 4298/1181/3709 4299/1182/3710 4314/1183/3711 4323/1184/3712
f 4290/1185/3713 4291/1186/3714 4300/1187/3715 4299/1188/3710
f 4307/1189/3716 4303/1190/3717 4272/1191/3718 4277/1192/3719
f 4300/1187/3715 4294/1193/3720 4315/1194/3721 4322/1195/3722
f 4312/1196/3723 4315/1194/3721 4294/1193/3720 4295/1197/3724
f 4301/1198/3725 4313/1199/3726 4296/1200/3727 4293/1201/3728
f 4295/1197/3724 4285/1202/3729 4286/1203/3730 4296/1200/3727
f 4284/1204/3731 4280/1205/3732 4288/1206/3733 4287/1207/3734
f 4275/1208/3735 4274/1209/3736 4268/1210/3737 4269/1211/3738
f 4294/1193/3720 4292/1212/3739 4285/1202/3729 4295/1197/3724
f 4276/1213/3740 4306/1214/3741 4307/1189/3716 4277/1192/3719
f 4300/1187/3715 4322/1195/3722 4314/1215/3711 4299/1188/3710
f 4288/1206/3733 4297/1216/3742 4293/1201/3728 4287/1207/3734
f 4273/1217/3743 4279/1218/3744 4278/1219/3745 4272/1191/3718
f 4313/1199/3726 4312/1196/3723 4295/1197/3724 4296/1200/3727
f 4281/1220/3746 4292/1212/3739 4291/1186/3714 4276/1213/3740
f 4289/1221/3747 4274/1209/3736 4275/1208/3735 4290/1222/3713
f 4286/1203/3730 4283/1223/3748 4284/1204/3731 4287/1207/3734
f 4300/1187/3715 4291/1186/3714 4292/1212/3739 4294/1193/3720
f 4279/1218/3744 4283/1223/3748 4282/1224/3749 4278/1219/3745
f 4288/1206/3733 4280/1205/3732 4274/1209/3736 4289/1221/3747
f 4269/1225/3738 4306/1214/3741 4276/1213/3740 4275/1226/3735
f 4272/1191/3718 4278/1219/3745 4281/1220/3746 4277/1192/3719
f 4310/1227/3750 4280/1205/3732 4284/1204/3731
f 4282/1224/3749 4285/1202/3729 4292/1212/3739 4281/1220/3746
f 4302/1228/3751 4301/1198/3725 4293/1201/3728 4297/1216/3742
f 4309/1229/3752 4273/1217/3743 4304/1230/3753 4311/1231/3754
f 4308/1232/3755 4274/1209/3736 4280/1205/3732
f 4289/1221/3747 4298/1181/3709 4297/1216/3742 4288/1206/3733
f 4308/1232/3755 4309/1229/3752 4311/1231/3754 4305/1233/3756
f 4281/1220/3746 4278/1219/3745 4282/1224/3749
f 4283/1223/3748 4279/1218/3744 4310/1227/3750 4284/1204/3731
f 4274/1209/3736 4308/1232/3755 4305/1233/3756 4268/1210/3737
f 4279/1218/3744 4273/1217/3743 4309/1229/3752 4310/1227/3750
f 4304/1230/3753 4273/1217/3743 4272/1191/3718 4303/1190/3717
f 4310/1227/3750 4309/1229/3752 4308/1232/3755 4280/1205/3732
f 4283/1223/3748 4286/1203/3730 4285/1202/3729 4282/1224/3749
f 4287/1207/3734 4293/1201/3728 4296/1200/3727 4286/1203/3730
f 4276/1213/3740 4291/1186/3714 4290/1185/3713 4275/1226/3735
f 4276/1213/3740 4277/1192/3719 4281/1220/3746
f 4306/1214/3741 4318/1234/3757 4319/1235/3758
f 4311/1231/3754 4270/1236/3759 4316/1237/3760
f 4270/1236/3759 4304/1230/3753 4320/1238/3761
f 4268/1210/3737 4317/1239/3762 4321/1240/3763
f 4271/1241/3764 4307/1189/3716 4319/1235/3758
f 4305/1233/3756 4316/1237/3760 4317/1239/3762
f 4271/1241/3764 4303/1190/3717 4307/1189/3716
f 4290/1222/3713 4299/1182/3710 4298/1181/3709 4289/1221/3747
f 4302/1228/3751 4297/1216/3742 4298/1181/3709 4323/1184/3712
f 4269/1211/3738 4321/1240/3763 4318/1344/3757
f 4268/1210/3737 4321/1240/3763 4269/1211/3738
f 4269/1225/3738 4318/1234/3757 4306/1214/3741
f 4304/1230/3753 4270/1236/3759 4311/1231/3754
f 4320/1238/3761 4304/1230/3753 4303/1190/3717
f 4305/1233/3756 4317/1239/3762 4268/1210/3737
f 4319/1235/3758 4307/1189/3716 4306/1214/3741
f 4311/1231/3754 4316/1237/3760 4305/1233/3756
f 4320/1238/3761 4303/1190/3717 4271/1241/3764
f 1573/1325/1400 1582/1337/1411 1585/1326/1401
f 1582/1337/1411 1590/1338/1412 1585/1326/1401
f 1875/1325/1411 1887/1326/1412 1884/1337/1400
f 1887/1326/1412 1892/1338/1401 1884/1337/1400
f 4324/3794/3765 4325/3795/3766 4327/3796/3767
f 4326/3797/3768 4327/3796/3767 4329/3798/3769
f 4328/3799/3770 4329/3798/3769 4331/3800/3771
f 4330/3801/3772 4331/3800/3771 4333/3802/3773
f 4332/3803/3774 4333/3802/3773 4335/3804/3775
f 4334/3805/3776 4335/3804/3775 4337/3806/3777
f 4336/3807/3778 4337/3806/3777 4339/3808/3779
f 4338/3809/3780 4339/3808/3779 4341/3810/3781
f 4340/3811/3782 4341/3810/3781 4343/3812/3783
f 4342/3813/3784 4343/3812/3783 4345/3814/3785
f 4344/3815/3786 4345/3814/3785 4347/3816/3787
f 4346/3817/3788 4347/3816/3787 4349/3818/3789
f 4348/3819/3790 4349/3818/3789 4351/3820/3791
f 4350/3821/3792 4351/3820/3791 4352/3822/3793
f 4352/3822/3793 4353/3823/3794 4354/3824/3795
f 4354/3824/3795 4355/3825/3796 4356/3826/3797
f 4356/3826/3797 4357/3827/3798 4358/3828/3799
f 4358/3828/3799 4359/3829/3800 4360/3830/3801
f 4360/3830/3801 4361/3831/3802 4362/3832/3803
f 4362/3832/3803 4363/3833/3804 4364/3834/3805
f 4364/3834/3805 4365/3835/3806 4366/3836/3807
f 4366/3836/3807 4367/3837/3808 4368/3838/3809
f 4368/3838/3809 4369/3839/3810 4370/3840/3811
f 4370/3840/3811 4371/3841/3812 4372/3842/3813
f 4372/3842/3813 4373/3843/3814 4374/3844/3815
f 4374/3844/3815 4375/3845/3816 4376/3846/3817
f 4376/3846/3817 4377/3847/3818 4378/3848/3819
f 4378/3848/3819 4379/3849/3820 4380/3850/3821
f 4380/3850/3821 4381/3851/3822 4382/3852/3823
f 4382/3852/3823 4383/3853/3824 4384/3854/3825
f 4362/3832/3803 4364/3834/3805 4408/3855/3826
f 4386/3856/3827 4387/3857/3828 4325/3795/3766
f 4384/3854/3825 4385/3858/3829 4387/3857/3828
f 4364/3834/3805 4366/3836/3807 4409/3859/3830
f 4360/3830/3801 4362/3832/3803 4407/3860/3831
f 4358/3828/3799 4360/3830/3801 4406/3861/3832
f 4356/3826/3797 4358/3828/3799 4405/3862/3833
f 4354/3824/3795 4356/3826/3797 4404/3863/3834
f 4352/3822/3793 4354/3824/3795 4403/3864/3835
f 4350/3821/3792 4352/3822/3793 4402/3865/3836
f 4348/3819/3790 4350/3821/3792 4401/3866/3837
f 4346/3817/3788 4348/3819/3790 4400/3867/3838
f 4344/3815/3786 4346/3817/3788 4399/3868/3839
f 4342/3813/3784 4344/3815/3786 4397/3869/3840
f 4340/3811/3782 4342/3813/3784 4397/3869/3840
f 4338/3809/3780 4340/3811/3782 4396/3870/3841
f 4336/3807/3778 4338/3809/3780 4395/3871/3842
f 4334/3805/3776 4336/3807/3778 4394/3872/3843
f 4332/3803/3774 4334/3805/3776 4393/3873/3844
f 4330/3801/3772 4332/3803/3774 4392/3874/3845
f 4328/3799/3770 4330/3801/3772 4391/3875/3846
f 4326/3797/3768 4328/3799/3770 4389/3876/3847
f 4386/3856/3827 4324/3794/3765 4388/3877/3848
f 4384/3854/3825 4386/3856/3827 4419/3878/3849
f 4382/3852/3823 4384/3854/3825 4418/3879/3850
f 4380/3850/3821 4382/3852/3823 4417/3880/3851
f 4378/3848/3819 4380/3850/3821 4416/3881/3852
f 4376/3846/3817 4378/3848/3819 4415/3882/3853
f 4374/3844/3815 4376/3846/3817 4413/3883/3854
f 4372/3842/3813 4374/3844/3815 4413/3883/3854
f 4370/3840/3811 4372/3842/3813 4412/3884/3855
f 4368/3838/3809 4370/3840/3811 4411/3885/3856
f 4324/3794/3765 4326/3797/3768 4389/3876/3847
f 4366/3836/3807 4368/3838/3809 4410/3886/3857
f 4388/3877/3848 4389/3876/3847 4420/3887/3858
f 4411/3885/3856 4412/3884/3855 4432/3888/3859
f 4408/3855/3826 4409/3859/3830 4430/3889/3860
f 4405/3862/3833 4406/3861/3832 4428/3890/3861
f 4399/3868/3839 4400/3867/3838 4426/3891/3862
f 4393/3873/3844 4394/3872/3843 4422/3892/3863
f 4419/3878/3849 4388/3877/3848 4420/3887/3858
f 4416/3881/3852 4417/3880/3851 4435/3893/3864
f 4410/3886/3857 4411/3885/3856 4432/3888/3859
f 4401/3866/3837 4402/3865/3836 4427/3894/3865
f 4398/3895/3866 4399/3868/3839 4425/3896/3867
f 4395/3871/3842 4396/3870/3841 4423/3897/3868
f 4415/3882/3853 4416/3881/3852 4435/3893/3864
f 4409/3859/3830 4410/3886/3857 4430/3889/3860
f 4406/3861/3832 4407/3860/3831 4429/3898/3869
f 4888/3899/3870 4889/3900/3871 4441/3901/3872
f 4887/3902/3873 4888/3899/3870 4439/3903/3874
f 4895/3904/3875 4896/3905/3876 4454/3906/3877
f 4889/3900/3871 4890/3907/3878 4442/3908/3879
f 4894/3909/3880 4895/3904/3875 4453/3910/3881
f 4443/3911/3882 4444/3912/3883 4476/3913/3884
f 4440/3914/3885 4441/3901/3872 4473/3915/3886
f 4437/3916/3887 4438/3917/3888 4470/3918/3889
f 4466/3919/3890 4467/3920/3891 4499/3921/3892
f 4463/3922/3893 4464/3923/3894 4496/3924/3895
f 4460/3925/3896 4461/3926/3897 4493/3927/3898
f 4457/3928/3899 4458/3929/3900 4490/3930/3901
f 4454/3906/3877 4455/3931/3902 4487/3932/3903
f 4451/3933/3904 4452/3934/3905 4484/3935/3906
f 4448/3936/3907 4449/3937/3908 4481/3938/3909
f 4445/3939/3910 4446/3940/3911 4478/3941/3912
f 4442/3908/3879 4443/3911/3882 4475/3942/3913
f 4439/3903/3874 4440/3914/3885 4472/3943/3914
f 4468/3944/3915 4437/3916/3887 4469/3945/3916
f 4465/3946/3917 4466/3919/3890 4498/3947/3918
f 4462/3948/3919 4463/3922/3893 4495/3949/3920
f 4459/3950/3921 4460/3925/3896 4492/3951/3922
f 4456/3952/3923 4457/3928/3899 4489/3953/3924
f 4453/3910/3881 4454/3906/3877 4486/3954/3925
f 4450/3955/3926 4451/3933/3904 4483/3956/3927
f 4447/3957/3928 4448/3936/3907 4480/3958/3929
f 4444/3912/3883 4445/3939/3910 4477/3959/3930
f 4441/3901/3872 4442/3908/3879 4474/3960/3931
f 4438/3917/3888 4439/3903/3874 4471/3961/3932
f 4467/3920/3891 4468/3944/3915 4500/3962/3933
f 4464/3923/3894 4465/3946/3917 4497/3963/3934
f 4461/3926/3897 4462/3948/3919 4494/3964/3935
f 4458/3929/3900 4459/3950/3921 4490/3930/3901
f 4455/3931/3902 4456/3952/3923 4488/3965/3936
f 4452/3934/3905 4453/3910/3881 4485/3966/3937
f 4449/3937/3908 4450/3955/3926 4482/3967/3938
f 4446/3940/3911 4447/3957/3928 4478/3941/3912
f 4478/3941/3912 4479/3968/3939 4501/3969/3940
f 4475/3942/3913 4476/3913/3884 4501/3969/3940
f 4472/3943/3914 4473/3915/3886 4501/3969/3940
f 4469/3945/3916 4470/3918/3889 4501/3969/3940
f 4498/3947/3918 4499/3921/3892 4501/3969/3940
f 4495/3949/3920 4496/3924/3895 4501/3969/3940
f 4492/3951/3922 4493/3927/3898 4501/3969/3940
f 4489/3953/3924 4490/3930/3901 4501/3969/3940
f 4486/3954/3925 4487/3932/3903 4501/3969/3940
f 4483/3956/3927 4484/3935/3906 4501/3969/3940
f 4480/3958/3929 4481/3938/3909 4501/3969/3940
f 4477/3959/3930 4478/3941/3912 4501/3969/3940
f 4474/3960/3931 4475/3942/3913 4501/3969/3940
f 4471/3961/3932 4472/3943/3914 4501/3969/3940
f 4500/3962/3933 4469/3945/3916 4501/3969/3940
f 4497/3963/3934 4498/3947/3918 4501/3969/3940
f 4494/3964/3935 4495/3949/3920 4501/3969/3940
f 4491/3970/3941 4492/3951/3922 4501/3969/3940
f 4488/3965/3936 4489/3953/3924 4501/3969/3940
f 4485/3966/3937 4486/3954/3925 4501/3969/3940
f 4482/3967/3938 4483/3956/3927 4501/3969/3940
f 4479/3968/3939 4480/3958/3929 4501/3969/3940
f 4476/3913/3884 4477/3959/3930 4501/3969/3940
f 4473/3915/3886 4474/3960/3931 4501/3969/3940
f 4470/3918/3889 4471/3961/3932 4501/3969/3940
f 4499/3921/3892 4500/3962/3933 4501/3969/3940
f 4496/3924/3895 4497/3963/3934 4501/3969/3940
f 4493/3927/3898 4494/3964/3935 4501/3969/3940
f 4490/3930/3901 4491/3970/3941 4501/3969/3940
f 4487/3932/3903 4488/3965/3936 4501/3969/3940
f 4484/3935/3906 4485/3966/3937 4501/3969/3940
f 4481/3938/3909 4482/3967/3938 4501/3969/3940
f 4345/3814/3785 4343/3812/3783 4511/3971/3942
f 4343/3812/3783 4341/3810/3781 4510/3972/3943
f 4341/3810/3781 4339/3808/3779 4509/3973/3944
f 4339/3808/3779 4337/3806/3777 4508/3974/3945
f 4337/3806/3777 4335/3804/3775 4507/3975/3946
f 4335/3804/3775 4333/3802/3773 4507/3975/3946
f 4333/3802/3773 4331/3800/3771 4505/3976/3947
f 4331/3800/3771 4329/3798/3769 4504/3977/3948
f 4329/3798/3769 4327/3796/3767 4503/3978/3949
f 4325/3795/3766 4387/3857/3828 4502/3979/3950
f 4387/3857/3828 4385/3858/3829 4532/3980/3951
f 4385/3858/3829 4383/3853/3824 4531/3981/3952
f 4383/3853/3824 4381/3851/3822 4530/3982/3953
f 4381/3851/3822 4379/3849/3820 4529/3983/3954
f 4379/3849/3820 4377/3847/3818 4528/3984/3955
f 4377/3847/3818 4375/3845/3816 4527/3985/3956
f 4375/3845/3816 4373/3843/3814 4526/3986/3957
f 4373/3843/3814 4371/3841/3812 4525/3987/3958
f 4371/3841/3812 4369/3839/3810 4524/3988/3959
f 4327/3796/3767 4325/3795/3766 4502/3979/3950
f 4369/3839/3810 4367/3837/3808 4523/3989/3960
f 4367/3837/3808 4365/3835/3806 4522/3990/3961
f 4365/3835/3806 4363/3833/3804 4521/3991/3962
f 4363/3833/3804 4361/3831/3802 4520/3992/3963
f 4361/3831/3802 4359/3829/3800 4519/3993/3964
f 4359/3829/3800 4357/3827/3798 4518/3994/3965
f 4357/3827/3798 4355/3825/3796 4517/3995/3966
f 4355/3825/3796 4353/3823/3794 4516/3996/3967
f 4353/3823/3794 4351/3820/3791 4515/3997/3968
f 4351/3820/3791 4349/3818/3789 4515/3997/3968
f 4349/3818/3789 4347/3816/3787 4513/3998/3969
f 4347/3816/3787 4345/3814/3785 4512/3999/3970
f 4515/3997/3968 4514/4000/3971 4547/4001/3972
f 4512/3999/3970 4511/3971/3942 4543/4002/3973
f 4509/3973/3944 4508/3974/3945 4541/4003/3974
f 4506/4004/3975 4505/3976/3947 4537/4005/3976
f 4503/3978/3949 4502/3979/3950 4534/4006/3977
f 4532/3980/3951 4531/3981/3952 4563/4007/3978
f 4529/3983/3954 4528/3984/3955 4560/4008/3979
f 4526/3986/3957 4525/3987/3958 4557/4009/3980
f 4523/3989/3960 4522/3990/3961 4554/4010/3981
f 4520/3992/3963 4519/3993/3964 4551/4011/3982
f 4517/3995/3966 4516/3996/3967 4548/4012/3983
f 4514/4000/3971 4513/3998/3969 4545/4013/3984
f 4511/3971/3942 4510/3972/3943 4543/4002/3973
f 4508/3974/3945 4507/3975/3946 4540/4014/3985
f 4505/3976/3947 4504/3977/3948 4536/4015/3986
f 4502/3979/3950 4533/4016/3987 4565/4017/3988
f 4531/3981/3952 4530/3982/3953 4563/4007/3978
f 4528/3984/3955 4527/3985/3956 4559/4018/3989
f 4525/3987/3958 4524/3988/3959 4556/4019/3990
f 4522/3990/3961 4521/3991/3962 4553/4020/3991
f 4519/3993/3964 4518/3994/3965 4551/4011/3982
f 4516/3996/3967 4515/3997/3968 4548/4012/3983
f 4513/3998/3969 4512/3999/3970 4545/4013/3984
f 4510/3972/3943 4509/3973/3944 4542/4021/3992
f 4507/3975/3946 4506/4004/3975 4539/4022/3993
f 4504/3977/3948 4503/3978/3949 4535/4023/3994
f 4533/4016/3987 4532/3980/3951 4564/4024/3995
f 4530/3982/3953 4529/3983/3954 4561/4025/3996
f 4527/3985/3956 4526/3986/3957 4559/4018/3989
f 4524/3988/3959 4523/3989/3960 4555/4026/3997
f 4521/3991/3962 4520/3992/3963 4552/4027/3998
f 4518/3994/3965 4517/3995/3966 4550/4028/3999
f 4550/4028/3999 4549/4029/4000 4581/4030/4001
f 4547/4001/3972 4546/4031/4002 4579/4032/4003
f 4544/4033/4004 4543/4002/3973 4576/4034/4005
f 4541/4003/3974 4540/4014/3985 4572/4035/4006
f 4538/4036/4007 4537/4005/3976 4569/4037/4008
f 4535/4023/3994 4534/4006/3977 4566/4038/4009
f 4564/4024/3995 4563/4007/3978 4595/4039/4010
f 4561/4025/3996 4560/4008/3979 4592/4040/4011
f 4558/4041/4012 4557/4009/3980 4589/4042/4013
f 4555/4026/3997 4554/4010/3981 4586/4043/4014
f 4552/4027/3998 4551/4011/3982 4584/4044/4015
f 4549/4029/4000 4548/4012/3983 4580/4045/4016
f 4546/4031/4002 4545/4013/3984 4577/4046/4017
f 4543/4002/3973 4542/4021/3992 4575/4047/4018
f 4540/4014/3985 4539/4022/3993 4571/4048/4019
f 4537/4005/3976 4536/4015/3986 4568/4049/4020
f 4534/4006/3977 4565/4017/3988 4566/4038/4009
f 4563/4007/3978 4562/4050/4021 4594/4051/4022
f 4560/4008/3979 4559/4018/3989 4591/4052/4023
f 4557/4009/3980 4556/4019/3990 4588/4053/4024
f 4554/4010/3981 4553/4020/3991 4585/4054/4025
f 4551/4011/3982 4550/4028/3999 4583/4055/4026
f 4548/4012/3983 4547/4001/3972 4580/4045/4016
f 4545/4013/3984 4544/4033/4004 4576/4034/4005
f 4542/4021/3992 4541/4003/3974 4573/4056/4027
f 4539/4022/3993 4538/4036/4007 4571/4048/4019
f 4536/4015/3986 4535/4023/3994 4568/4049/4020
f 4565/4017/3988 4564/4024/3995 4596/4057/4028
f 4562/4050/4021 4561/4025/3996 4593/4058/4029
f 4559/4018/3989 4558/4041/4012 4591/4052/4023
f 4556/4019/3990 4555/4026/3997 4587/4059/4030
f 4553/4020/3991 4552/4027/3998 4584/4044/4015
f 4613/4060/4031 4581/4030/4001 4612/4061/4032
f 4582/4062/4033 4581/4030/4001 4614/4063/4034
f 4579/4032/4003 4578/4064/4035 4611/4065/4036
f 4606/4066/4037 4574/4067/4038 4605/4068/4039
f 4573/4056/4027 4572/4035/4006 4605/4068/4039
f 4601/4069/4040 4569/4037/4008 4568/4049/4020
f 4598/4070/4041 4566/4038/4009 4629/4071/4042
f 4626/4072/4043 4594/4051/4022 4625/4073/4044
f 4624/4074/4045 4592/4040/4011 4623/4075/4046
f 4621/4076/4047 4589/4042/4013 4620/4077/4048
f 4587/4059/4030 4586/4043/4014 4619/4078/4049
f 4584/4044/4015 4583/4055/4026 4616/4079/4050
f 4608/4080/4051 4576/4034/4005 4575/4047/4018
f 4578/4064/4035 4577/4046/4017 4610/4081/4052
f 4575/4047/4018 4574/4067/4038 4607/4082/4053
f 4572/4035/4006 4571/4048/4019 4604/4083/4054
f 4599/4084/4055 4567/4085/4056 4598/4070/4041
f 4629/4071/4042 4597/4086/4057 4628/4087/4058
f 4595/4039/4010 4594/4051/4022 4627/4088/4059
f 4622/4089/4060 4590/4090/4061 4621/4076/4047
f 4620/4077/4048 4588/4053/4024 4619/4078/4049
f 4586/4043/4014 4585/4054/4025 4618/4091/4062
f 4583/4055/4026 4582/4062/4033 4615/4092/4063
f 4580/4045/4016 4579/4032/4003 4612/4061/4032
f 4577/4046/4017 4576/4034/4005 4609/4093/4064
f 4602/4094/4065 4570/4095/4066 4601/4069/4040
f 4571/4048/4019 4570/4095/4066 4603/4096/4067
f 4568/4049/4020 4567/4085/4056 4600/4097/4068
f 4628/4087/4058 4596/4057/4028 4627/4088/4059
f 4617/4098/4069 4585/4054/4025 4616/4079/4050
f 4620/4077/4048 4619/4078/4049 4651/4099/4070
f 4617/4098/4069 4616/4079/4050 4648/4100/4071
f 4614/4063/4034 4613/4060/4031 4646/4101/4072
f 4611/4065/4036 4610/4081/4052 4643/4102/4073
f 4608/4080/4051 4607/4082/4053 4639/4103/4074
f 4605/4068/4039 4604/4083/4054 4637/4104/4075
f 4602/4094/4065 4601/4069/4040 4633/4105/4076
f 4599/4084/4055 4598/4070/4041 4630/4106/4077
f 4628/4087/4058 4627/4088/4059 4659/4107/4078
f 4625/4073/4044 4624/4074/4045 4656/4108/4079
f 4622/4089/4060 4621/4076/4047 4653/4109/4080
f 4619/4078/4049 4618/4091/4062 4650/4110/4081
f 4616/4079/4050 4615/4092/4063 4648/4100/4071
f 4613/4060/4031 4612/4061/4032 4644/4111/4082
f 4610/4081/4052 4609/4093/4064 4641/4112/4083
f 4607/4082/4053 4606/4066/4037 4639/4103/4074
f 4604/4083/4054 4603/4096/4067 4635/4113/4084
f 4601/4069/4040 4600/4097/4068 4633/4105/4076
f 4598/4070/4041 4629/4071/4042 4661/4114/4085
f 4627/4088/4059 4626/4072/4043 4659/4107/4078
f 4624/4074/4045 4623/4075/4046 4655/4115/4086
f 4621/4076/4047 4620/4077/4048 4652/4116/4087
f 4618/4091/4062 4617/4098/4069 4650/4110/4081
f 4615/4092/4063 4614/4063/4034 4647/4117/4088
f 4612/4061/4032 4611/4065/4036 4644/4111/4082
f 4609/4093/4064 4608/4080/4051 4641/4112/4083
f 4606/4066/4037 4605/4068/4039 4637/4104/4075
f 4603/4096/4067 4602/4094/4065 4635/4113/4084
f 4600/4097/4068 4599/4084/4055 4631/4118/4089
f 4629/4071/4042 4628/4087/4058 4660/4119/4090
f 4626/4072/4043 4625/4073/4044 4657/4120/4091
f 4623/4075/4046 4622/4089/4060 4655/4115/4086
f 4655/4115/4086 4654/4121/4092 4687/4122/4093
f 4652/4116/4087 4651/4099/4070 4683/4123/4094
f 4649/4124/4095 4648/4100/4071 4680/4125/4096
f 4646/4101/4072 4645/4126/4097 4677/4127/4098
f 4643/4102/4073 4642/4128/4099 4675/4129/4100
f 4640/4130/4101 4639/4103/4074 4671/4131/4102
f 4637/4104/4075 4636/4132/4103 4669/4133/4104
f 4634/4134/4105 4633/4105/4076 4665/4135/4106
f 4631/4118/4089 4630/4106/4077 4662/4136/4107
f 4660/4119/4090 4659/4107/4078 4691/4137/4108
f 4657/4120/4091 4656/4108/4079 4688/4138/4109
f 4654/4121/4092 4653/4109/4080 4685/4139/4110
f 4651/4099/4070 4650/4110/4081 4682/4140/4111
f 4648/4100/4071 4647/4117/4088 4680/4125/4096
f 4645/4126/4097 4644/4111/4082 4676/4141/4112
f 4642/4128/4099 4641/4112/4083 4673/4142/4113
f 4639/4103/4074 4638/4143/4114 4671/4131/4102
f 4636/4132/4103 4635/4113/4084 4667/4144/4115
f 4633/4105/4076 4632/4145/4116 4665/4135/4106
f 4630/4106/4077 4661/4114/4085 4693/4146/4117
f 4659/4107/4078 4658/4147/4118 4691/4137/4108
f 4656/4108/4079 4655/4115/4086 4687/4122/4093
f 4653/4109/4080 4652/4116/4087 4684/4148/4119
f 4650/4110/4081 4649/4124/4095 4682/4140/4111
f 4647/4117/4088 4646/4101/4072 4679/4149/4120
f 4644/4111/4082 4643/4102/4073 4676/4141/4112
f 4641/4112/4083 4640/4130/4101 4673/4142/4113
f 4638/4143/4114 4637/4104/4075 4669/4133/4104
f 4635/4113/4084 4634/4134/4105 4667/4144/4115
f 4632/4145/4116 4631/4118/4089 4663/4150/4121
f 4661/4114/4085 4660/4119/4090 4692/4151/4122
f 4658/4147/4118 4657/4120/4091 4689/4152/4123
f 4690/4153/4124 4689/4152/4123 4721/4154/4125
f 4687/4122/4093 4686/4155/4126 4719/4156/4127
f 4684/4148/4119 4683/4123/4094 4715/4157/4128
f 4681/4158/4129 4680/4125/4096 4712/4159/4130
f 4678/4160/4131 4677/4127/4098 4709/4161/4132
f 4675/4129/4100 4674/4162/4133 4707/4163/4134
f 4672/4164/4135 4671/4131/4102 4703/4165/4136
f 4669/4133/4104 4668/4166/4137 4700/4167/4138
f 4666/4168/4139 4665/4135/4106 4697/4169/4140
f 4663/4150/4121 4662/4136/4107 4695/4170/4141
f 4692/4151/4122 4691/4137/4108 4723/4171/4142
f 4689/4152/4123 4688/4138/4109 4720/4172/4143
f 4686/4155/4126 4685/4139/4110 4717/4173/4144
f 4683/4123/4094 4682/4140/4111 4714/4174/4145
f 4680/4125/4096 4679/4149/4120 4712/4159/4130
f 4677/4127/4098 4676/4141/4112 4708/4175/4146
f 4674/4162/4133 4673/4142/4113 4706/4176/4147
f 4671/4131/4102 4670/4177/4148 4703/4165/4136
f 4668/4166/4137 4667/4144/4115 4699/4178/4149
f 4665/4135/4106 4664/4179/4150 4697/4169/4140
f 4662/4136/4107 4693/4146/4117 4725/4180/4151
f 4691/4137/4108 4690/4153/4124 4723/4171/4142
f 4688/4138/4109 4687/4122/4093 4719/4156/4127
f 4685/4139/4110 4684/4148/4119 4716/4181/4152
f 4682/4140/4111 4681/4158/4129 4714/4174/4145
f 4679/4149/4120 4678/4160/4131 4711/4182/4153
f 4676/4141/4112 4675/4129/4100 4708/4175/4146
f 4673/4142/4113 4672/4164/4135 4705/4183/4154
f 4670/4177/4148 4669/4133/4104 4701/4184/4155
f 4667/4144/4115 4666/4168/4139 4699/4178/4149
f 4664/4179/4150 4663/4150/4121 4695/4170/4141
f 4693/4146/4117 4692/4151/4122 4724/4185/4156
f 4722/4186/4157 4721/4154/4125 4736/4187/4158
f 4719/4156/4127 4718/4188/4159 4735/4189/4160
f 4716/4181/4152 4715/4157/4128 4733/4190/4161
f 4710/4191/4162 4709/4161/4132 4731/4192/4163
f 4707/4163/4134 4706/4176/4147 4730/4193/4164
f 4698/4194/4165 4697/4169/4140 4726/4195/4166
f 4718/4188/4159 4717/4173/4144 4735/4189/4160
f 4715/4157/4128 4714/4174/4145 4733/4190/4161
f 4697/4169/4140 4696/4196/4167 4726/4195/4166
f 4702/4197/4168 4701/4184/4155 4727/4198/4169
f 4904/4199/4170 4902/4200/4171 4740/4201/4172
f 4909/4202/4173 4908/4203/4174 4748/4204/4175
f 4902/4200/4171 4903/4205/4176 4738/4206/4177
f 4914/4207/4178 4913/4208/4179 4756/4209/4180
f 4907/4210/4181 4906/4211/4182 4743/4212/4183
f 4903/4205/4176 4921/4213/4184 4769/4214/4185
f 4920/4215/4186 4919/4216/4187 4767/4217/4188
f 4918/4218/4189 4917/4219/4190 4763/4220/4191
f 4913/4208/4179 4912/4221/4192 4755/4222/4193
f 4910/4223/4194 4909/4202/4173 4748/4204/4175
f 4906/4211/4182 4905/4224/4195 4743/4212/4183
f 4746/4225/4196 4745/4226/4197 4777/4227/4198
f 4743/4212/4183 4742/4228/4199 4775/4229/4200
f 4740/4201/4172 4739/4230/4201 4771/4231/4202
f 4769/4214/4185 4768/4232/4203 4800/4233/4204
f 4766/4234/4205 4765/4235/4206 4797/4236/4207
f 4763/4220/4191 4762/4237/4208 4795/4238/4209
f 4760/4239/4210 4759/4240/4211 4791/4241/4212
f 4757/4242/4213 4756/4209/4180 4788/4243/4214
f 4754/4244/4215 4753/4245/4216 4785/4246/4217
f 4751/4247/4218 4750/4248/4219 4783/4249/4220
f 4748/4204/4175 4747/4250/4221 4779/4251/4222
f 4745/4226/4197 4744/4252/4223 4777/4227/4198
f 4742/4228/4199 4741/4253/4224 4773/4254/4225
f 4739/4230/4201 4738/4206/4177 4770/4255/4226
f 4768/4232/4203 4767/4217/4188 4799/4256/4227
f 4765/4235/4206 4764/4257/4228 4797/4236/4207
f 4762/4237/4208 4761/4258/4229 4793/4259/4230
f 4759/4240/4211 4758/4260/4231 4790/4261/4232
f 4756/4209/4180 4755/4222/4193 4788/4243/4214
f 4753/4245/4216 4752/4262/4233 4784/4263/4234
f 4750/4248/4219 4749/4264/4235 4781/4265/4236
f 4747/4250/4221 4746/4225/4196 4779/4251/4222
f 4744/4252/4223 4743/4212/4183 4775/4229/4200
f 4741/4253/4224 4740/4201/4172 4772/4266/4237
f 4738/4206/4177 4769/4214/4185 4770/4255/4226
f 4767/4217/4188 4766/4234/4205 4799/4256/4227
f 4764/4257/4228 4763/4220/4191 4795/4238/4209
f 4761/4258/4229 4760/4239/4210 4792/4267/4238
f 4758/4260/4231 4757/4242/4213 4790/4261/4232
f 4755/4222/4193 4754/4244/4215 4787/4268/4239
f 4752/4262/4233 4751/4247/4218 4784/4263/4234
f 4749/4264/4235 4748/4204/4175 4780/4269/4240
f 4781/4265/4236 4780/4269/4240 4808/4270/4241
f 4778/4271/4242 4777/4227/4198 4805/4272/4243
f 4775/4229/4200 4774/4273/4244 4803/4274/4245
f 4795/4238/4209 4794/4275/4246 4818/4276/4247
f 4792/4267/4238 4791/4241/4212 4816/4277/4248
f 4789/4278/4249 4788/4243/4214 4814/4279/4250
f 4786/4280/4251 4785/4246/4217 4812/4281/4252
f 4783/4249/4220 4782/4282/4253 4810/4283/4254
f 4780/4269/4240 4779/4251/4222 4807/4284/4255
f 4777/4227/4198 4776/4285/4256 4805/4272/4243
f 4774/4273/4244 4773/4254/4225 4802/4286/4257
f 4797/4236/4207 4796/4287/4258 4819/4288/4259
f 4794/4275/4246 4793/4259/4230 4817/4289/4260
f 4791/4241/4212 4790/4261/4232 4815/4290/4261
f 4788/4243/4214 4787/4268/4239 4814/4279/4250
f 4785/4246/4217 4784/4263/4234 4811/4291/4262
f 4782/4282/4253 4781/4265/4236 4808/4270/4241
f 4779/4251/4222 4778/4271/4242 4807/4284/4255
f 4776/4285/4256 4775/4229/4200 4803/4274/4245
f 4796/4287/4258 4795/4238/4209 4818/4276/4247
f 4790/4261/4232 4789/4278/4249 4815/4290/4261
f 4784/4263/4234 4783/4249/4220 4811/4291/4262
f 4924/4292/4263 4922/4293/4264 4823/4294/4202
f 4922/4293/4264 4923/4295/4265 4822/4296/4266
f 4923/4295/4265 4933/4297/4267 4822/4296/4266
f 4935/4298/4268 4934/4299/4269 4859/4300/4270
f 4937/4301/4271 4936/4302/4272 4856/4303/4273
f 4939/4304/4274 4938/4305/4275 4884/4306/4276
f 4941/4307/4277 4940/4308/4278 4881/4309/4279
f 4943/4310/4280 4942/4311/4281 4878/4312/4282
f 4945/4313/4283 4944/4314/4284 4875/4315/4285
f 4947/4316/4286 4946/4317/4287 4872/4318/4288
f 4949/4319/4289 4948/4320/4290 4869/4321/4291
f 4951/4322/4292 4950/4323/4293 4867/4324/4294
f 4953/4325/4295 4952/4326/4296 4863/4327/4297
f 4955/4328/4298 4954/4329/4299 4861/4330/4300
f 4934/4299/4269 4956/4331/4301 4857/4332/4302
f 4936/4302/4272 4957/4333/4303 4854/4334/4304
f 4938/4305/4275 4958/4335/4305 4883/4336/4306
f 4940/4308/4278 4959/4337/4307 4880/4338/4308
f 4942/4311/4281 4960/4339/4309 4878/4312/4282
f 4944/4314/4284 4961/4340/4310 4874/4341/4311
f 4946/4317/4287 4962/4342/4312 4871/4343/4313
f 4948/4320/4290 4963/4344/4314 4868/4345/4315
f 4950/4323/4293 4964/4346/4316 4866/4347/4317
f 4952/4326/4296 4965/4348/4318 4863/4327/4297
f 4954/4329/4299 4935/4298/4268 4859/4300/4270
f 4956/4331/4301 4937/4301/4271 4856/4303/4273
f 4957/4333/4303 4939/4304/4274 4854/4334/4304
f 4958/4335/4305 4941/4307/4277 4882/4349/4319
f 4959/4337/4307 4943/4310/4280 4879/4350/4320
f 4960/4339/4309 4945/4313/4283 4877/4351/4321
f 4961/4340/4310 4947/4316/4286 4874/4341/4311
f 4962/4342/4312 4949/4319/4289 4871/4343/4313
f 4963/4344/4314 4951/4322/4292 4868/4345/4315
f 4964/4346/4316 4953/4325/4295 4865/4352/4322
f 4965/4348/4318 4955/4328/4298 4861/4330/4300
f 4862/4353/4323 4861/4330/4300 4886/4354/1215
f 4859/4300/4270 4858/4355/4324 4886/4354/1215
f 4856/4303/4273 4855/4356/4325 4886/4354/1215
f 4885/4357/4326 4884/4306/4276 4886/4354/1215
f 4882/4349/4319 4881/4309/4279 4886/4354/1215
f 4879/4350/4320 4878/4312/4282 4886/4354/1215
f 4876/4358/4327 4875/4315/4285 4886/4354/1215
f 4873/4359/4328 4872/4318/4288 4886/4354/1215
f 4870/4360/4329 4869/4321/4291 4886/4354/1215
f 4867/4324/4294 4866/4347/4317 4886/4354/1215
f 4864/4361/4330 4863/4327/4297 4886/4354/1215
f 4861/4330/4300 4860/4362/4331 4886/4354/1215
f 4858/4355/4324 4857/4332/4302 4886/4354/1215
f 4855/4356/4325 4854/4334/4304 4886/4354/1215
f 4884/4306/4276 4883/4336/4306 4886/4354/1215
f 4881/4309/4279 4880/4338/4308 4886/4354/1215
f 4878/4312/4282 4877/4351/4321 4886/4354/1215
f 4875/4315/4285 4874/4341/4311 4886/4354/1215
f 4872/4318/4288 4871/4343/4313 4886/4354/1215
f 4869/4321/4291 4868/4345/4315 4886/4354/1215
f 4866/4347/4317 4865/4352/4322 4886/4354/1215
f 4863/4327/4297 4862/4353/4323 4886/4354/1215
f 4860/4362/4331 4859/4300/4270 4886/4354/1215
f 4857/4332/4302 4856/4303/4273 4886/4354/1215
f 4854/4334/4304 4885/4357/4326 4886/4354/1215
f 4883/4336/4306 4882/4349/4319 4886/4354/1215
f 4880/4338/4308 4879/4350/4320 4886/4354/1215
f 4877/4351/4321 4876/4358/4327 4886/4354/1215
f 4874/4341/4311 4873/4359/4328 4886/4354/1215
f 4871/4343/4313 4870/4360/4329 4886/4354/1215
f 4868/4345/4315 4867/4324/4294 4886/4354/1215
f 4865/4352/4322 4864/4361/4330 4886/4354/1215
f 4827/4363/4200 4826/4364/4244 4935/4298/4268
f 4824/4365/4332 4823/4294/4202 4937/4301/4271
f 4853/4366/4333 4852/4367/4334 4938/4305/4275
f 4850/4368/4335 4849/4369/4207 4940/4308/4278
f 4847/4370/4336 4846/4371/4337 4943/4310/4280
f 4844/4372/4338 4843/4373/4212 4944/4314/4284
f 4841/4374/4249 4840/4375/4214 4946/4317/4287
f 4838/4376/4339 4837/4377/4217 4948/4320/4290
f 4835/4378/4220 4834/4379/4253 4951/4322/4292
f 4832/4380/4240 4831/4381/4340 4952/4326/4296
f 4829/4382/4198 4828/4383/4341 4954/4329/4299
f 4826/4364/4244 4825/4384/4225 4956/4331/4301
f 4823/4294/4202 4822/4296/4266 4957/4333/4303
f 4852/4367/4334 4851/4385/4227 4958/4335/4305
f 4849/4369/4207 4848/4386/4258 4959/4337/4307
f 4846/4371/4337 4845/4387/4230 4942/4311/4281
f 4843/4373/4212 4842/4388/4232 4961/4340/4310
f 4840/4375/4214 4839/4389/4239 4946/4317/4287
f 4837/4377/4217 4836/4390/4342 4963/4344/4314
f 4834/4379/4253 4833/4391/4236 4964/4346/4316
f 4831/4381/4340 4830/4392/4343 4952/4326/4296
f 4828/4383/4341 4827/4363/4200 4935/4298/4268
f 4825/4384/4225 4824/4365/4332 4937/4301/4271
f 4822/4296/4266 4853/4366/4333 4939/4304/4274
f 4851/4385/4227 4850/4368/4335 4958/4335/4305
f 4848/4386/4258 4847/4370/4336 4943/4310/4280
f 4845/4387/4230 4844/4372/4338 4945/4313/4283
f 4842/4388/4232 4841/4374/4249 4961/4340/4310
f 4839/4389/4239 4838/4376/4339 4962/4342/4312
f 4836/4390/4342 4835/4378/4220 4963/4344/4314
f 4833/4391/4236 4832/4380/4240 4964/4346/4316
f 4830/4392/4343 4829/4382/4198 4955/4328/4298
f 4591/4052/4023 4590/4090/4061 4623/4075/4046
f 4625/4073/4044 4593/4058/4029 4624/4074/4045
f 4326/3797/3768 4324/3794/3765 4327/3796/3767
f 4328/3799/3770 4326/3797/3768 4329/3798/3769
f 4330/3801/3772 4328/3799/3770 4331/3800/3771
f 4332/3803/3774 4330/3801/3772 4333/3802/3773
f 4334/3805/3776 4332/3803/3774 4335/3804/3775
f 4336/3807/3778 4334/3805/3776 4337/3806/3777
f 4338/3809/3780 4336/3807/3778 4339/3808/3779
f 4340/3811/3782 4338/3809/3780 4341/3810/3781
f 4342/3813/3784 4340/3811/3782 4343/3812/3783
f 4344/3815/3786 4342/3813/3784 4345/3814/3785
f 4346/3817/3788 4344/3815/3786 4347/3816/3787
f 4348/3819/3790 4346/3817/3788 4349/3818/3789
f 4350/3821/3792 4348/3819/3790 4351/3820/3791
f 4353/3823/3794 4355/3825/3796 4354/3824/3795
f 4381/3851/3822 4383/3853/3824 4382/3852/3823
f 4355/3825/3796 4357/3827/3798 4356/3826/3797
f 4357/3827/3798 4359/3829/3800 4358/3828/3799
f 4359/3829/3800 4361/3831/3802 4360/3830/3801
f 4361/3831/3802 4363/3833/3804 4362/3832/3803
f 4363/3833/3804 4365/3835/3806 4364/3834/3805
f 4365/3835/3806 4367/3837/3808 4366/3836/3807
f 4367/3837/3808 4369/3839/3810 4368/3838/3809
f 4369/3839/3810 4371/3841/3812 4370/3840/3811
f 4371/3841/3812 4373/3843/3814 4372/3842/3813
f 4373/3843/3814 4375/3845/3816 4374/3844/3815
f 4375/3845/3816 4377/3847/3818 4376/3846/3817
f 4377/3847/3818 4379/3849/3820 4378/3848/3819
f 4379/3849/3820 4381/3851/3822 4380/3850/3821
f 4383/3853/3824 4385/3858/3829 4384/3854/3825
f 4344/3815/3786 4398/3895/3866 4397/3869/3840
f 4407/3860/3831 4362/3832/3803 4408/3855/3826
f 4324/3794/3765 4386/3856/3827 4325/3795/3766
f 4386/3856/3827 4384/3854/3825 4387/3857/3828
f 4408/3855/3826 4364/3834/3805 4409/3859/3830
f 4406/3861/3832 4360/3830/3801 4407/3860/3831
f 4405/3862/3833 4358/3828/3799 4406/3861/3832
f 4404/3863/3834 4356/3826/3797 4405/3862/3833
f 4403/3864/3835 4354/3824/3795 4404/3863/3834
f 4402/3865/3836 4352/3822/3793 4403/3864/3835
f 4401/3866/3837 4350/3821/3792 4402/3865/3836
f 4400/3867/3838 4348/3819/3790 4401/3866/3837
f 4399/3868/3839 4346/3817/3788 4400/3867/3838
f 4398/3895/3866 4344/3815/3786 4399/3868/3839
f 4328/3799/3770 4390/4393/4344 4389/3876/3847
f 4396/3870/3841 4340/3811/3782 4397/3869/3840
f 4395/3871/3842 4338/3809/3780 4396/3870/3841
f 4394/3872/3843 4336/3807/3778 4395/3871/3842
f 4393/3873/3844 4334/3805/3776 4394/3872/3843
f 4392/3874/3845 4332/3803/3774 4393/3873/3844
f 4391/3875/3846 4330/3801/3772 4392/3874/3845
f 4390/4393/4344 4328/3799/3770 4391/3875/3846
f 4376/3846/3817 4414/4394/4345 4413/3883/3854
f 4419/3878/3849 4386/3856/3827 4388/3877/3848
f 4418/3879/3850 4384/3854/3825 4419/3878/3849
f 4417/3880/3851 4382/3852/3823 4418/3879/3850
f 4416/3881/3852 4380/3850/3821 4417/3880/3851
f 4415/3882/3853 4378/3848/3819 4416/3881/3852
f 4414/4394/4345 4376/3846/3817 4415/3882/3853
f 4389/3876/3847 4421/4395/4346 4420/3887/3858
f 4412/3884/3855 4372/3842/3813 4413/3883/3854
f 4411/3885/3856 4370/3840/3811 4412/3884/3855
f 4410/3886/3857 4368/3838/3809 4411/3885/3856
f 4388/3877/3848 4324/3794/3765 4389/3876/3847
f 4409/3859/3830 4366/3836/3807 4410/3886/3857
f 4425/3896/3867 4399/3868/3839 4426/3891/3862
f 4431/4396/4347 4410/3886/3857 4432/3888/3859
f 4424/4397/4348 4398/3895/3866 4425/3896/3867
f 4434/4398/4349 4415/3882/3853 4435/3893/3864
f 4410/3886/3857 4431/4396/4347 4430/3889/3860
f 4428/3890/3861 4406/3861/3832 4429/3898/3869
f 4440/3914/3885 4888/3899/3870 4441/3901/3872
f 4466/3919/3890 4900/4399/4350 4467/3920/3891
f 4898/4400/4351 4461/3926/3897 4460/3925/3896
f 4457/3928/3899 4897/4401/4352 4458/3929/3900
f 4888/3899/3870 4440/3914/3885 4439/3903/3874
f 4442/3908/3879 4890/3907/3878 4443/3911/3882
f 4901/4402/4353 4468/3944/3915 4467/3920/3891
f 4468/3944/3915 4901/4402/4353 4437/3916/3887
f 4453/3910/3881 4895/3904/3875 4454/3906/3877
f 4450/3955/3926 4893/4403/4354 4451/3933/3904
f 4444/3912/3883 4891/4404/4355 4445/3939/3910
f 4441/3901/3872 4889/3900/3871 4442/3908/3879
f 4461/3926/3897 4898/4400/4351 4462/3948/3919
f 4459/3950/3921 4491/3970/3941 4490/3930/3901
f 4452/3934/3905 4894/3909/3880 4453/3910/3881
f 4446/3940/3911 4892/4405/4356 4447/3957/3928
f 4475/3942/3913 4443/3911/3882 4476/3913/3884
f 4472/3943/3914 4440/3914/3885 4473/3915/3886
f 4469/3945/3916 4437/3916/3887 4470/3918/3889
f 4498/3947/3918 4466/3919/3890 4499/3921/3892
f 4495/3949/3920 4463/3922/3893 4496/3924/3895
f 4492/3951/3922 4460/3925/3896 4493/3927/3898
f 4489/3953/3924 4457/3928/3899 4490/3930/3901
f 4486/3954/3925 4454/3906/3877 4487/3932/3903
f 4483/3956/3927 4451/3933/3904 4484/3935/3906
f 4480/3958/3929 4448/3936/3907 4481/3938/3909
f 4477/3959/3930 4445/3939/3910 4478/3941/3912
f 4474/3960/3931 4442/3908/3879 4475/3942/3913
f 4471/3961/3932 4439/3903/3874 4472/3943/3914
f 4500/3962/3933 4468/3944/3915 4469/3945/3916
f 4497/3963/3934 4465/3946/3917 4498/3947/3918
f 4494/3964/3935 4462/3948/3919 4495/3949/3920
f 4491/3970/3941 4459/3950/3921 4492/3951/3922
f 4488/3965/3936 4456/3952/3923 4489/3953/3924
f 4485/3966/3937 4453/3910/3881 4486/3954/3925
f 4482/3967/3938 4450/3955/3926 4483/3956/3927
f 4479/3968/3939 4447/3957/3928 4480/3958/3929
f 4476/3913/3884 4444/3912/3883 4477/3959/3930
f 4473/3915/3886 4441/3901/3872 4474/3960/3931
f 4470/3918/3889 4438/3917/3888 4471/3961/3932
f 4499/3921/3892 4467/3920/3891 4500/3962/3933
f 4496/3924/3895 4464/3923/3894 4497/3963/3934
f 4493/3927/3898 4461/3926/3897 4494/3964/3935
f 4447/3957/3928 4479/3968/3939 4478/3941/3912
f 4487/3932/3903 4455/3931/3902 4488/3965/3936
f 4484/3935/3906 4452/3934/3905 4485/3966/3937
f 4481/3938/3909 4449/3937/3908 4482/3967/3938
f 4333/3802/3773 4506/4004/3975 4507/3975/3946
f 4512/3999/3970 4345/3814/3785 4511/3971/3942
f 4511/3971/3942 4343/3812/3783 4510/3972/3943
f 4510/3972/3943 4341/3810/3781 4509/3973/3944
f 4509/3973/3944 4339/3808/3779 4508/3974/3945
f 4508/3974/3945 4337/3806/3777 4507/3975/3946
f 4387/3857/3828 4533/4016/3987 4502/3979/3950
f 4506/4004/3975 4333/3802/3773 4505/3976/3947
f 4505/3976/3947 4331/3800/3771 4504/3977/3948
f 4504/3977/3948 4329/3798/3769 4503/3978/3949
f 4349/3818/3789 4514/4000/3971 4515/3997/3968
f 4533/4016/3987 4387/3857/3828 4532/3980/3951
f 4532/3980/3951 4385/3858/3829 4531/3981/3952
f 4531/3981/3952 4383/3853/3824 4530/3982/3953
f 4530/3982/3953 4381/3851/3822 4529/3983/3954
f 4529/3983/3954 4379/3849/3820 4528/3984/3955
f 4528/3984/3955 4377/3847/3818 4527/3985/3956
f 4527/3985/3956 4375/3845/3816 4526/3986/3957
f 4526/3986/3957 4373/3843/3814 4525/3987/3958
f 4525/3987/3958 4371/3841/3812 4524/3988/3959
f 4503/3978/3949 4327/3796/3767 4502/3979/3950
f 4524/3988/3959 4369/3839/3810 4523/3989/3960
f 4523/3989/3960 4367/3837/3808 4522/3990/3961
f 4522/3990/3961 4365/3835/3806 4521/3991/3962
f 4521/3991/3962 4363/3833/3804 4520/3992/3963
f 4520/3992/3963 4361/3831/3802 4519/3993/3964
f 4519/3993/3964 4359/3829/3800 4518/3994/3965
f 4518/3994/3965 4357/3827/3798 4517/3995/3966
f 4517/3995/3966 4355/3825/3796 4516/3996/3967
f 4516/3996/3967 4353/3823/3794 4515/3997/3968
f 4508/3974/3945 4540/4014/3985 4541/4003/3974
f 4514/4000/3971 4349/3818/3789 4513/3998/3969
f 4513/3998/3969 4347/3816/3787 4512/3999/3970
f 4514/4000/3971 4546/4031/4002 4547/4001/3972
f 4544/4033/4004 4512/3999/3970 4543/4002/3973
f 4510/3972/3943 4542/4021/3992 4543/4002/3973
f 4538/4036/4007 4506/4004/3975 4537/4005/3976
f 4535/4023/3994 4503/3978/3949 4534/4006/3977
f 4564/4024/3995 4532/3980/3951 4563/4007/3978
f 4561/4025/3996 4529/3983/3954 4560/4008/3979
f 4558/4041/4012 4526/3986/3957 4557/4009/3980
f 4555/4026/3997 4523/3989/3960 4554/4010/3981
f 4552/4027/3998 4520/3992/3963 4551/4011/3982
f 4549/4029/4000 4517/3995/3966 4548/4012/3983
f 4546/4031/4002 4514/4000/3971 4545/4013/3984
f 4507/3975/3946 4539/4022/3993 4540/4014/3985
f 4530/3982/3953 4562/4050/4021 4563/4007/3978
f 4537/4005/3976 4505/3976/3947 4536/4015/3986
f 4534/4006/3977 4502/3979/3950 4565/4017/3988
f 4518/3994/3965 4550/4028/3999 4551/4011/3982
f 4560/4008/3979 4528/3984/3955 4559/4018/3989
f 4557/4009/3980 4525/3987/3958 4556/4019/3990
f 4554/4010/3981 4522/3990/3961 4553/4020/3991
f 4512/3999/3970 4544/4033/4004 4545/4013/3984
f 4515/3997/3968 4547/4001/3972 4548/4012/3983
f 4509/3973/3944 4541/4003/3974 4542/4021/3992
f 4526/3986/3957 4558/4041/4012 4559/4018/3989
f 4506/4004/3975 4538/4036/4007 4539/4022/3993
f 4536/4015/3986 4504/3977/3948 4535/4023/3994
f 4565/4017/3988 4533/4016/3987 4564/4024/3995
f 4562/4050/4021 4530/3982/3953 4561/4025/3996
f 4517/3995/3966 4549/4029/4000 4550/4028/3999
f 4556/4019/3990 4524/3988/3959 4555/4026/3997
f 4553/4020/3991 4521/3991/3962 4552/4027/3998
f 4546/4031/4002 4578/4064/4035 4579/4032/4003
f 4582/4062/4033 4550/4028/3999 4581/4030/4001
f 4543/4002/3973 4575/4047/4018 4576/4034/4005
f 4551/4011/3982 4583/4055/4026 4584/4044/4015
f 4573/4056/4027 4541/4003/3974 4572/4035/4006
f 4570/4095/4066 4538/4036/4007 4569/4037/4008
f 4567/4085/4056 4535/4023/3994 4566/4038/4009
f 4596/4057/4028 4564/4024/3995 4595/4039/4010
f 4593/4058/4029 4561/4025/3996 4592/4040/4011
f 4590/4090/4061 4558/4041/4012 4589/4042/4013
f 4587/4059/4030 4555/4026/3997 4586/4043/4014
f 4542/4021/3992 4574/4067/4038 4575/4047/4018
f 4581/4030/4001 4549/4029/4000 4580/4045/4016
f 4578/4064/4035 4546/4031/4002 4577/4046/4017
f 4565/4017/3988 4597/4086/4057 4566/4038/4009
f 4572/4035/4006 4540/4014/3985 4571/4048/4019
f 4569/4037/4008 4537/4005/3976 4568/4049/4020
f 4550/4028/3999 4582/4062/4033 4583/4055/4026
f 4595/4039/4010 4563/4007/3978 4594/4051/4022
f 4592/4040/4011 4560/4008/3979 4591/4052/4023
f 4589/4042/4013 4557/4009/3980 4588/4053/4024
f 4586/4043/4014 4554/4010/3981 4585/4054/4025
f 4547/4001/3972 4579/4032/4003 4580/4045/4016
f 4538/4036/4007 4570/4095/4066 4571/4048/4019
f 4577/4046/4017 4545/4013/3984 4576/4034/4005
f 4574/4067/4038 4542/4021/3992 4573/4056/4027
f 4535/4023/3994 4567/4085/4056 4568/4049/4020
f 4558/4041/4012 4590/4090/4061 4591/4052/4023
f 4597/4086/4057 4565/4017/3988 4596/4057/4028
f 4594/4051/4022 4562/4050/4021 4593/4058/4029
f 4581/4030/4001 4613/4060/4031 4614/4063/4034
f 4588/4053/4024 4556/4019/3990 4587/4059/4030
f 4585/4054/4025 4553/4020/3991 4584/4044/4015
f 4581/4030/4001 4580/4045/4016 4612/4061/4032
f 4574/4067/4038 4573/4056/4027 4605/4068/4039
f 4578/4064/4035 4610/4081/4052 4611/4065/4036
f 4572/4035/4006 4604/4083/4054 4605/4068/4039
f 4566/4038/4009 4597/4086/4057 4629/4071/4042
f 4600/4097/4068 4601/4069/4040 4568/4049/4020
f 4592/4040/4011 4591/4052/4023 4623/4075/4046
f 4594/4051/4022 4593/4058/4029 4625/4073/4044
f 4586/4043/4014 4618/4091/4062 4619/4078/4049
f 4589/4042/4013 4588/4053/4024 4620/4077/4048
f 4583/4055/4026 4615/4092/4063 4616/4079/4050
f 4577/4046/4017 4609/4093/4064 4610/4081/4052
f 4607/4082/4053 4608/4080/4051 4575/4047/4018
f 4571/4048/4019 4603/4096/4067 4604/4083/4054
f 4574/4067/4038 4606/4066/4037 4607/4082/4053
f 4567/4085/4056 4566/4038/4009 4598/4070/4041
f 4590/4090/4061 4589/4042/4013 4621/4076/4047
f 4597/4086/4057 4596/4057/4028 4628/4087/4058
f 4594/4051/4022 4626/4072/4043 4627/4088/4059
f 4585/4054/4025 4617/4098/4069 4618/4091/4062
f 4588/4053/4024 4587/4059/4030 4619/4078/4049
f 4582/4062/4033 4614/4063/4034 4615/4092/4063
f 4576/4034/4005 4608/4080/4051 4609/4093/4064
f 4579/4032/4003 4611/4065/4036 4612/4061/4032
f 4570/4095/4066 4569/4037/4008 4601/4069/4040
f 4613/4060/4031 4645/4126/4097 4646/4101/4072
f 4570/4095/4066 4602/4094/4065 4603/4096/4067
f 4567/4085/4056 4599/4084/4055 4600/4097/4068
f 4596/4057/4028 4595/4039/4010 4627/4088/4059
f 4585/4054/4025 4584/4044/4015 4616/4079/4050
f 4652/4116/4087 4620/4077/4048 4651/4099/4070
f 4649/4124/4095 4617/4098/4069 4648/4100/4071
f 4604/4083/4054 4636/4132/4103 4637/4104/4075
f 4610/4081/4052 4642/4128/4099 4643/4102/4073
f 4640/4130/4101 4608/4080/4051 4639/4103/4074
f 4615/4092/4063 4647/4117/4088 4648/4100/4071
f 4634/4134/4105 4602/4094/4065 4633/4105/4076
f 4631/4118/4089 4599/4084/4055 4630/4106/4077
f 4660/4119/4090 4628/4087/4058 4659/4107/4078
f 4657/4120/4091 4625/4073/4044 4656/4108/4079
f 4654/4121/4092 4622/4089/4060 4653/4109/4080
f 4651/4099/4070 4619/4078/4049 4650/4110/4081
f 4600/4097/4068 4632/4145/4116 4633/4105/4076
f 4645/4126/4097 4613/4060/4031 4644/4111/4082
f 4642/4128/4099 4610/4081/4052 4641/4112/4083
f 4606/4066/4037 4638/4143/4114 4639/4103/4074
f 4636/4132/4103 4604/4083/4054 4635/4113/4084
f 4617/4098/4069 4649/4124/4095 4650/4110/4081
f 4630/4106/4077 4598/4070/4041 4661/4114/4085
f 4626/4072/4043 4658/4147/4118 4659/4107/4078
f 4656/4108/4079 4624/4074/4045 4655/4115/4086
f 4653/4109/4080 4621/4076/4047 4652/4116/4087
f 4614/4063/4034 4646/4101/4072 4647/4117/4088
f 4608/4080/4051 4640/4130/4101 4641/4112/4083
f 4611/4065/4036 4643/4102/4073 4644/4111/4082
f 4622/4089/4060 4654/4121/4092 4655/4115/4086
f 4638/4143/4114 4606/4066/4037 4637/4104/4075
f 4602/4094/4065 4634/4134/4105 4635/4113/4084
f 4632/4145/4116 4600/4097/4068 4631/4118/4089
f 4661/4114/4085 4629/4071/4042 4660/4119/4090
f 4658/4147/4118 4626/4072/4043 4657/4120/4091
f 4654/4121/4092 4686/4155/4126 4687/4122/4093
f 4642/4128/4099 4674/4162/4133 4675/4129/4100
f 4684/4148/4119 4652/4116/4087 4683/4123/4094
f 4681/4158/4129 4649/4124/4095 4680/4125/4096
f 4678/4160/4131 4646/4101/4072 4677/4127/4098
f 4636/4132/4103 4668/4166/4137 4669/4133/4104
f 4672/4164/4135 4640/4130/4101 4671/4131/4102
f 4632/4145/4116 4664/4179/4150 4665/4135/4106
f 4666/4168/4139 4634/4134/4105 4665/4135/4106
f 4663/4150/4121 4631/4118/4089 4662/4136/4107
f 4692/4151/4122 4660/4119/4090 4691/4137/4108
f 4689/4152/4123 4657/4120/4091 4688/4138/4109
f 4686/4155/4126 4654/4121/4092 4685/4139/4110
f 4683/4123/4094 4651/4099/4070 4682/4140/4111
f 4647/4117/4088 4679/4149/4120 4680/4125/4096
f 4677/4127/4098 4645/4126/4097 4676/4141/4112
f 4674/4162/4133 4642/4128/4099 4673/4142/4113
f 4638/4143/4114 4670/4177/4148 4671/4131/4102
f 4668/4166/4137 4636/4132/4103 4667/4144/4115
f 4646/4101/4072 4678/4160/4131 4679/4149/4120
f 4662/4136/4107 4630/4106/4077 4693/4146/4117
f 4658/4147/4118 4690/4153/4124 4691/4137/4108
f 4688/4138/4109 4656/4108/4079 4687/4122/4093
f 4685/4139/4110 4653/4109/4080 4684/4148/4119
f 4649/4124/4095 4681/4158/4129 4682/4140/4111
f 4686/4155/4126 4718/4188/4159 4719/4156/4127
f 4643/4102/4073 4675/4129/4100 4676/4141/4112
f 4640/4130/4101 4672/4164/4135 4673/4142/4113
f 4670/4177/4148 4638/4143/4114 4669/4133/4104
f 4634/4134/4105 4666/4168/4139 4667/4144/4115
f 4664/4179/4150 4632/4145/4116 4663/4150/4121
f 4693/4146/4117 4661/4114/4085 4692/4151/4122
f 4690/4153/4124 4658/4147/4118 4689/4152/4123
f 4722/4186/4157 4690/4153/4124 4721/4154/4125
f 4674/4162/4133 4706/4176/4147 4707/4163/4134
f 4716/4181/4152 4684/4148/4119 4715/4157/4128
f 4713/4406/4357 4681/4158/4129 4712/4159/4130
f 4710/4191/4162 4678/4160/4131 4709/4161/4132
f 4662/4136/4107 4694/4407/4358 4695/4170/4141
f 4704/4408/4359 4672/4164/4135 4703/4165/4136
f 4701/4184/4155 4669/4133/4104 4700/4167/4138
f 4698/4194/4165 4666/4168/4139 4697/4169/4140
f 4673/4142/4113 4705/4183/4154 4706/4176/4147
f 4724/4185/4156 4692/4151/4122 4723/4171/4142
f 4721/4154/4125 4689/4152/4123 4720/4172/4143
f 4718/4188/4159 4686/4155/4126 4717/4173/4144
f 4715/4157/4128 4683/4123/4094 4714/4174/4145
f 4679/4149/4120 4711/4182/4153 4712/4159/4130
f 4709/4161/4132 4677/4127/4098 4708/4175/4146
f 4678/4160/4131 4710/4191/4162 4711/4182/4153
f 4670/4177/4148 4702/4197/4168 4703/4165/4136
f 4700/4167/4138 4668/4166/4137 4699/4178/4149
f 4664/4179/4150 4696/4196/4167 4697/4169/4140
f 4694/4407/4358 4662/4136/4107 4725/4180/4151
f 4690/4153/4124 4722/4186/4157 4723/4171/4142
f 4720/4172/4143 4688/4138/4109 4719/4156/4127
f 4717/4173/4144 4685/4139/4110 4716/4181/4152
f 4681/4158/4129 4713/4406/4357 4714/4174/4145
f 4672/4164/4135 4704/4408/4359 4705/4183/4154
f 4675/4129/4100 4707/4163/4134 4708/4175/4146
f 4706/4176/4147 4729/4409/4360 4730/4193/4164
f 4702/4197/4168 4670/4177/4148 4701/4184/4155
f 4666/4168/4139 4698/4194/4165 4699/4178/4149
f 4696/4196/4167 4664/4179/4150 4695/4170/4141
f 4725/4180/4151 4693/4146/4117 4724/4185/4156
f 4717/4173/4144 4734/4410/4361 4735/4189/4160
f 4728/4411/4362 4702/4197/4168 4727/4198/4169
f 4902/4200/4171 4739/4230/4201 4740/4201/4172
f 4769/4214/4185 4921/4213/4184 4768/4232/4203
f 4766/4234/4205 4919/4216/4187 4765/4235/4206
f 4908/4203/4174 4747/4250/4221 4748/4204/4175
f 4760/4239/4210 4916/4412/4363 4759/4240/4211
f 4754/4244/4215 4912/4221/4192 4753/4245/4216
f 4913/4208/4179 4755/4222/4193 4756/4209/4180
f 4742/4228/4199 4905/4224/4195 4741/4253/4224
f 4739/4230/4201 4902/4200/4171 4738/4206/4177
f 4904/4199/4170 4740/4201/4172 4741/4253/4224
f 4744/4252/4223 4907/4210/4181 4743/4212/4183
f 4919/4216/4187 4766/4234/4205 4767/4217/4188
f 4738/4206/4177 4903/4205/4176 4769/4214/4185
f 4764/4257/4228 4918/4218/4189 4763/4220/4191
f 4912/4221/4192 4754/4244/4215 4755/4222/4193
f 4750/4248/4219 4782/4282/4253 4783/4249/4220
f 4749/4264/4235 4910/4223/4194 4748/4204/4175
f 4905/4224/4195 4742/4228/4199 4743/4212/4183
f 4778/4271/4242 4746/4225/4196 4777/4227/4198
f 4742/4228/4199 4774/4273/4244 4775/4229/4200
f 4772/4266/4237 4740/4201/4172 4771/4231/4202
f 4801/4413/4333 4769/4214/4185 4800/4233/4204
f 4798/4414/4335 4766/4234/4205 4797/4236/4207
f 4762/4237/4208 4794/4275/4246 4795/4238/4209
f 4792/4267/4238 4760/4239/4210 4791/4241/4212
f 4789/4278/4249 4757/4242/4213 4788/4243/4214
f 4786/4280/4251 4754/4244/4215 4785/4246/4217
f 4744/4252/4223 4776/4285/4256 4777/4227/4198
f 4780/4269/4240 4748/4204/4175 4779/4251/4222
f 4764/4257/4228 4796/4287/4258 4797/4236/4207
f 4774/4273/4244 4742/4228/4199 4773/4254/4225
f 4771/4231/4202 4739/4230/4201 4770/4255/4226
f 4800/4233/4204 4768/4232/4203 4799/4256/4227
f 4755/4222/4193 4787/4268/4239 4788/4243/4214
f 4794/4275/4246 4762/4237/4208 4793/4259/4230
f 4791/4241/4212 4759/4240/4211 4790/4261/4232
f 4769/4214/4185 4801/4413/4333 4770/4255/4226
f 4785/4246/4217 4753/4245/4216 4784/4263/4234
f 4782/4282/4253 4750/4248/4219 4781/4265/4236
f 4746/4225/4196 4778/4271/4242 4779/4251/4222
f 4776/4285/4256 4744/4252/4223 4775/4229/4200
f 4773/4254/4225 4741/4253/4224 4772/4266/4237
f 4757/4242/4213 4789/4278/4249 4790/4261/4232
f 4766/4234/4205 4798/4414/4335 4799/4256/4227
f 4796/4287/4258 4764/4257/4228 4795/4238/4209
f 4793/4259/4230 4761/4258/4229 4792/4267/4238
f 4754/4244/4215 4786/4280/4251 4787/4268/4239
f 4751/4247/4218 4783/4249/4220 4784/4263/4234
f 4781/4265/4236 4749/4264/4235 4780/4269/4240
f 4806/4415/4364 4778/4271/4242 4805/4272/4243
f 4776/4285/4256 4804/4416/4365 4805/4272/4243
f 4813/4417/4366 4786/4280/4251 4812/4281/4252
f 4782/4282/4253 4809/4418/4367 4810/4283/4254
f 4816/4277/4248 4791/4241/4212 4815/4290/4261
f 4931/4419/4368 4849/4369/4207 4850/4368/4335
f 4812/4281/4252 4785/4246/4217 4811/4291/4262
f 4809/4418/4367 4782/4282/4253 4808/4270/4241
f 4778/4271/4242 4806/4415/4364 4807/4284/4255
f 4804/4416/4365 4776/4285/4256 4803/4274/4245
f 4819/4288/4259 4796/4287/4258 4818/4276/4247
f 4783/4249/4220 4810/4283/4254 4811/4291/4262
f 4824/4365/4332 4924/4292/4263 4823/4294/4202
f 4853/4366/4333 4933/4297/4267 4852/4367/4334
f 4930/4420/4369 4846/4371/4337 4847/4370/4336
f 4844/4372/4338 4929/4421/4370 4843/4373/4212
f 4841/4374/4249 4928/4422/4371 4840/4375/4214
f 4832/4380/4240 4926/4423/4372 4831/4381/4340
f 4826/4364/4244 4925/4424/4373 4825/4384/4225
f 4823/4294/4202 4922/4293/4264 4822/4296/4266
f 4849/4369/4207 4931/4419/4368 4848/4386/4258
f 4846/4371/4337 4930/4420/4369 4845/4387/4230
f 4933/4297/4267 4853/4366/4333 4822/4296/4266
f 4851/4385/4227 4932/4425/4374 4850/4368/4335
f 4839/4389/4239 4927/4426/4375 4838/4376/4339
f 4925/4424/4373 4826/4364/4244 4827/4363/4200
f 4950/4323/4293 4866/4347/4317 4867/4324/4294
f 4934/4299/4269 4858/4355/4324 4859/4300/4270
f 4936/4302/4272 4855/4356/4325 4856/4303/4273
f 4885/4357/4326 4939/4304/4274 4884/4306/4276
f 4882/4349/4319 4941/4307/4277 4881/4309/4279
f 4879/4350/4320 4943/4310/4280 4878/4312/4282
f 4876/4358/4327 4945/4313/4283 4875/4315/4285
f 4873/4359/4328 4947/4316/4286 4872/4318/4288
f 4870/4360/4329 4949/4319/4289 4869/4321/4291
f 4954/4329/4299 4860/4362/4331 4861/4330/4300
f 4864/4361/4330 4953/4325/4295 4863/4327/4297
f 4960/4339/4309 4877/4351/4321 4878/4312/4282
f 4858/4355/4324 4934/4299/4269 4857/4332/4302
f 4855/4356/4325 4936/4302/4272 4854/4334/4304
f 4884/4306/4276 4938/4305/4275 4883/4336/4306
f 4881/4309/4279 4940/4308/4278 4880/4338/4308
f 4964/4346/4316 4865/4352/4322 4866/4347/4317
f 4875/4315/4285 4944/4314/4284 4874/4341/4311
f 4872/4318/4288 4946/4317/4287 4871/4343/4313
f 4869/4321/4291 4948/4320/4290 4868/4345/4315
f 4939/4304/4274 4885/4357/4326 4854/4334/4304
f 4965/4348/4318 4862/4353/4323 4863/4327/4297
f 4860/4362/4331 4954/4329/4299 4859/4300/4270
f 4857/4332/4302 4956/4331/4301 4856/4303/4273
f 4945/4313/4283 4876/4358/4327 4877/4351/4321
f 4883/4336/4306 4958/4335/4305 4882/4349/4319
f 4880/4338/4308 4959/4337/4307 4879/4350/4320
f 4949/4319/4289 4870/4360/4329 4871/4343/4313
f 4947/4316/4286 4873/4359/4328 4874/4341/4311
f 4951/4322/4292 4867/4324/4294 4868/4345/4315
f 4953/4325/4295 4864/4361/4330 4865/4352/4322
f 4846/4371/4337 4942/4311/4281 4943/4310/4280
f 4862/4353/4323 4965/4348/4318 4861/4330/4300
f 4826/4364/4244 4934/4299/4269 4935/4298/4268
f 4823/4294/4202 4936/4302/4272 4937/4301/4271
f 4939/4304/4274 4853/4366/4333 4938/4305/4275
f 4941/4307/4277 4850/4368/4335 4940/4308/4278
f 4834/4379/4253 4950/4323/4293 4951/4322/4292
f 4945/4313/4283 4844/4372/4338 4944/4314/4284
f 4947/4316/4286 4841/4374/4249 4946/4317/4287
f 4949/4319/4289 4838/4376/4339 4948/4320/4290
f 4845/4387/4230 4960/4339/4309 4942/4311/4281
f 4953/4325/4295 4832/4380/4240 4952/4326/4296
f 4955/4328/4298 4829/4382/4198 4954/4329/4299
f 4934/4299/4269 4826/4364/4244 4956/4331/4301
f 4936/4302/4272 4823/4294/4202 4957/4333/4303
f 4938/4305/4275 4852/4367/4334 4958/4335/4305
f 4940/4308/4278 4849/4369/4207 4959/4337/4307
f 4839/4389/4239 4962/4342/4312 4946/4317/4287
f 4944/4314/4284 4843/4373/4212 4961/4340/4310
f 4850/4368/4335 4941/4307/4277 4958/4335/4305
f 4948/4320/4290 4837/4377/4217 4963/4344/4314
f 4950/4323/4293 4834/4379/4253 4964/4346/4316
f 4830/4392/4343 4965/4348/4318 4952/4326/4296
f 4954/4329/4299 4828/4383/4341 4935/4298/4268
f 4956/4331/4301 4825/4384/4225 4937/4301/4271
f 4957/4333/4303 4822/4296/4266 4939/4304/4274
f 4838/4376/4339 4949/4319/4289 4962/4342/4312
f 4959/4337/4307 4848/4386/4258 4943/4310/4280
f 4960/4339/4309 4845/4387/4230 4945/4313/4283
f 4841/4374/4249 4947/4316/4286 4961/4340/4310
f 4832/4380/4240 4953/4325/4295 4964/4346/4316
f 4835/4378/4220 4951/4322/4292 4963/4344/4314
f 4590/4090/4061 4622/4089/4060 4623/4075/4046
f 4965/4348/4318 4830/4392/4343 4955/4328/4298
f 4593/4058/4029 4592/4040/4011 4624/4074/4045
f 4351/3820/3791 4353/3823/3794 4352/3822/3793
f 4417/3880/3851 4418/3879/3850 4995/4427/4376
f 4414/4394/4345 4415/3882/3853 4994/4428/4377
f 4402/3865/3836 4403/3864/3835 4982/4429/4378
f 4396/3870/3841 4397/3869/3840 4988/4430/4379
f 4390/4393/4344 4391/3875/3846 4979/4431/4380
f 4413/3883/3854 4414/4394/4345 4994/4428/4377
f 4407/3860/3831 4408/3855/3826 4991/4432/4381
f 4404/3863/3834 4405/3862/3833 4984/4433/4382
f 4392/3874/3845 4393/3873/3844 4980/4434/4383
f 4389/3876/3847 4390/4393/4344 4978/4435/4384
f 4418/3879/3850 4419/3878/3849 4997/4436/4385
f 4412/3884/3855 4413/3883/3854 4992/4437/4386
f 4403/3864/3835 4404/3863/3834 4983/4438/4387
f 4400/3867/3838 4401/3866/3837 4989/4439/4388
f 4397/3869/3840 4398/3895/3866 4988/4430/4379
f 4394/3872/3843 4395/3871/3842 4986/4440/4389
f 4391/3875/3846 4392/3874/3845 4980/4434/4383
f 4966/4441/4390 4967/4442/4391 4437/3916/3887
f 4900/4399/4350 4996/4443/4392 4467/3920/3891
f 4899/4444/4393 4976/4445/4394 4463/3922/3893
f 4975/4446/4395 4898/4400/4351 4460/3925/3896
f 4897/4401/4352 4973/4447/4396 4458/3929/3900
f 4896/3905/3876 4971/4448/4397 4454/3906/3877
f 4990/4449/4398 4894/3909/3880 4452/3934/3905
f 4969/4450/4399 4970/4451/4400 4448/3936/3907
f 4987/4452/4401 4892/4405/4356 4446/3940/3911
f 4890/3907/3878 4985/4453/4402 4443/3911/3882
f 4901/4402/4353 4966/4441/4390 4437/3916/3887
f 4977/4454/4403 4900/4399/4350 4466/3919/3890
f 4993/4455/4404 4899/4444/4393 4463/3922/3893
f 4974/4456/4405 4975/4446/4395 4460/3925/3896
f 4972/4457/4406 4897/4401/4352 4457/3928/3899
f 4893/4403/4354 4990/4449/4398 4451/3933/3904
f 4968/4458/4407 4969/4450/4399 4448/3936/3907
f 4891/4404/4355 4987/4452/4401 4445/3939/3910
f 4967/4442/4391 4887/3902/3873 4439/3903/3874
f 4996/4443/4392 4901/4402/4353 4467/3920/3891
f 4976/4445/4394 4977/4454/4403 4464/3923/3894
f 4898/4400/4351 4993/4455/4404 4462/3948/3919
f 4973/4447/4396 4974/4456/4405 4458/3929/3900
f 4971/4448/4397 4972/4457/4406 4456/3952/3923
f 4970/4451/4400 4893/4403/4354 4450/3955/3926
f 4892/4405/4356 4968/4458/4407 4447/3957/3928
f 4985/4453/4402 4891/4404/4355 4444/3912/3883
f 4725/4180/4151 4724/4185/4156 4921/4213/4184
f 4713/4406/4357 4712/4159/4130 4914/4207/4178
f 4704/4408/4359 4703/4165/4136 4908/4203/4174
f 4701/4184/4155 4700/4167/4138 4907/4210/4181
f 4695/4170/4141 4694/4407/4358 4903/4205/4176
f 4724/4185/4156 4723/4171/4142 4920/4215/4186
f 4721/4154/4125 4720/4172/4143 4918/4218/4189
f 4712/4159/4130 4711/4182/4153 4914/4207/4178
f 4709/4161/4132 4708/4175/4146 4911/4459/4408
f 4706/4176/4147 4705/4183/4154 4910/4223/4194
f 4703/4165/4136 4702/4197/4168 4908/4203/4174
f 4700/4167/4138 4699/4178/4149 4906/4211/4182
f 4694/4407/4358 4725/4180/4151 4921/4213/4184
f 4723/4171/4142 4722/4186/4157 4920/4215/4186
f 4720/4172/4143 4719/4156/4127 4917/4219/4190
f 4717/4173/4144 4716/4181/4152 4916/4412/4363
f 4714/4174/4145 4713/4406/4357 4915/4460/4409
f 4711/4182/4153 4710/4191/4162 4913/4208/4179
f 4708/4175/4146 4707/4163/4134 4911/4459/4408
f 4705/4183/4154 4704/4408/4359 4910/4223/4194
f 4699/4178/4149 4698/4194/4165 4906/4211/4182
f 4696/4196/4167 4695/4170/4141 4904/4199/4170
f 4921/4213/4184 4737/4461/4410 4768/4232/4203
f 4919/4216/4187 4736/4187/4158 4765/4235/4206
f 4917/4219/4190 4735/4189/4160 4763/4220/4191
f 4916/4412/4363 4733/4190/4161 4759/4240/4211
f 4732/4462/4411 4914/4207/4178 4756/4209/4180
f 4912/4221/4192 4731/4192/4163 4753/4245/4216
f 4730/4193/4164 4729/4409/4360 4751/4247/4218
f 4727/4198/4169 4907/4210/4181 4744/4252/4223
f 4905/4224/4195 4726/4195/4166 4741/4253/4224
f 4737/4461/4410 4920/4215/4186 4767/4217/4188
f 4736/4187/4158 4918/4218/4189 4764/4257/4228
f 4735/4189/4160 4734/4410/4361 4761/4258/4229
f 4733/4190/4161 4915/4460/4409 4758/4260/4231
f 4731/4192/4163 4911/4459/4408 4752/4262/4233
f 4729/4409/4360 4910/4223/4194 4749/4264/4235
f 4908/4203/4174 4728/4411/4362 4747/4250/4221
f 4726/4195/4166 4904/4199/4170 4741/4253/4224
f 4734/4410/4361 4916/4412/4363 4760/4239/4210
f 4915/4460/4409 4732/4462/4411 4758/4260/4231
f 4911/4459/4408 4730/4193/4164 4752/4262/4233
f 4728/4411/4362 4727/4198/4169 4745/4226/4197
f 4772/4266/4237 4771/4231/4202 4924/4292/4263
f 4801/4413/4333 4800/4233/4204 4933/4297/4267
f 4798/4414/4335 4797/4236/4207 4931/4419/4368
f 4771/4231/4202 4770/4255/4226 4923/4295/4265
f 4800/4233/4204 4799/4256/4227 4932/4425/4374
f 4773/4254/4225 4772/4266/4237 4924/4292/4263
f 4770/4255/4226 4801/4413/4333 4933/4297/4267
f 4799/4256/4227 4798/4414/4335 4932/4425/4374
f 4793/4259/4230 4792/4267/4238 4929/4421/4370
f 4787/4268/4239 4786/4280/4251 4927/4426/4375
f 4933/4297/4267 4821/4463/4412 4852/4367/4334
f 4820/4464/4413 4931/4419/4368 4850/4368/4335
f 4818/4276/4247 4930/4420/4369 4847/4370/4336
f 4929/4421/4370 4816/4277/4248 4843/4373/4212
f 4928/4422/4371 4814/4279/4250 4840/4375/4214
f 4813/4417/4366 4812/4281/4252 4837/4377/4217
f 4810/4283/4254 4809/4418/4367 4834/4379/4253
f 4926/4423/4372 4807/4284/4255 4831/4381/4340
f 4805/4272/4243 4804/4416/4365 4829/4382/4198
f 4925/4424/4373 4802/4286/4257 4825/4384/4225
f 4821/4463/4412 4932/4425/4374 4851/4385/4227
f 4931/4419/4368 4819/4288/4259 4848/4386/4258
f 4930/4420/4369 4817/4289/4260 4845/4387/4230
f 4816/4277/4248 4815/4290/4261 4842/4388/4232
f 4814/4279/4250 4927/4426/4375 4839/4389/4239
f 4812/4281/4252 4811/4291/4262 4836/4390/4342
f 4809/4418/4367 4808/4270/4241 4833/4391/4236
f 4807/4284/4255 4806/4415/4364 4830/4392/4343
f 4804/4416/4365 4803/4274/4245 4828/4383/4341
f 4802/4286/4257 4924/4292/4263 4824/4365/4332
f 4932/4425/4374 4820/4464/4413 4850/4368/4335
f 4819/4288/4259 4818/4276/4247 4847/4370/4336
f 4817/4289/4260 4929/4421/4370 4844/4372/4338
f 4815/4290/4261 4928/4422/4371 4841/4374/4249
f 4927/4426/4375 4813/4417/4366 4838/4376/4339
f 4811/4291/4262 4810/4283/4254 4836/4390/4342
f 4808/4270/4241 4926/4423/4372 4832/4380/4240
f 4806/4415/4364 4805/4272/4243 4829/4382/4198
f 4803/4274/4245 4925/4424/4373 4827/4363/4200
f 4415/3882/3853 4434/4398/4349 4994/4428/4377
f 4418/3879/3850 4436/4465/4414 4995/4427/4376
f 4412/3884/3855 4992/4437/4386 4432/3888/3859
f 4417/3880/3851 4995/4427/4376 4435/3893/3864
f 4991/4432/4381 4408/3855/3826 4430/3889/3860
f 4984/4433/4382 4405/3862/3833 4428/3890/3861
f 4427/3894/3865 4402/3865/3836 4982/4429/4378
f 4423/3897/3868 4396/3870/3841 4988/4430/4379
f 4981/4466/4415 4393/3873/3844 4422/3892/3863
f 4978/4435/4384 4390/4393/4344 4979/4431/4380
f 4997/4436/4385 4419/3878/3849 4420/3887/3858
f 4393/3873/3844 4981/4466/4415 4980/4434/4383
f 4433/4467/4416 4413/3883/3854 4994/4428/4377
f 4429/3898/3869 4407/3860/3831 4991/4432/4381
f 4983/4438/4387 4404/3863/3834 4984/4433/4382
f 4989/4439/4388 4401/3866/3837 4427/3894/3865
f 4986/4440/4389 4395/3871/3842 4423/3897/3868
f 4413/3883/3854 4433/4467/4416 4992/4437/4386
f 4421/4395/4346 4389/3876/3847 4978/4435/4384
f 4436/4465/4414 4418/3879/3850 4997/4436/4385
f 4398/3895/3866 4424/4397/4348 4988/4430/4379
f 4982/4429/4378 4403/3864/3835 4983/4438/4387
f 4426/3891/3862 4400/3867/3838 4989/4439/4388
f 4967/4442/4391 4438/3917/3888 4437/3916/3887
f 4422/3892/3863 4394/3872/3843 4986/4440/4389
f 4979/4431/4380 4391/3875/3846 4980/4434/4383
f 4976/4445/4394 4464/3923/3894 4463/3922/3893
f 4971/4448/4397 4455/3931/3902 4454/3906/3877
f 4970/4451/4400 4449/3937/3908 4448/3936/3907
f 4451/3933/3904 4990/4449/4398 4452/3934/3905
f 4445/3939/3910 4987/4452/4401 4446/3940/3911
f 4465/3946/3917 4977/4454/4403 4466/3919/3890
f 4462/3948/3919 4993/4455/4404 4463/3922/3893
f 4459/3950/3921 4974/4456/4405 4460/3925/3896
f 4456/3952/3923 4972/4457/4406 4457/3928/3899
f 4447/3957/3928 4968/4458/4407 4448/3936/3907
f 4438/3917/3888 4967/4442/4391 4439/3903/3874
f 4977/4454/4403 4465/3946/3917 4464/3923/3894
f 4974/4456/4405 4459/3950/3921 4458/3929/3900
f 4455/3931/3902 4971/4448/4397 4456/3952/3923
f 4449/3937/3908 4970/4451/4400 4450/3955/3926
f 4443/3911/3882 4985/4453/4402 4444/3912/3883
f 4724/4185/4156 4737/4461/4410 4921/4213/4184
f 4919/4216/4187 4722/4186/4157 4736/4187/4158
f 4917/4219/4190 4719/4156/4127 4735/4189/4160
f 4916/4412/4363 4716/4181/4152 4733/4190/4161
f 4732/4462/4411 4713/4406/4357 4914/4207/4178
f 4912/4221/4192 4710/4191/4162 4731/4192/4163
f 4909/4202/4173 4704/4408/4359 4908/4203/4174
f 4727/4198/4169 4701/4184/4155 4907/4210/4181
f 4905/4224/4195 4698/4194/4165 4726/4195/4166
f 4902/4200/4171 4695/4170/4141 4903/4205/4176
f 4737/4461/4410 4724/4185/4156 4920/4215/4186
f 4736/4187/4158 4721/4154/4125 4918/4218/4189
f 4714/4174/4145 4915/4460/4409 4733/4190/4161
f 4713/4406/4357 4732/4462/4411 4915/4460/4409
f 4711/4182/4153 4913/4208/4179 4914/4207/4178
f 4731/4192/4163 4709/4161/4132 4911/4459/4408
f 4729/4409/4360 4706/4176/4147 4910/4223/4194
f 4702/4197/4168 4728/4411/4362 4908/4203/4174
f 4907/4210/4181 4700/4167/4138 4906/4211/4182
f 4696/4196/4167 4904/4199/4170 4726/4195/4166
f 4903/4205/4176 4694/4407/4358 4921/4213/4184
f 4722/4186/4157 4919/4216/4187 4920/4215/4186
f 4918/4218/4189 4720/4172/4143 4917/4219/4190
f 4734/4410/4361 4717/4173/4144 4916/4412/4363
f 4710/4191/4162 4912/4221/4192 4913/4208/4179
f 4704/4408/4359 4909/4202/4173 4910/4223/4194
f 4707/4163/4134 4730/4193/4164 4911/4459/4408
f 4695/4170/4141 4902/4200/4171 4904/4199/4170
f 4698/4194/4165 4905/4224/4195 4906/4211/4182
f 4735/4189/4160 4762/4237/4208 4763/4220/4191
f 4757/4242/4213 4732/4462/4411 4756/4209/4180
f 4729/4409/4360 4750/4248/4219 4751/4247/4218
f 4745/4226/4197 4727/4198/4169 4744/4252/4223
f 4768/4232/4203 4737/4461/4410 4767/4217/4188
f 4765/4235/4206 4736/4187/4158 4764/4257/4228
f 4762/4237/4208 4735/4189/4160 4761/4258/4229
f 4759/4240/4211 4733/4190/4161 4758/4260/4231
f 4753/4245/4216 4731/4192/4163 4752/4262/4233
f 4750/4248/4219 4729/4409/4360 4749/4264/4235
f 4728/4411/4362 4746/4225/4196 4747/4250/4221
f 4732/4462/4411 4757/4242/4213 4758/4260/4231
f 4761/4258/4229 4734/4410/4361 4760/4239/4210
f 4730/4193/4164 4751/4247/4218 4752/4262/4233
f 4746/4225/4196 4728/4411/4362 4745/4226/4197
f 4800/4233/4204 4821/4463/4412 4933/4297/4267
f 4780/4269/4240 4926/4423/4372 4808/4270/4241
f 4774/4273/4244 4925/4424/4373 4803/4274/4245
f 4771/4231/4202 4922/4293/4264 4924/4292/4263
f 4820/4464/4413 4798/4414/4335 4931/4419/4368
f 4794/4275/4246 4930/4420/4369 4818/4276/4247
f 4929/4421/4370 4792/4267/4238 4816/4277/4248
f 4928/4422/4371 4789/4278/4249 4814/4279/4250
f 4926/4423/4372 4780/4269/4240 4807/4284/4255
f 4787/4268/4239 4927/4426/4375 4814/4279/4250
f 4925/4424/4373 4774/4273/4244 4802/4286/4257
f 4922/4293/4264 4771/4231/4202 4923/4295/4265
f 4821/4463/4412 4800/4233/4204 4932/4425/4374
f 4931/4419/4368 4797/4236/4207 4819/4288/4259
f 4930/4420/4369 4794/4275/4246 4817/4289/4260
f 4802/4286/4257 4773/4254/4225 4924/4292/4263
f 4923/4295/4265 4770/4255/4226 4933/4297/4267
f 4798/4414/4335 4820/4464/4413 4932/4425/4374
f 4817/4289/4260 4793/4259/4230 4929/4421/4370
f 4789/4278/4249 4928/4422/4371 4815/4290/4261
f 4786/4280/4251 4813/4417/4366 4927/4426/4375
f 4804/4416/4365 4828/4383/4341 4829/4382/4198
f 4838/4376/4339 4813/4417/4366 4837/4377/4217
f 4835/4378/4220 4810/4283/4254 4834/4379/4253
f 4803/4274/4245 4827/4363/4200 4828/4383/4341
f 4852/4367/4334 4821/4463/4412 4851/4385/4227
f 4843/4373/4212 4816/4277/4248 4842/4388/4232
f 4840/4375/4214 4814/4279/4250 4839/4389/4239
f 4837/4377/4217 4812/4281/4252 4836/4390/4342
f 4834/4379/4253 4809/4418/4367 4833/4391/4236
f 4831/4381/4340 4807/4284/4255 4830/4392/4343
f 4825/4384/4225 4802/4286/4257 4824/4365/4332
f 4810/4283/4254 4835/4378/4220 4836/4390/4342
f 4848/4386/4258 4819/4288/4259 4847/4370/4336
f 4845/4387/4230 4817/4289/4260 4844/4372/4338
f 4842/4388/4232 4815/4290/4261 4841/4374/4249
f 4833/4391/4236 4808/4270/4241 4832/4380/4240
f 4830/4392/4343 4806/4415/4364 4829/4382/4198
f 4998/3794/3765 4999/3795/3766 5001/3796/3767
f 5000/3797/3768 5001/3796/3767 5003/3798/3769
f 5002/3799/3770 5003/3798/3769 5005/3800/3771
f 5004/3801/3772 5005/3800/3771 5007/3802/3773
f 5006/3803/3774 5007/3802/3773 5009/3804/3775
f 5008/3805/3776 5009/3804/3775 5011/3806/3777
f 5010/3807/3778 5011/3806/3777 5013/3808/3779
f 5012/3809/3780 5013/3808/3779 5015/3810/3781
f 5014/3811/3782 5015/3810/3781 5017/3812/3783
f 5016/3813/3784 5017/3812/3783 5019/3814/3785
f 5018/3815/3786 5019/3814/3785 5021/3816/3787
f 5020/3817/3788 5021/3816/3787 5023/3818/3789
f 5022/3819/3790 5023/3818/3789 5025/3820/3791
f 5024/3821/3792 5025/3820/3791 5026/3822/3793
f 5026/3822/3793 5027/3823/3794 5028/3824/3795
f 5028/3824/3795 5029/3825/3796 5030/3826/3797
f 5030/3826/3797 5031/3827/3798 5032/3828/3799
f 5032/3828/3799 5033/3829/3800 5034/3830/3801
f 5034/3830/3801 5035/3831/3802 5036/3832/3803
f 5036/3832/3803 5037/3833/3804 5038/3834/3805
f 5038/3834/3805 5039/3835/3806 5040/3836/3807
f 5040/3836/3807 5041/3837/3808 5042/3838/3809
f 5042/3838/3809 5043/3839/3810 5044/3840/3811
f 5044/3840/3811 5045/3841/3812 5046/3842/3813
f 5046/3842/3813 5047/3843/3814 5048/3844/3815
f 5048/3844/3815 5049/3845/3816 5050/3846/3817
f 5050/3846/3817 5051/3847/3818 5052/3848/3819
f 5052/3848/3819 5053/3849/3820 5054/3850/3821
f 5054/3850/3821 5055/3851/3822 5056/3852/3823
f 5056/3852/3823 5057/3853/3824 5058/3854/3825
f 5036/3832/3803 5038/3834/3805 5082/3855/3826
f 5060/3856/3827 5061/3857/3828 4999/3795/3766
f 5058/3854/3825 5059/3858/3829 5061/3857/3828
f 5038/3834/3805 5040/3836/3807 5083/3859/3830
f 5034/3830/3801 5036/3832/3803 5081/3860/3831
f 5032/3828/3799 5034/3830/3801 5080/3861/3832
f 5030/3826/3797 5032/3828/3799 5079/3862/3833
f 5028/3824/3795 5030/3826/3797 5078/3863/3834
f 5026/3822/3793 5028/3824/3795 5077/3864/3835
f 5024/3821/3792 5026/3822/3793 5076/3865/3836
f 5022/3819/3790 5024/3821/3792 5075/3866/3837
f 5020/3817/3788 5022/3819/3790 5074/3867/3838
f 5018/3815/3786 5020/3817/3788 5073/3868/3839
f 5016/3813/3784 5018/3815/3786 5071/3869/3840
f 5014/3811/3782 5016/3813/3784 5071/3869/3840
f 5012/3809/3780 5014/3811/3782 5070/3870/3841
f 5010/3807/3778 5012/3809/3780 5069/3871/3842
f 5008/3805/3776 5010/3807/3778 5068/3872/3843
f 5006/3803/3774 5008/3805/3776 5067/3873/3844
f 5004/3801/3772 5006/3803/3774 5066/3874/3845
f 5002/3799/3770 5004/3801/3772 5065/3875/3846
f 5000/3797/3768 5002/3799/3770 5063/3876/3847
f 5060/3856/3827 4998/3794/3765 5062/3877/3848
f 5058/3854/3825 5060/3856/3827 5093/3878/3849
f 5056/3852/3823 5058/3854/3825 5092/3879/3850
f 5054/3850/3821 5056/3852/3823 5091/3880/3851
f 5052/3848/3819 5054/3850/3821 5090/3881/3852
f 5050/3846/3817 5052/3848/3819 5089/3882/3853
f 5048/3844/3815 5050/3846/3817 5087/3883/4417
f 5046/3842/3813 5048/3844/3815 5087/3883/4417
f 5044/3840/3811 5046/3842/3813 5086/3884/3855
f 5042/3838/3809 5044/3840/3811 5085/3885/3856
f 4998/3794/3765 5000/3797/3768 5063/3876/3847
f 5040/3836/3807 5042/3838/3809 5084/3886/3857
f 5062/3877/3848 5063/3876/3847 5094/3887/3858
f 5085/3885/3856 5086/3884/3855 5106/3888/3859
f 5082/3855/3826 5083/3859/3830 5104/3889/3860
f 5079/3862/3833 5080/3861/3832 5102/3890/3861
f 5073/3868/3839 5074/3867/3838 5100/3891/3862
f 5067/3873/3844 5068/3872/3843 5096/3892/3863
f 5093/3878/3849 5062/3877/3848 5094/3887/3858
f 5090/3881/3852 5091/3880/3851 5109/3893/3864
f 5084/3886/3857 5085/3885/3856 5106/3888/3859
f 5075/3866/3837 5076/3865/3836 5101/3894/3865
f 5072/3895/3866 5073/3868/3839 5099/3896/3867
f 5069/3871/3842 5070/3870/3841 5097/3897/3868
f 5089/3882/3853 5090/3881/3852 5109/3893/3864
f 5083/3859/3830 5084/3886/3857 5104/3889/3860
f 5080/3861/3832 5081/3860/3831 5103/3898/3869
f 5562/3899/3870 5563/3900/3871 5115/3901/3872
f 5561/3902/3873 5562/3899/3870 5113/3903/3874
f 5569/3904/3875 5570/3905/3876 5128/3906/3877
f 5563/3900/3871 5564/3907/3878 5116/3908/3879
f 5568/3909/3880 5569/3904/3875 5127/3910/3881
f 5117/3911/3882 5118/3912/3883 5150/3913/3884
f 5114/3914/3885 5115/3901/3872 5147/3915/3886
f 5111/3916/3887 5112/3917/3888 5144/3918/3889
f 5140/3919/3890 5141/3920/3891 5173/3921/3892
f 5137/3922/3893 5138/3923/3894 5170/3924/3895
f 5134/3925/3896 5135/3926/3897 5167/3927/3898
f 5131/3928/3899 5132/3929/3900 5164/3930/3901
f 5128/3906/3877 5129/3931/3902 5161/3932/3903
f 5125/3933/3904 5126/3934/3905 5158/3935/3906
f 5122/3936/3907 5123/3937/3908 5155/3938/3909
f 5119/3939/3910 5120/3940/3911 5152/3941/3912
f 5116/3908/3879 5117/3911/3882 5149/3942/3913
f 5113/3903/3874 5114/3914/3885 5146/3943/3914
f 5142/3944/3915 5111/3916/3887 5143/3945/3916
f 5139/3946/3917 5140/3919/3890 5172/3947/3918
f 5136/3948/3919 5137/3922/3893 5169/3949/3920
f 5133/3950/3921 5134/3925/3896 5166/3951/3922
f 5130/3952/3923 5131/3928/3899 5163/3953/3924
f 5127/3910/3881 5128/3906/3877 5160/3954/3925
f 5124/3955/3926 5125/3933/3904 5157/3956/3927
f 5121/3957/3928 5122/3936/3907 5154/3958/3929
f 5118/3912/3883 5119/3939/3910 5151/3959/3930
f 5115/3901/3872 5116/3908/3879 5148/3960/3931
f 5112/3917/3888 5113/3903/3874 5145/3961/3932
f 5141/3920/3891 5142/3944/3915 5174/3962/3933
f 5138/3923/3894 5139/3946/3917 5171/3963/3934
f 5135/3926/3897 5136/3948/3919 5168/3964/3935
f 5132/3929/3900 5133/3950/3921 5164/3930/3901
f 5129/3931/3902 5130/3952/3923 5162/3965/3936
f 5126/3934/3905 5127/3910/3881 5159/3966/3937
f 5123/3937/3908 5124/3955/3926 5156/3967/3938
f 5120/3940/3911 5121/3957/3928 5152/3941/3912
f 5152/3941/3912 5153/3968/3939 5175/3969/3940
f 5149/3942/3913 5150/3913/3884 5175/3969/3940
f 5146/3943/3914 5147/3915/3886 5175/3969/3940
f 5143/3945/3916 5144/3918/3889 5175/3969/3940
f 5172/3947/3918 5173/3921/3892 5175/3969/3940
f 5169/3949/3920 5170/3924/3895 5175/3969/3940
f 5166/3951/3922 5167/3927/3898 5175/3969/3940
f 5163/3953/3924 5164/3930/3901 5175/3969/3940
f 5160/3954/3925 5161/3932/3903 5175/3969/3940
f 5157/3956/3927 5158/3935/3906 5175/3969/3940
f 5154/3958/3929 5155/3938/3909 5175/3969/3940
f 5151/3959/3930 5152/3941/3912 5175/3969/3940
f 5148/3960/3931 5149/3942/3913 5175/3969/3940
f 5145/3961/3932 5146/3943/3914 5175/3969/3940
f 5174/3962/3933 5143/3945/3916 5175/3969/3940
f 5171/3963/3934 5172/3947/3918 5175/3969/3940
f 5168/3964/3935 5169/3949/3920 5175/3969/3940
f 5165/3970/3941 5166/3951/3922 5175/3969/3940
f 5162/3965/3936 5163/3953/3924 5175/3969/3940
f 5159/3966/3937 5160/3954/3925 5175/3969/3940
f 5156/3967/3938 5157/3956/3927 5175/3969/3940
f 5153/3968/3939 5154/3958/3929 5175/3969/3940
f 5150/3913/3884 5151/3959/3930 5175/3969/3940
f 5147/3915/3886 5148/3960/3931 5175/3969/3940
f 5144/3918/3889 5145/3961/3932 5175/3969/3940
f 5173/3921/3892 5174/3962/3933 5175/3969/3940
f 5170/3924/3895 5171/3963/3934 5175/3969/3940
f 5167/3927/3898 5168/3964/3935 5175/3969/3940
f 5164/3930/3901 5165/3970/3941 5175/3969/3940
f 5161/3932/3903 5162/3965/3936 5175/3969/3940
f 5158/3935/3906 5159/3966/3937 5175/3969/3940
f 5155/3938/3909 5156/3967/3938 5175/3969/3940
f 5019/3814/3785 5017/3812/3783 5185/3971/3942
f 5017/3812/3783 5015/3810/3781 5184/3972/3943
f 5015/3810/3781 5013/3808/3779 5183/3973/3944
f 5013/3808/3779 5011/3806/3777 5182/3974/3945
f 5011/3806/3777 5009/3804/3775 5181/3975/3946
f 5009/3804/3775 5007/3802/3773 5181/3975/3946
f 5007/3802/3773 5005/3800/3771 5179/3976/3947
f 5005/3800/3771 5003/3798/3769 5178/3977/3948
f 5003/3798/3769 5001/3796/3767 5177/3978/3949
f 4999/3795/3766 5061/3857/3828 5176/3979/3950
f 5061/3857/3828 5059/3858/3829 5206/3980/3951
f 5059/3858/3829 5057/3853/3824 5205/3981/3952
f 5057/3853/3824 5055/3851/3822 5204/3982/3953
f 5055/3851/3822 5053/3849/3820 5203/3983/3954
f 5053/3849/3820 5051/3847/3818 5202/3984/3955
f 5051/3847/3818 5049/3845/3816 5201/3985/3956
f 5049/3845/3816 5047/3843/3814 5200/3986/3957
f 5047/3843/3814 5045/3841/3812 5199/3987/3958
f 5045/3841/3812 5043/3839/3810 5198/3988/3959
f 5001/3796/3767 4999/3795/3766 5176/3979/3950
f 5043/3839/3810 5041/3837/3808 5197/3989/3960
f 5041/3837/3808 5039/3835/3806 5196/3990/3961
f 5039/3835/3806 5037/3833/3804 5195/3991/3962
f 5037/3833/3804 5035/3831/3802 5194/3992/3963
f 5035/3831/3802 5033/3829/3800 5193/3993/3964
f 5033/3829/3800 5031/3827/3798 5192/3994/3965
f 5031/3827/3798 5029/3825/3796 5191/3995/3966
f 5029/3825/3796 5027/3823/3794 5190/3996/3967
f 5027/3823/3794 5025/3820/3791 5189/3997/3968
f 5025/3820/3791 5023/3818/3789 5189/3997/3968
f 5023/3818/3789 5021/3816/3787 5187/3998/3969
f 5021/3816/3787 5019/3814/3785 5186/3999/3970
f 5189/3997/3968 5188/4000/3971 5221/4001/3972
f 5186/3999/3970 5185/3971/3942 5217/4002/3973
f 5183/3973/3944 5182/3974/3945 5215/4003/3974
f 5180/4004/3975 5179/3976/3947 5211/4005/3976
f 5177/3978/3949 5176/3979/3950 5208/4006/3977
f 5206/3980/3951 5205/3981/3952 5237/4007/3978
f 5203/3983/3954 5202/3984/3955 5234/4008/3979
f 5200/3986/3957 5199/3987/3958 5231/4009/3980
f 5197/3989/3960 5196/3990/3961 5228/4010/3981
f 5194/3992/3963 5193/3993/3964 5225/4011/3982
f 5191/3995/3966 5190/3996/3967 5222/4012/3983
f 5188/4000/3971 5187/3998/3969 5219/4013/3984
f 5185/3971/3942 5184/3972/3943 5217/4002/3973
f 5182/3974/3945 5181/3975/3946 5214/4014/3985
f 5179/3976/3947 5178/3977/3948 5210/4015/3986
f 5176/3979/3950 5207/4016/3987 5239/4017/3988
f 5205/3981/3952 5204/3982/3953 5237/4007/3978
f 5202/3984/3955 5201/3985/3956 5233/4018/3989
f 5199/3987/3958 5198/3988/3959 5230/4019/3990
f 5196/3990/3961 5195/3991/3962 5227/4020/3991
f 5193/3993/3964 5192/3994/3965 5225/4011/3982
f 5190/3996/3967 5189/3997/3968 5222/4012/3983
f 5187/3998/3969 5186/3999/3970 5219/4013/3984
f 5184/3972/3943 5183/3973/3944 5216/4021/3992
f 5181/3975/3946 5180/4004/3975 5213/4022/3993
f 5178/3977/3948 5177/3978/3949 5209/4023/3994
f 5207/4016/3987 5206/3980/3951 5238/4024/3995
f 5204/3982/3953 5203/3983/3954 5235/4025/3996
f 5201/3985/3956 5200/3986/3957 5233/4018/3989
f 5198/3988/3959 5197/3989/3960 5229/4026/3997
f 5195/3991/3962 5194/3992/3963 5226/4027/3998
f 5192/3994/3965 5191/3995/3966 5224/4028/3999
f 5224/4028/3999 5223/4029/4000 5255/4030/4001
f 5221/4001/3972 5220/4031/4002 5253/4032/4003
f 5218/4033/4004 5217/4002/3973 5250/4034/4005
f 5215/4003/3974 5214/4014/3985 5246/4035/4006
f 5212/4036/4007 5211/4005/3976 5243/4037/4008
f 5209/4023/3994 5208/4006/3977 5240/4038/4009
f 5238/4024/3995 5237/4007/3978 5269/4039/4010
f 5235/4025/3996 5234/4008/3979 5266/4040/4011
f 5232/4041/4012 5231/4009/3980 5263/4042/4013
f 5229/4026/3997 5228/4010/3981 5260/4043/4014
f 5226/4027/3998 5225/4011/3982 5258/4044/4015
f 5223/4029/4000 5222/4012/3983 5254/4045/4016
f 5220/4031/4002 5219/4013/3984 5251/4046/4017
f 5217/4002/3973 5216/4021/3992 5249/4047/4018
f 5214/4014/3985 5213/4022/3993 5245/4048/4019
f 5211/4005/3976 5210/4015/3986 5242/4049/4020
f 5208/4006/3977 5239/4017/3988 5240/4038/4009
f 5237/4007/3978 5236/4050/4021 5268/4051/4022
f 5234/4008/3979 5233/4018/3989 5265/4052/4418
f 5231/4009/3980 5230/4019/3990 5262/4053/4024
f 5228/4010/3981 5227/4020/3991 5259/4054/4025
f 5225/4011/3982 5224/4028/3999 5257/4055/4026
f 5222/4012/3983 5221/4001/3972 5254/4045/4016
f 5219/4013/3984 5218/4033/4004 5250/4034/4005
f 5216/4021/3992 5215/4003/3974 5247/4056/4027
f 5213/4022/3993 5212/4036/4007 5245/4048/4019
f 5210/4015/3986 5209/4023/3994 5242/4049/4020
f 5239/4017/3988 5238/4024/3995 5270/4057/4028
f 5236/4050/4021 5235/4025/3996 5267/4058/4029
f 5233/4018/3989 5232/4041/4012 5265/4052/4418
f 5230/4019/3990 5229/4026/3997 5261/4059/4030
f 5227/4020/3991 5226/4027/3998 5258/4044/4015
f 5287/4060/4031 5255/4030/4001 5286/4061/4032
f 5256/4062/4033 5255/4030/4001 5288/4063/4034
f 5253/4032/4003 5252/4064/4035 5285/4065/4036
f 5280/4066/4037 5248/4067/4038 5279/4068/4039
f 5247/4056/4027 5246/4035/4006 5279/4068/4039
f 5275/4069/4040 5243/4037/4008 5242/4049/4020
f 5272/4070/4041 5240/4038/4009 5303/4071/4042
f 5300/4072/4043 5268/4051/4022 5299/4073/4044
f 5298/4074/4045 5266/4040/4011 5297/4075/4046
f 5295/4076/4047 5263/4042/4013 5294/4077/4048
f 5261/4059/4030 5260/4043/4014 5293/4078/4049
f 5258/4044/4015 5257/4055/4026 5290/4079/4050
f 5282/4080/4051 5250/4034/4005 5249/4047/4018
f 5252/4064/4035 5251/4046/4017 5284/4081/4052
f 5249/4047/4018 5248/4067/4038 5281/4082/4053
f 5246/4035/4006 5245/4048/4019 5278/4083/4054
f 5273/4084/4055 5241/4085/4056 5272/4070/4041
f 5303/4071/4042 5271/4086/4057 5302/4087/4058
f 5269/4039/4010 5268/4051/4022 5301/4088/4059
f 5296/4089/4060 5264/4090/4061 5295/4076/4047
f 5294/4077/4048 5262/4053/4024 5293/4078/4049
f 5260/4043/4014 5259/4054/4025 5292/4091/4062
f 5257/4055/4026 5256/4062/4033 5289/4092/4063
f 5254/4045/4016 5253/4032/4003 5286/4061/4032
f 5251/4046/4017 5250/4034/4005 5283/4093/4064
f 5276/4094/4065 5244/4095/4066 5275/4069/4040
f 5245/4048/4019 5244/4095/4066 5277/4096/4067
f 5242/4049/4020 5241/4085/4056 5274/4097/4068
f 5302/4087/4058 5270/4057/4028 5301/4088/4059
f 5291/4098/4069 5259/4054/4025 5290/4079/4050
f 5294/4077/4048 5293/4078/4049 5325/4099/4070
f 5291/4098/4069 5290/4079/4050 5322/4100/4071
f 5288/4063/4034 5287/4060/4031 5320/4101/4072
f 5285/4065/4036 5284/4081/4052 5317/4102/4073
f 5282/4080/4051 5281/4082/4053 5313/4103/4074
f 5279/4068/4039 5278/4083/4054 5311/4104/4075
f 5276/4094/4065 5275/4069/4040 5307/4105/4076
f 5273/4084/4055 5272/4070/4041 5304/4106/4077
f 5302/4087/4058 5301/4088/4059 5333/4107/4078
f 5299/4073/4044 5298/4074/4045 5330/4108/4079
f 5296/4089/4060 5295/4076/4047 5327/4109/4080
f 5293/4078/4049 5292/4091/4062 5324/4110/4081
f 5290/4079/4050 5289/4092/4063 5322/4100/4071
f 5287/4060/4031 5286/4061/4032 5318/4111/4082
f 5284/4081/4052 5283/4093/4064 5315/4112/4083
f 5281/4082/4053 5280/4066/4037 5313/4103/4074
f 5278/4083/4054 5277/4096/4067 5309/4113/4084
f 5275/4069/4040 5274/4097/4068 5307/4105/4076
f 5272/4070/4041 5303/4071/4042 5335/4114/4085
f 5301/4088/4059 5300/4072/4043 5333/4107/4078
f 5298/4074/4045 5297/4075/4046 5329/4115/4086
f 5295/4076/4047 5294/4077/4048 5326/4116/4087
f 5292/4091/4062 5291/4098/4069 5324/4110/4081
f 5289/4092/4063 5288/4063/4034 5321/4117/4088
f 5286/4061/4032 5285/4065/4036 5318/4111/4082
f 5283/4093/4064 5282/4080/4051 5315/4112/4083
f 5280/4066/4037 5279/4068/4039 5311/4104/4075
f 5277/4096/4067 5276/4094/4065 5309/4113/4084
f 5274/4097/4068 5273/4084/4055 5305/4118/4089
f 5303/4071/4042 5302/4087/4058 5334/4119/4090
f 5300/4072/4043 5299/4073/4044 5331/4120/4091
f 5297/4075/4046 5296/4089/4060 5329/4115/4086
f 5329/4115/4086 5328/4121/4092 5361/4122/4093
f 5326/4116/4087 5325/4099/4070 5357/4123/4094
f 5323/4124/4095 5322/4100/4071 5354/4125/4096
f 5320/4101/4072 5319/4126/4097 5351/4127/4098
f 5317/4102/4073 5316/4128/4099 5349/4129/4100
f 5314/4130/4101 5313/4103/4074 5345/4131/4102
f 5311/4104/4075 5310/4132/4103 5343/4133/4104
f 5308/4134/4105 5307/4105/4076 5339/4135/4106
f 5305/4118/4089 5304/4106/4077 5336/4136/4107
f 5334/4119/4090 5333/4107/4078 5365/4137/4108
f 5331/4120/4091 5330/4108/4079 5362/4138/4109
f 5328/4121/4092 5327/4109/4080 5359/4139/4110
f 5325/4099/4070 5324/4110/4081 5356/4140/4111
f 5322/4100/4071 5321/4117/4088 5354/4125/4096
f 5319/4126/4097 5318/4111/4082 5350/4141/4112
f 5316/4128/4099 5315/4112/4083 5347/4142/4113
f 5313/4103/4074 5312/4143/4114 5345/4131/4102
f 5310/4132/4103 5309/4113/4084 5341/4144/4115
f 5307/4105/4076 5306/4145/4116 5339/4135/4106
f 5304/4106/4077 5335/4114/4085 5367/4146/4117
f 5333/4107/4078 5332/4147/4118 5365/4137/4108
f 5330/4108/4079 5329/4115/4086 5361/4122/4093
f 5327/4109/4080 5326/4116/4087 5358/4148/4119
f 5324/4110/4081 5323/4124/4095 5356/4140/4111
f 5321/4117/4088 5320/4101/4072 5353/4149/4120
f 5318/4111/4082 5317/4102/4073 5350/4141/4112
f 5315/4112/4083 5314/4130/4101 5347/4142/4113
f 5312/4143/4114 5311/4104/4075 5343/4133/4104
f 5309/4113/4084 5308/4134/4105 5341/4144/4115
f 5306/4145/4116 5305/4118/4089 5337/4150/4121
f 5335/4114/4085 5334/4119/4090 5366/4151/4122
f 5332/4147/4118 5331/4120/4091 5363/4152/4123
f 5364/4153/4124 5363/4152/4123 5395/4154/4125
f 5361/4122/4093 5360/4155/4126 5393/4156/4127
f 5358/4148/4119 5357/4123/4094 5389/4157/4128
f 5355/4158/4129 5354/4125/4096 5386/4159/4130
f 5352/4160/4131 5351/4127/4098 5383/4161/4132
f 5349/4129/4100 5348/4162/4133 5381/4163/4134
f 5346/4164/4135 5345/4131/4102 5377/4165/4136
f 5343/4133/4104 5342/4166/4137 5374/4167/4138
f 5340/4168/4139 5339/4135/4106 5371/4169/4140
f 5337/4150/4121 5336/4136/4107 5369/4170/4141
f 5366/4151/4122 5365/4137/4108 5397/4171/4142
f 5363/4152/4123 5362/4138/4109 5394/4172/4143
f 5360/4155/4126 5359/4139/4110 5391/4173/4144
f 5357/4123/4094 5356/4140/4111 5388/4174/4145
f 5354/4125/4096 5353/4149/4120 5386/4159/4130
f 5351/4127/4098 5350/4141/4112 5382/4175/4146
f 5348/4162/4133 5347/4142/4113 5380/4176/4147
f 5345/4131/4102 5344/4177/4148 5377/4165/4136
f 5342/4166/4137 5341/4144/4115 5373/4178/4149
f 5339/4135/4106 5338/4179/4150 5371/4169/4140
f 5336/4136/4107 5367/4146/4117 5399/4180/4151
f 5365/4137/4108 5364/4153/4124 5397/4171/4142
f 5362/4138/4109 5361/4122/4093 5393/4156/4127
f 5359/4139/4110 5358/4148/4119 5390/4181/4152
f 5356/4140/4111 5355/4158/4129 5388/4174/4145
f 5353/4149/4120 5352/4160/4131 5385/4182/4153
f 5350/4141/4112 5349/4129/4100 5382/4175/4146
f 5347/4142/4113 5346/4164/4135 5379/4183/4154
f 5344/4177/4148 5343/4133/4104 5375/4184/4155
f 5341/4144/4115 5340/4168/4139 5373/4178/4149
f 5338/4179/4150 5337/4150/4121 5369/4170/4141
f 5367/4146/4117 5366/4151/4122 5398/4185/4156
f 5396/4186/4157 5395/4154/4125 5410/4187/4158
f 5393/4156/4127 5392/4188/4159 5409/4189/4160
f 5390/4181/4152 5389/4157/4128 5407/4190/4161
f 5384/4191/4162 5383/4161/4132 5405/4192/4163
f 5381/4163/4134 5380/4176/4147 5404/4193/4164
f 5372/4194/4165 5371/4169/4140 5400/4195/4166
f 5392/4188/4159 5391/4173/4144 5409/4189/4160
f 5389/4157/4128 5388/4174/4145 5407/4190/4161
f 5371/4169/4140 5370/4196/4167 5400/4195/4166
f 5376/4197/4168 5375/4184/4155 5401/4198/4169
f 5578/4199/4170 5576/4200/4171 5414/4201/4172
f 5583/4202/4173 5582/4203/4174 5422/4204/4175
f 5576/4200/4171 5577/4205/4176 5412/4206/4177
f 5588/4207/4178 5587/4208/4179 5430/4209/4180
f 5581/4210/4181 5580/4211/4182 5417/4212/4183
f 5577/4205/4176 5595/4213/4184 5443/4214/4185
f 5594/4215/4186 5593/4216/4187 5441/4217/4188
f 5592/4218/4189 5591/4219/4190 5437/4220/4191
f 5587/4208/4179 5586/4221/4192 5429/4222/4193
f 5584/4223/4194 5583/4202/4173 5422/4204/4175
f 5580/4211/4182 5579/4224/4195 5417/4212/4183
f 5420/4225/4196 5419/4226/4197 5451/4227/4198
f 5417/4212/4183 5416/4228/4199 5449/4229/4200
f 5414/4201/4172 5413/4230/4201 5445/4231/4202
f 5443/4214/4185 5442/4232/4203 5474/4233/4204
f 5440/4234/4205 5439/4235/4206 5471/4236/4207
f 5437/4220/4191 5436/4237/4208 5469/4238/4209
f 5434/4239/4210 5433/4240/4211 5465/4241/4212
f 5431/4242/4213 5430/4209/4180 5462/4243/4419
f 5428/4244/4215 5427/4245/4216 5459/4246/4217
f 5425/4247/4218 5424/4248/4219 5457/4249/4220
f 5422/4204/4175 5421/4250/4221 5453/4251/4222
f 5419/4226/4197 5418/4252/4223 5451/4227/4198
f 5416/4228/4199 5415/4253/4224 5447/4254/4225
f 5413/4230/4201 5412/4206/4177 5444/4255/4226
f 5442/4232/4203 5441/4217/4188 5473/4256/4227
f 5439/4235/4206 5438/4257/4228 5471/4236/4207
f 5436/4237/4208 5435/4258/4229 5467/4259/4230
f 5433/4240/4211 5432/4260/4231 5464/4261/4232
f 5430/4209/4180 5429/4222/4193 5462/4243/4419
f 5427/4245/4216 5426/4262/4233 5458/4263/4234
f 5424/4248/4219 5423/4264/4235 5455/4265/4236
f 5421/4250/4221 5420/4225/4196 5453/4251/4222
f 5418/4252/4223 5417/4212/4183 5449/4229/4200
f 5415/4253/4224 5414/4201/4172 5446/4266/4237
f 5412/4206/4177 5443/4214/4185 5444/4255/4226
f 5441/4217/4188 5440/4234/4205 5473/4256/4227
f 5438/4257/4228 5437/4220/4191 5469/4238/4209
f 5435/4258/4229 5434/4239/4210 5466/4267/4238
f 5432/4260/4231 5431/4242/4213 5464/4261/4232
f 5429/4222/4193 5428/4244/4215 5461/4268/4239
f 5426/4262/4233 5425/4247/4218 5458/4263/4234
f 5423/4264/4235 5422/4204/4175 5454/4269/4240
f 5455/4265/4236 5454/4269/4240 5482/4270/4241
f 5452/4271/4242 5451/4227/4198 5479/4272/4243
f 5449/4229/4200 5448/4273/4244 5477/4274/4245
f 5469/4238/4209 5468/4275/4246 5492/4276/4247
f 5466/4267/4238 5465/4241/4212 5490/4277/4248
f 5463/4278/4249 5462/4243/4419 5488/4279/4420
f 5460/4280/4251 5459/4246/4217 5486/4281/4252
f 5457/4249/4220 5456/4282/4253 5484/4283/4254
f 5454/4269/4240 5453/4251/4222 5481/4284/4255
f 5451/4227/4198 5450/4285/4256 5479/4272/4243
f 5448/4273/4244 5447/4254/4225 5476/4286/4257
f 5471/4236/4207 5470/4287/4258 5493/4288/4259
f 5468/4275/4246 5467/4259/4230 5491/4289/4260
f 5465/4241/4212 5464/4261/4232 5489/4290/4261
f 5462/4243/4419 5461/4268/4239 5488/4279/4420
f 5459/4246/4217 5458/4263/4234 5485/4291/4262
f 5456/4282/4253 5455/4265/4236 5482/4270/4241
f 5453/4251/4222 5452/4271/4242 5481/4284/4255
f 5450/4285/4256 5449/4229/4200 5477/4274/4245
f 5470/4287/4258 5469/4238/4209 5492/4276/4247
f 5464/4261/4232 5463/4278/4249 5489/4290/4261
f 5458/4263/4234 5457/4249/4220 5485/4291/4262
f 5598/4292/4263 5596/4293/4264 5497/4294/4202
f 5596/4293/4264 5597/4295/4265 5496/4296/4266
f 5597/4295/4265 5607/4297/4267 5496/4296/4266
f 5609/4298/4268 5608/4299/4269 5533/4300/4270
f 5611/4301/4271 5610/4302/4272 5530/4303/4273
f 5613/4304/4274 5612/4305/4275 5558/4306/4276
f 5615/4307/4277 5614/4308/4278 5555/4309/4279
f 5617/4310/4280 5616/4311/4281 5552/4312/4282
f 5619/4313/4283 5618/4314/4284 5549/4315/4285
f 5621/4316/4286 5620/4317/4287 5546/4318/4288
f 5623/4319/4289 5622/4320/4290 5543/4321/4291
f 5625/4322/4292 5624/4323/4293 5541/4324/4294
f 5627/4325/4295 5626/4326/4296 5537/4327/4297
f 5629/4328/4298 5628/4329/4299 5535/4330/4300
f 5608/4299/4269 5630/4331/4301 5531/4332/4302
f 5610/4302/4272 5631/4333/4303 5528/4334/4304
f 5612/4305/4275 5632/4335/4305 5557/4336/4306
f 5614/4308/4278 5633/4337/4307 5554/4338/4308
f 5616/4311/4281 5634/4339/4309 5552/4312/4282
f 5618/4314/4284 5635/4340/4310 5548/4341/4311
f 5620/4317/4287 5636/4342/4312 5545/4343/4313
f 5622/4320/4290 5637/4344/4314 5542/4345/4315
f 5624/4323/4293 5638/4346/4316 5540/4347/4317
f 5626/4326/4296 5639/4348/4318 5537/4327/4297
f 5628/4329/4299 5609/4298/4268 5533/4300/4270
f 5630/4331/4301 5611/4301/4271 5530/4303/4273
f 5631/4333/4303 5613/4304/4274 5528/4334/4304
f 5632/4335/4305 5615/4307/4277 5556/4349/4319
f 5633/4337/4307 5617/4310/4280 5553/4350/4320
f 5634/4339/4309 5619/4313/4283 5551/4351/4321
f 5635/4340/4310 5621/4316/4286 5548/4341/4311
f 5636/4342/4312 5623/4319/4289 5545/4343/4313
f 5637/4344/4314 5625/4322/4292 5542/4345/4315
f 5638/4346/4316 5627/4325/4295 5539/4352/4322
f 5639/4348/4318 5629/4328/4298 5535/4330/4300
f 5536/4353/4323 5535/4330/4300 5560/4354/1215
f 5533/4300/4270 5532/4355/4324 5560/4354/1215
f 5530/4303/4273 5529/4356/4325 5560/4354/1215
f 5559/4357/4326 5558/4306/4276 5560/4354/1215
f 5556/4349/4319 5555/4309/4279 5560/4354/1215
f 5553/4350/4320 5552/4312/4282 5560/4354/1215
f 5550/4358/4327 5549/4315/4285 5560/4354/1215
f 5547/4359/4328 5546/4318/4288 5560/4354/1215
f 5544/4360/4329 5543/4321/4291 5560/4354/1215
f 5541/4324/4294 5540/4347/4317 5560/4354/1215
f 5538/4361/4330 5537/4327/4297 5560/4354/1215
f 5535/4330/4300 5534/4362/4331 5560/4354/1215
f 5532/4355/4324 5531/4332/4302 5560/4354/1215
f 5529/4356/4325 5528/4334/4304 5560/4354/1215
f 5558/4306/4276 5557/4336/4306 5560/4354/1215
f 5555/4309/4279 5554/4338/4308 5560/4354/1215
f 5552/4312/4282 5551/4351/4321 5560/4354/1215
f 5549/4315/4285 5548/4341/4311 5560/4354/1215
f 5546/4318/4288 5545/4343/4313 5560/4354/1215
f 5543/4321/4291 5542/4345/4315 5560/4354/1215
f 5540/4347/4317 5539/4352/4322 5560/4354/1215
f 5537/4327/4297 5536/4353/4323 5560/4354/1215
f 5534/4362/4331 5533/4300/4270 5560/4354/1215
f 5531/4332/4302 5530/4303/4273 5560/4354/1215
f 5528/4334/4304 5559/4357/4326 5560/4354/1215
f 5557/4336/4306 5556/4349/4319 5560/4354/1215
f 5554/4338/4308 5553/4350/4320 5560/4354/1215
f 5551/4351/4321 5550/4358/4327 5560/4354/1215
f 5548/4341/4311 5547/4359/4328 5560/4354/1215
f 5545/4343/4313 5544/4360/4329 5560/4354/1215
f 5542/4345/4315 5541/4324/4294 5560/4354/1215
f 5539/4352/4322 5538/4361/4330 5560/4354/1215
f 5501/4363/4200 5500/4364/4244 5609/4298/4268
f 5498/4365/4332 5497/4294/4202 5611/4301/4271
f 5527/4366/4333 5526/4367/4334 5612/4305/4275
f 5524/4368/4335 5523/4369/4207 5614/4308/4278
f 5521/4370/4336 5520/4371/4337 5617/4310/4280
f 5518/4372/4338 5517/4373/4212 5618/4314/4284
f 5515/4374/4249 5514/4375/4214 5620/4317/4287
f 5512/4376/4339 5511/4377/4217 5622/4320/4290
f 5509/4378/4220 5508/4379/4253 5625/4322/4292
f 5506/4380/4240 5505/4381/4340 5626/4326/4296
f 5503/4382/4198 5502/4383/4341 5628/4329/4299
f 5500/4364/4244 5499/4384/4225 5630/4331/4301
f 5497/4294/4202 5496/4296/4266 5631/4333/4303
f 5526/4367/4334 5525/4385/4227 5632/4335/4305
f 5523/4369/4207 5522/4386/4258 5633/4337/4307
f 5520/4371/4337 5519/4387/4230 5616/4311/4281
f 5517/4373/4212 5516/4388/4232 5635/4340/4310
f 5514/4375/4214 5513/4389/4239 5620/4317/4287
f 5511/4377/4217 5510/4390/4342 5637/4344/4314
f 5508/4379/4253 5507/4391/4236 5638/4346/4316
f 5505/4381/4340 5504/4392/4343 5626/4326/4296
f 5502/4383/4341 5501/4363/4200 5609/4298/4268
f 5499/4384/4225 5498/4365/4332 5611/4301/4271
f 5496/4296/4266 5527/4366/4333 5613/4304/4274
f 5525/4385/4227 5524/4368/4335 5632/4335/4305
f 5522/4386/4258 5521/4370/4336 5617/4310/4280
f 5519/4387/4230 5518/4372/4338 5619/4313/4283
f 5516/4388/4232 5515/4374/4249 5635/4340/4310
f 5513/4389/4239 5512/4376/4339 5636/4342/4312
f 5510/4390/4342 5509/4378/4220 5637/4344/4314
f 5507/4391/4236 5506/4380/4240 5638/4346/4316
f 5504/4392/4343 5503/4382/4198 5629/4328/4298
f 5265/4052/4418 5264/4090/4061 5297/4075/4046
f 5299/4073/4044 5267/4058/4029 5298/4074/4045
f 5000/3797/3768 4998/3794/3765 5001/3796/3767
f 5002/3799/3770 5000/3797/3768 5003/3798/3769
f 5004/3801/3772 5002/3799/3770 5005/3800/3771
f 5006/3803/3774 5004/3801/3772 5007/3802/3773
f 5008/3805/3776 5006/3803/3774 5009/3804/3775
f 5010/3807/3778 5008/3805/3776 5011/3806/3777
f 5012/3809/3780 5010/3807/3778 5013/3808/3779
f 5014/3811/3782 5012/3809/3780 5015/3810/3781
f 5016/3813/3784 5014/3811/3782 5017/3812/3783
f 5018/3815/3786 5016/3813/3784 5019/3814/3785
f 5020/3817/3788 5018/3815/3786 5021/3816/3787
f 5022/3819/3790 5020/3817/3788 5023/3818/3789
f 5024/3821/3792 5022/3819/3790 5025/3820/3791
f 5027/3823/3794 5029/3825/3796 5028/3824/3795
f 5055/3851/3822 5057/3853/3824 5056/3852/3823
f 5029/3825/3796 5031/3827/3798 5030/3826/3797
f 5031/3827/3798 5033/3829/3800 5032/3828/3799
f 5033/3829/3800 5035/3831/3802 5034/3830/3801
f 5035/3831/3802 5037/3833/3804 5036/3832/3803
f 5037/3833/3804 5039/3835/3806 5038/3834/3805
f 5039/3835/3806 5041/3837/3808 5040/3836/3807
f 5041/3837/3808 5043/3839/3810 5042/3838/3809
f 5043/3839/3810 5045/3841/3812 5044/3840/3811
f 5045/3841/3812 5047/3843/3814 5046/3842/3813
f 5047/3843/3814 5049/3845/3816 5048/3844/3815
f 5049/3845/3816 5051/3847/3818 5050/3846/3817
f 5051/3847/3818 5053/3849/3820 5052/3848/3819
f 5053/3849/3820 5055/3851/3822 5054/3850/3821
f 5057/3853/3824 5059/3858/3829 5058/3854/3825
f 5018/3815/3786 5072/3895/3866 5071/3869/3840
f 5081/3860/3831 5036/3832/3803 5082/3855/3826
f 4998/3794/3765 5060/3856/3827 4999/3795/3766
f 5060/3856/3827 5058/3854/3825 5061/3857/3828
f 5082/3855/3826 5038/3834/3805 5083/3859/3830
f 5080/3861/3832 5034/3830/3801 5081/3860/3831
f 5079/3862/3833 5032/3828/3799 5080/3861/3832
f 5078/3863/3834 5030/3826/3797 5079/3862/3833
f 5077/3864/3835 5028/3824/3795 5078/3863/3834
f 5076/3865/3836 5026/3822/3793 5077/3864/3835
f 5075/3866/3837 5024/3821/3792 5076/3865/3836
f 5074/3867/3838 5022/3819/3790 5075/3866/3837
f 5073/3868/3839 5020/3817/3788 5074/3867/3838
f 5072/3895/3866 5018/3815/3786 5073/3868/3839
f 5002/3799/3770 5064/4393/4344 5063/3876/3847
f 5070/3870/3841 5014/3811/3782 5071/3869/3840
f 5069/3871/3842 5012/3809/3780 5070/3870/3841
f 5068/3872/3843 5010/3807/3778 5069/3871/3842
f 5067/3873/3844 5008/3805/3776 5068/3872/3843
f 5066/3874/3845 5006/3803/3774 5067/3873/3844
f 5065/3875/3846 5004/3801/3772 5066/3874/3845
f 5064/4393/4344 5002/3799/3770 5065/3875/3846
f 5050/3846/3817 5088/4394/4345 5087/3883/4417
f 5093/3878/3849 5060/3856/3827 5062/3877/3848
f 5092/3879/3850 5058/3854/3825 5093/3878/3849
f 5091/3880/3851 5056/3852/3823 5092/3879/3850
f 5090/3881/3852 5054/3850/3821 5091/3880/3851
f 5089/3882/3853 5052/3848/3819 5090/3881/3852
f 5088/4394/4345 5050/3846/3817 5089/3882/3853
f 5063/3876/3847 5095/4395/4346 5094/3887/3858
f 5086/3884/3855 5046/3842/3813 5087/3883/4417
f 5085/3885/3856 5044/3840/3811 5086/3884/3855
f 5084/3886/3857 5042/3838/3809 5085/3885/3856
f 5062/3877/3848 4998/3794/3765 5063/3876/3847
f 5083/3859/3830 5040/3836/3807 5084/3886/3857
f 5099/3896/3867 5073/3868/3839 5100/3891/3862
f 5105/4396/4347 5084/3886/3857 5106/3888/3859
f 5098/4397/4348 5072/3895/3866 5099/3896/3867
f 5108/4398/4349 5089/3882/3853 5109/3893/3864
f 5084/3886/3857 5105/4396/4347 5104/3889/3860
f 5102/3890/3861 5080/3861/3832 5103/3898/3869
f 5114/3914/3885 5562/3899/3870 5115/3901/3872
f 5140/3919/3890 5574/4399/4350 5141/3920/3891
f 5572/4400/4351 5135/3926/3897 5134/3925/3896
f 5131/3928/3899 5571/4401/4352 5132/3929/3900
f 5562/3899/3870 5114/3914/3885 5113/3903/3874
f 5116/3908/3879 5564/3907/3878 5117/3911/3882
f 5575/4402/4353 5142/3944/3915 5141/3920/3891
f 5142/3944/3915 5575/4402/4353 5111/3916/3887
f 5127/3910/3881 5569/3904/3875 5128/3906/3877
f 5124/3955/3926 5567/4403/4354 5125/3933/3904
f 5118/3912/3883 5565/4404/4355 5119/3939/3910
f 5115/3901/3872 5563/3900/3871 5116/3908/3879
f 5135/3926/3897 5572/4400/4351 5136/3948/3919
f 5133/3950/3921 5165/3970/3941 5164/3930/3901
f 5126/3934/3905 5568/3909/3880 5127/3910/3881
f 5120/3940/3911 5566/4405/4356 5121/3957/3928
f 5149/3942/3913 5117/3911/3882 5150/3913/3884
f 5146/3943/3914 5114/3914/3885 5147/3915/3886
f 5143/3945/3916 5111/3916/3887 5144/3918/3889
f 5172/3947/3918 5140/3919/3890 5173/3921/3892
f 5169/3949/3920 5137/3922/3893 5170/3924/3895
f 5166/3951/3922 5134/3925/3896 5167/3927/3898
f 5163/3953/3924 5131/3928/3899 5164/3930/3901
f 5160/3954/3925 5128/3906/3877 5161/3932/3903
f 5157/3956/3927 5125/3933/3904 5158/3935/3906
f 5154/3958/3929 5122/3936/3907 5155/3938/3909
f 5151/3959/3930 5119/3939/3910 5152/3941/3912
f 5148/3960/3931 5116/3908/3879 5149/3942/3913
f 5145/3961/3932 5113/3903/3874 5146/3943/3914
f 5174/3962/3933 5142/3944/3915 5143/3945/3916
f 5171/3963/3934 5139/3946/3917 5172/3947/3918
f 5168/3964/3935 5136/3948/3919 5169/3949/3920
f 5165/3970/3941 5133/3950/3921 5166/3951/3922
f 5162/3965/3936 5130/3952/3923 5163/3953/3924
f 5159/3966/3937 5127/3910/3881 5160/3954/3925
f 5156/3967/3938 5124/3955/3926 5157/3956/3927
f 5153/3968/3939 5121/3957/3928 5154/3958/3929
f 5150/3913/3884 5118/3912/3883 5151/3959/3930
f 5147/3915/3886 5115/3901/3872 5148/3960/3931
f 5144/3918/3889 5112/3917/3888 5145/3961/3932
f 5173/3921/3892 5141/3920/3891 5174/3962/3933
f 5170/3924/3895 5138/3923/3894 5171/3963/3934
f 5167/3927/3898 5135/3926/3897 5168/3964/3935
f 5121/3957/3928 5153/3968/3939 5152/3941/3912
f 5161/3932/3903 5129/3931/3902 5162/3965/3936
f 5158/3935/3906 5126/3934/3905 5159/3966/3937
f 5155/3938/3909 5123/3937/3908 5156/3967/3938
f 5007/3802/3773 5180/4004/3975 5181/3975/3946
f 5186/3999/3970 5019/3814/3785 5185/3971/3942
f 5185/3971/3942 5017/3812/3783 5184/3972/3943
f 5184/3972/3943 5015/3810/3781 5183/3973/3944
f 5183/3973/3944 5013/3808/3779 5182/3974/3945
f 5182/3974/3945 5011/3806/3777 5181/3975/3946
f 5061/3857/3828 5207/4016/3987 5176/3979/3950
f 5180/4004/3975 5007/3802/3773 5179/3976/3947
f 5179/3976/3947 5005/3800/3771 5178/3977/3948
f 5178/3977/3948 5003/3798/3769 5177/3978/3949
f 5023/3818/3789 5188/4000/3971 5189/3997/3968
f 5207/4016/3987 5061/3857/3828 5206/3980/3951
f 5206/3980/3951 5059/3858/3829 5205/3981/3952
f 5205/3981/3952 5057/3853/3824 5204/3982/3953
f 5204/3982/3953 5055/3851/3822 5203/3983/3954
f 5203/3983/3954 5053/3849/3820 5202/3984/3955
f 5202/3984/3955 5051/3847/3818 5201/3985/3956
f 5201/3985/3956 5049/3845/3816 5200/3986/3957
f 5200/3986/3957 5047/3843/3814 5199/3987/3958
f 5199/3987/3958 5045/3841/3812 5198/3988/3959
f 5177/3978/3949 5001/3796/3767 5176/3979/3950
f 5198/3988/3959 5043/3839/3810 5197/3989/3960
f 5197/3989/3960 5041/3837/3808 5196/3990/3961
f 5196/3990/3961 5039/3835/3806 5195/3991/3962
f 5195/3991/3962 5037/3833/3804 5194/3992/3963
f 5194/3992/3963 5035/3831/3802 5193/3993/3964
f 5193/3993/3964 5033/3829/3800 5192/3994/3965
f 5192/3994/3965 5031/3827/3798 5191/3995/3966
f 5191/3995/3966 5029/3825/3796 5190/3996/3967
f 5190/3996/3967 5027/3823/3794 5189/3997/3968
f 5182/3974/3945 5214/4014/3985 5215/4003/3974
f 5188/4000/3971 5023/3818/3789 5187/3998/3969
f 5187/3998/3969 5021/3816/3787 5186/3999/3970
f 5188/4000/3971 5220/4031/4002 5221/4001/3972
f 5218/4033/4004 5186/3999/3970 5217/4002/3973
f 5184/3972/3943 5216/4021/3992 5217/4002/3973
f 5212/4036/4007 5180/4004/3975 5211/4005/3976
f 5209/4023/3994 5177/3978/3949 5208/4006/3977
f 5238/4024/3995 5206/3980/3951 5237/4007/3978
f 5235/4025/3996 5203/3983/3954 5234/4008/3979
f 5232/4041/4012 5200/3986/3957 5231/4009/3980
f 5229/4026/3997 5197/3989/3960 5228/4010/3981
f 5226/4027/3998 5194/3992/3963 5225/4011/3982
f 5223/4029/4000 5191/3995/3966 5222/4012/3983
f 5220/4031/4002 5188/4000/3971 5219/4013/3984
f 5181/3975/3946 5213/4022/3993 5214/4014/3985
f 5204/3982/3953 5236/4050/4021 5237/4007/3978
f 5211/4005/3976 5179/3976/3947 5210/4015/3986
f 5208/4006/3977 5176/3979/3950 5239/4017/3988
f 5192/3994/3965 5224/4028/3999 5225/4011/3982
f 5234/4008/3979 5202/3984/3955 5233/4018/3989
f 5231/4009/3980 5199/3987/3958 5230/4019/3990
f 5228/4010/3981 5196/3990/3961 5227/4020/3991
f 5186/3999/3970 5218/4033/4004 5219/4013/3984
f 5189/3997/3968 5221/4001/3972 5222/4012/3983
f 5183/3973/3944 5215/4003/3974 5216/4021/3992
f 5200/3986/3957 5232/4041/4012 5233/4018/3989
f 5180/4004/3975 5212/4036/4007 5213/4022/3993
f 5210/4015/3986 5178/3977/3948 5209/4023/3994
f 5239/4017/3988 5207/4016/3987 5238/4024/3995
f 5236/4050/4021 5204/3982/3953 5235/4025/3996
f 5191/3995/3966 5223/4029/4000 5224/4028/3999
f 5230/4019/3990 5198/3988/3959 5229/4026/3997
f 5227/4020/3991 5195/3991/3962 5226/4027/3998
f 5220/4031/4002 5252/4064/4035 5253/4032/4003
f 5256/4062/4033 5224/4028/3999 5255/4030/4001
f 5217/4002/3973 5249/4047/4018 5250/4034/4005
f 5225/4011/3982 5257/4055/4026 5258/4044/4015
f 5247/4056/4027 5215/4003/3974 5246/4035/4006
f 5244/4095/4066 5212/4036/4007 5243/4037/4008
f 5241/4085/4056 5209/4023/3994 5240/4038/4009
f 5270/4057/4028 5238/4024/3995 5269/4039/4010
f 5267/4058/4029 5235/4025/3996 5266/4040/4011
f 5264/4090/4061 5232/4041/4012 5263/4042/4013
f 5261/4059/4030 5229/4026/3997 5260/4043/4014
f 5216/4021/3992 5248/4067/4038 5249/4047/4018
f 5255/4030/4001 5223/4029/4000 5254/4045/4016
f 5252/4064/4035 5220/4031/4002 5251/4046/4017
f 5239/4017/3988 5271/4086/4057 5240/4038/4009
f 5246/4035/4006 5214/4014/3985 5245/4048/4019
f 5243/4037/4008 5211/4005/3976 5242/4049/4020
f 5224/4028/3999 5256/4062/4033 5257/4055/4026
f 5269/4039/4010 5237/4007/3978 5268/4051/4022
f 5266/4040/4011 5234/4008/3979 5265/4052/4418
f 5263/4042/4013 5231/4009/3980 5262/4053/4024
f 5260/4043/4014 5228/4010/3981 5259/4054/4025
f 5221/4001/3972 5253/4032/4003 5254/4045/4016
f 5212/4036/4007 5244/4095/4066 5245/4048/4019
f 5251/4046/4017 5219/4013/3984 5250/4034/4005
f 5248/4067/4038 5216/4021/3992 5247/4056/4027
f 5209/4023/3994 5241/4085/4056 5242/4049/4020
f 5232/4041/4012 5264/4090/4061 5265/4052/4418
f 5271/4086/4057 5239/4017/3988 5270/4057/4028
f 5268/4051/4022 5236/4050/4021 5267/4058/4029
f 5255/4030/4001 5287/4060/4031 5288/4063/4034
f 5262/4053/4024 5230/4019/3990 5261/4059/4030
f 5259/4054/4025 5227/4020/3991 5258/4044/4015
f 5255/4030/4001 5254/4045/4016 5286/4061/4032
f 5248/4067/4038 5247/4056/4027 5279/4068/4039
f 5252/4064/4035 5284/4081/4052 5285/4065/4036
f 5246/4035/4006 5278/4083/4054 5279/4068/4039
f 5240/4038/4009 5271/4086/4057 5303/4071/4042
f 5274/4097/4068 5275/4069/4040 5242/4049/4020
f 5266/4040/4011 5265/4052/4418 5297/4075/4046
f 5268/4051/4022 5267/4058/4029 5299/4073/4044
f 5260/4043/4014 5292/4091/4062 5293/4078/4049
f 5263/4042/4013 5262/4053/4024 5294/4077/4048
f 5257/4055/4026 5289/4092/4063 5290/4079/4050
f 5251/4046/4017 5283/4093/4064 5284/4081/4052
f 5281/4082/4053 5282/4080/4051 5249/4047/4018
f 5245/4048/4019 5277/4096/4067 5278/4083/4054
f 5248/4067/4038 5280/4066/4037 5281/4082/4053
f 5241/4085/4056 5240/4038/4009 5272/4070/4041
f 5264/4090/4061 5263/4042/4013 5295/4076/4047
f 5271/4086/4057 5270/4057/4028 5302/4087/4058
f 5268/4051/4022 5300/4072/4043 5301/4088/4059
f 5259/4054/4025 5291/4098/4069 5292/4091/4062
f 5262/4053/4024 5261/4059/4030 5293/4078/4049
f 5256/4062/4033 5288/4063/4034 5289/4092/4063
f 5250/4034/4005 5282/4080/4051 5283/4093/4064
f 5253/4032/4003 5285/4065/4036 5286/4061/4032
f 5244/4095/4066 5243/4037/4008 5275/4069/4040
f 5287/4060/4031 5319/4126/4097 5320/4101/4072
f 5244/4095/4066 5276/4094/4065 5277/4096/4067
f 5241/4085/4056 5273/4084/4055 5274/4097/4068
f 5270/4057/4028 5269/4039/4010 5301/4088/4059
f 5259/4054/4025 5258/4044/4015 5290/4079/4050
f 5326/4116/4087 5294/4077/4048 5325/4099/4070
f 5323/4124/4095 5291/4098/4069 5322/4100/4071
f 5278/4083/4054 5310/4132/4103 5311/4104/4075
f 5284/4081/4052 5316/4128/4099 5317/4102/4073
f 5314/4130/4101 5282/4080/4051 5313/4103/4074
f 5289/4092/4063 5321/4117/4088 5322/4100/4071
f 5308/4134/4105 5276/4094/4065 5307/4105/4076
f 5305/4118/4089 5273/4084/4055 5304/4106/4077
f 5334/4119/4090 5302/4087/4058 5333/4107/4078
f 5331/4120/4091 5299/4073/4044 5330/4108/4079
f 5328/4121/4092 5296/4089/4060 5327/4109/4080
f 5325/4099/4070 5293/4078/4049 5324/4110/4081
f 5274/4097/4068 5306/4145/4116 5307/4105/4076
f 5319/4126/4097 5287/4060/4031 5318/4111/4082
f 5316/4128/4099 5284/4081/4052 5315/4112/4083
f 5280/4066/4037 5312/4143/4114 5313/4103/4074
f 5310/4132/4103 5278/4083/4054 5309/4113/4084
f 5291/4098/4069 5323/4124/4095 5324/4110/4081
f 5304/4106/4077 5272/4070/4041 5335/4114/4085
f 5300/4072/4043 5332/4147/4118 5333/4107/4078
f 5330/4108/4079 5298/4074/4045 5329/4115/4086
f 5327/4109/4080 5295/4076/4047 5326/4116/4087
f 5288/4063/4034 5320/4101/4072 5321/4117/4088
f 5282/4080/4051 5314/4130/4101 5315/4112/4083
f 5285/4065/4036 5317/4102/4073 5318/4111/4082
f 5296/4089/4060 5328/4121/4092 5329/4115/4086
f 5312/4143/4114 5280/4066/4037 5311/4104/4075
f 5276/4094/4065 5308/4134/4105 5309/4113/4084
f 5306/4145/4116 5274/4097/4068 5305/4118/4089
f 5335/4114/4085 5303/4071/4042 5334/4119/4090
f 5332/4147/4118 5300/4072/4043 5331/4120/4091
f 5328/4121/4092 5360/4155/4126 5361/4122/4093
f 5316/4128/4099 5348/4162/4133 5349/4129/4100
f 5358/4148/4119 5326/4116/4087 5357/4123/4094
f 5355/4158/4129 5323/4124/4095 5354/4125/4096
f 5352/4160/4131 5320/4101/4072 5351/4127/4098
f 5310/4132/4103 5342/4166/4137 5343/4133/4104
f 5346/4164/4135 5314/4130/4101 5345/4131/4102
f 5306/4145/4116 5338/4179/4150 5339/4135/4106
f 5340/4168/4139 5308/4134/4105 5339/4135/4106
f 5337/4150/4121 5305/4118/4089 5336/4136/4107
f 5366/4151/4122 5334/4119/4090 5365/4137/4108
f 5363/4152/4123 5331/4120/4091 5362/4138/4109
f 5360/4155/4126 5328/4121/4092 5359/4139/4110
f 5357/4123/4094 5325/4099/4070 5356/4140/4111
f 5321/4117/4088 5353/4149/4120 5354/4125/4096
f 5351/4127/4098 5319/4126/4097 5350/4141/4112
f 5348/4162/4133 5316/4128/4099 5347/4142/4113
f 5312/4143/4114 5344/4177/4148 5345/4131/4102
f 5342/4166/4137 5310/4132/4103 5341/4144/4115
f 5320/4101/4072 5352/4160/4131 5353/4149/4120
f 5336/4136/4107 5304/4106/4077 5367/4146/4117
f 5332/4147/4118 5364/4153/4124 5365/4137/4108
f 5362/4138/4109 5330/4108/4079 5361/4122/4093
f 5359/4139/4110 5327/4109/4080 5358/4148/4119
f 5323/4124/4095 5355/4158/4129 5356/4140/4111
f 5360/4155/4126 5392/4188/4159 5393/4156/4127
f 5317/4102/4073 5349/4129/4100 5350/4141/4112
f 5314/4130/4101 5346/4164/4135 5347/4142/4113
f 5344/4177/4148 5312/4143/4114 5343/4133/4104
f 5308/4134/4105 5340/4168/4139 5341/4144/4115
f 5338/4179/4150 5306/4145/4116 5337/4150/4121
f 5367/4146/4117 5335/4114/4085 5366/4151/4122
f 5364/4153/4124 5332/4147/4118 5363/4152/4123
f 5396/4186/4157 5364/4153/4124 5395/4154/4125
f 5348/4162/4133 5380/4176/4147 5381/4163/4134
f 5390/4181/4152 5358/4148/4119 5389/4157/4128
f 5387/4406/4357 5355/4158/4129 5386/4159/4130
f 5384/4191/4162 5352/4160/4131 5383/4161/4132
f 5336/4136/4107 5368/4407/4358 5369/4170/4141
f 5378/4408/4359 5346/4164/4135 5377/4165/4136
f 5375/4184/4155 5343/4133/4104 5374/4167/4138
f 5372/4194/4165 5340/4168/4139 5371/4169/4140
f 5347/4142/4113 5379/4183/4154 5380/4176/4147
f 5398/4185/4156 5366/4151/4122 5397/4171/4142
f 5395/4154/4125 5363/4152/4123 5394/4172/4143
f 5392/4188/4159 5360/4155/4126 5391/4173/4144
f 5389/4157/4128 5357/4123/4094 5388/4174/4145
f 5353/4149/4120 5385/4182/4153 5386/4159/4130
f 5383/4161/4132 5351/4127/4098 5382/4175/4146
f 5352/4160/4131 5384/4191/4162 5385/4182/4153
f 5344/4177/4148 5376/4197/4168 5377/4165/4136
f 5374/4167/4138 5342/4166/4137 5373/4178/4149
f 5338/4179/4150 5370/4196/4167 5371/4169/4140
f 5368/4407/4358 5336/4136/4107 5399/4180/4151
f 5364/4153/4124 5396/4186/4157 5397/4171/4142
f 5394/4172/4143 5362/4138/4109 5393/4156/4127
f 5391/4173/4144 5359/4139/4110 5390/4181/4152
f 5355/4158/4129 5387/4406/4357 5388/4174/4145
f 5346/4164/4135 5378/4408/4359 5379/4183/4154
f 5349/4129/4100 5381/4163/4134 5382/4175/4146
f 5380/4176/4147 5403/4409/4360 5404/4193/4164
f 5376/4197/4168 5344/4177/4148 5375/4184/4155
f 5340/4168/4139 5372/4194/4165 5373/4178/4149
f 5370/4196/4167 5338/4179/4150 5369/4170/4141
f 5399/4180/4151 5367/4146/4117 5398/4185/4156
f 5391/4173/4144 5408/4410/4361 5409/4189/4160
f 5402/4411/4362 5376/4197/4168 5401/4198/4169
f 5576/4200/4171 5413/4230/4201 5414/4201/4172
f 5443/4214/4185 5595/4213/4184 5442/4232/4203
f 5440/4234/4205 5593/4216/4187 5439/4235/4206
f 5582/4203/4174 5421/4250/4221 5422/4204/4175
f 5434/4239/4210 5590/4412/4363 5433/4240/4211
f 5428/4244/4215 5586/4221/4192 5427/4245/4216
f 5587/4208/4179 5429/4222/4193 5430/4209/4180
f 5416/4228/4199 5579/4224/4195 5415/4253/4224
f 5413/4230/4201 5576/4200/4171 5412/4206/4177
f 5578/4199/4170 5414/4201/4172 5415/4253/4224
f 5418/4252/4223 5581/4210/4181 5417/4212/4183
f 5593/4216/4187 5440/4234/4205 5441/4217/4188
f 5412/4206/4177 5577/4205/4176 5443/4214/4185
f 5438/4257/4228 5592/4218/4189 5437/4220/4191
f 5586/4221/4192 5428/4244/4215 5429/4222/4193
f 5424/4248/4219 5456/4282/4253 5457/4249/4220
f 5423/4264/4235 5584/4223/4194 5422/4204/4175
f 5579/4224/4195 5416/4228/4199 5417/4212/4183
f 5452/4271/4242 5420/4225/4196 5451/4227/4198
f 5416/4228/4199 5448/4273/4244 5449/4229/4200
f 5446/4266/4237 5414/4201/4172 5445/4231/4202
f 5475/4413/4333 5443/4214/4185 5474/4233/4204
f 5472/4414/4335 5440/4234/4205 5471/4236/4207
f 5436/4237/4208 5468/4275/4246 5469/4238/4209
f 5466/4267/4238 5434/4239/4210 5465/4241/4212
f 5463/4278/4249 5431/4242/4213 5462/4243/4419
f 5460/4280/4251 5428/4244/4215 5459/4246/4217
f 5418/4252/4223 5450/4285/4256 5451/4227/4198
f 5454/4269/4240 5422/4204/4175 5453/4251/4222
f 5438/4257/4228 5470/4287/4258 5471/4236/4207
f 5448/4273/4244 5416/4228/4199 5447/4254/4225
f 5445/4231/4202 5413/4230/4201 5444/4255/4226
f 5474/4233/4204 5442/4232/4203 5473/4256/4227
f 5429/4222/4193 5461/4268/4239 5462/4243/4419
f 5468/4275/4246 5436/4237/4208 5467/4259/4230
f 5465/4241/4212 5433/4240/4211 5464/4261/4232
f 5443/4214/4185 5475/4413/4333 5444/4255/4226
f 5459/4246/4217 5427/4245/4216 5458/4263/4234
f 5456/4282/4253 5424/4248/4219 5455/4265/4236
f 5420/4225/4196 5452/4271/4242 5453/4251/4222
f 5450/4285/4256 5418/4252/4223 5449/4229/4200
f 5447/4254/4225 5415/4253/4224 5446/4266/4237
f 5431/4242/4213 5463/4278/4249 5464/4261/4232
f 5440/4234/4205 5472/4414/4335 5473/4256/4227
f 5470/4287/4258 5438/4257/4228 5469/4238/4209
f 5467/4259/4230 5435/4258/4229 5466/4267/4238
f 5428/4244/4215 5460/4280/4251 5461/4268/4239
f 5425/4247/4218 5457/4249/4220 5458/4263/4234
f 5455/4265/4236 5423/4264/4235 5454/4269/4240
f 5480/4415/4364 5452/4271/4242 5479/4272/4243
f 5450/4285/4256 5478/4416/4365 5479/4272/4243
f 5487/4417/4366 5460/4280/4251 5486/4281/4252
f 5456/4282/4253 5483/4418/4367 5484/4283/4254
f 5490/4277/4248 5465/4241/4212 5489/4290/4261
f 5605/4419/4368 5523/4369/4207 5524/4368/4335
f 5486/4281/4252 5459/4246/4217 5485/4291/4262
f 5483/4418/4367 5456/4282/4253 5482/4270/4241
f 5452/4271/4242 5480/4415/4364 5481/4284/4255
f 5478/4416/4365 5450/4285/4256 5477/4274/4245
f 5493/4288/4259 5470/4287/4258 5492/4276/4247
f 5457/4249/4220 5484/4283/4254 5485/4291/4262
f 5498/4365/4332 5598/4292/4263 5497/4294/4202
f 5527/4366/4333 5607/4297/4267 5526/4367/4334
f 5604/4420/4369 5520/4371/4337 5521/4370/4336
f 5518/4372/4338 5603/4421/4370 5517/4373/4212
f 5515/4374/4249 5602/4422/4371 5514/4375/4214
f 5506/4380/4240 5600/4423/4372 5505/4381/4340
f 5500/4364/4244 5599/4424/4373 5499/4384/4225
f 5497/4294/4202 5596/4293/4264 5496/4296/4266
f 5523/4369/4207 5605/4419/4368 5522/4386/4258
f 5520/4371/4337 5604/4420/4369 5519/4387/4230
f 5607/4297/4267 5527/4366/4333 5496/4296/4266
f 5525/4385/4227 5606/4425/4374 5524/4368/4335
f 5513/4389/4239 5601/4426/4375 5512/4376/4339
f 5599/4424/4373 5500/4364/4244 5501/4363/4200
f 5624/4323/4293 5540/4347/4317 5541/4324/4294
f 5608/4299/4269 5532/4355/4324 5533/4300/4270
f 5610/4302/4272 5529/4356/4325 5530/4303/4273
f 5559/4357/4326 5613/4304/4274 5558/4306/4276
f 5556/4349/4319 5615/4307/4277 5555/4309/4279
f 5553/4350/4320 5617/4310/4280 5552/4312/4282
f 5550/4358/4327 5619/4313/4283 5549/4315/4285
f 5547/4359/4328 5621/4316/4286 5546/4318/4288
f 5544/4360/4329 5623/4319/4289 5543/4321/4291
f 5628/4329/4299 5534/4362/4331 5535/4330/4300
f 5538/4361/4330 5627/4325/4295 5537/4327/4297
f 5634/4339/4309 5551/4351/4321 5552/4312/4282
f 5532/4355/4324 5608/4299/4269 5531/4332/4302
f 5529/4356/4325 5610/4302/4272 5528/4334/4304
f 5558/4306/4276 5612/4305/4275 5557/4336/4306
f 5555/4309/4279 5614/4308/4278 5554/4338/4308
f 5638/4346/4316 5539/4352/4322 5540/4347/4317
f 5549/4315/4285 5618/4314/4284 5548/4341/4311
f 5546/4318/4288 5620/4317/4287 5545/4343/4313
f 5543/4321/4291 5622/4320/4290 5542/4345/4315
f 5613/4304/4274 5559/4357/4326 5528/4334/4304
f 5639/4348/4318 5536/4353/4323 5537/4327/4297
f 5534/4362/4331 5628/4329/4299 5533/4300/4270
f 5531/4332/4302 5630/4331/4301 5530/4303/4273
f 5619/4313/4283 5550/4358/4327 5551/4351/4321
f 5557/4336/4306 5632/4335/4305 5556/4349/4319
f 5554/4338/4308 5633/4337/4307 5553/4350/4320
f 5623/4319/4289 5544/4360/4329 5545/4343/4313
f 5621/4316/4286 5547/4359/4328 5548/4341/4311
f 5625/4322/4292 5541/4324/4294 5542/4345/4315
f 5627/4325/4295 5538/4361/4330 5539/4352/4322
f 5520/4371/4337 5616/4311/4281 5617/4310/4280
f 5536/4353/4323 5639/4348/4318 5535/4330/4300
f 5500/4364/4244 5608/4299/4269 5609/4298/4268
f 5497/4294/4202 5610/4302/4272 5611/4301/4271
f 5613/4304/4274 5527/4366/4333 5612/4305/4275
f 5615/4307/4277 5524/4368/4335 5614/4308/4278
f 5508/4379/4253 5624/4323/4293 5625/4322/4292
f 5619/4313/4283 5518/4372/4338 5618/4314/4284
f 5621/4316/4286 5515/4374/4249 5620/4317/4287
f 5623/4319/4289 5512/4376/4339 5622/4320/4290
f 5519/4387/4230 5634/4339/4309 5616/4311/4281
f 5627/4325/4295 5506/4380/4240 5626/4326/4296
f 5629/4328/4298 5503/4382/4198 5628/4329/4299
f 5608/4299/4269 5500/4364/4244 5630/4331/4301
f 5610/4302/4272 5497/4294/4202 5631/4333/4303
f 5612/4305/4275 5526/4367/4334 5632/4335/4305
f 5614/4308/4278 5523/4369/4207 5633/4337/4307
f 5513/4389/4239 5636/4342/4312 5620/4317/4287
f 5618/4314/4284 5517/4373/4212 5635/4340/4310
f 5524/4368/4335 5615/4307/4277 5632/4335/4305
f 5622/4320/4290 5511/4377/4217 5637/4344/4314
f 5624/4323/4293 5508/4379/4253 5638/4346/4316
f 5504/4392/4343 5639/4348/4318 5626/4326/4296
f 5628/4329/4299 5502/4383/4341 5609/4298/4268
f 5630/4331/4301 5499/4384/4225 5611/4301/4271
f 5631/4333/4303 5496/4296/4266 5613/4304/4274
f 5512/4376/4339 5623/4319/4289 5636/4342/4312
f 5633/4337/4307 5522/4386/4258 5617/4310/4280
f 5634/4339/4309 5519/4387/4230 5619/4313/4283
f 5515/4374/4249 5621/4316/4286 5635/4340/4310
f 5506/4380/4240 5627/4325/4295 5638/4346/4316
f 5509/4378/4220 5625/4322/4292 5637/4344/4314
f 5264/4090/4061 5296/4089/4060 5297/4075/4046
f 5639/4348/4318 5504/4392/4343 5629/4328/4298
f 5267/4058/4029 5266/4040/4011 5298/4074/4045
f 5025/3820/3791 5027/3823/3794 5026/3822/3793
f 5091/3880/3851 5092/3879/3850 5669/4427/4376
f 5088/4394/4345 5089/3882/3853 5668/4428/4377
f 5076/3865/3836 5077/3864/3835 5656/4429/4378
f 5070/3870/3841 5071/3869/3840 5662/4430/4379
f 5064/4393/4344 5065/3875/3846 5653/4431/4421
f 5087/3883/4417 5088/4394/4345 5668/4428/4377
f 5081/3860/3831 5082/3855/3826 5665/4432/4381
f 5078/3863/3834 5079/3862/3833 5658/4433/4382
f 5066/3874/3845 5067/3873/3844 5654/4434/4383
f 5063/3876/3847 5064/4393/4344 5652/4435/4422
f 5092/3879/3850 5093/3878/3849 5671/4436/4385
f 5086/3884/3855 5087/3883/4417 5666/4437/4386
f 5077/3864/3835 5078/3863/3834 5657/4438/4387
f 5074/3867/3838 5075/3866/3837 5663/4439/4388
f 5071/3869/3840 5072/3895/3866 5662/4430/4379
f 5068/3872/3843 5069/3871/3842 5660/4440/4389
f 5065/3875/3846 5066/3874/3845 5654/4434/4383
f 5640/4441/4390 5641/4442/4391 5111/3916/3887
f 5574/4399/4350 5670/4443/4392 5141/3920/3891
f 5573/4444/4393 5650/4445/4394 5137/3922/3893
f 5649/4446/4395 5572/4400/4351 5134/3925/3896
f 5571/4401/4352 5647/4447/4396 5132/3929/3900
f 5570/3905/3876 5645/4448/4397 5128/3906/3877
f 5664/4449/4398 5568/3909/3880 5126/3934/3905
f 5643/4450/4399 5644/4451/4400 5122/3936/3907
f 5661/4452/4401 5566/4405/4356 5120/3940/3911
f 5564/3907/3878 5659/4453/4402 5117/3911/3882
f 5575/4402/4353 5640/4441/4390 5111/3916/3887
f 5651/4454/4403 5574/4399/4350 5140/3919/3890
f 5667/4455/4404 5573/4444/4393 5137/3922/3893
f 5648/4456/4405 5649/4446/4395 5134/3925/3896
f 5646/4457/4406 5571/4401/4352 5131/3928/3899
f 5567/4403/4354 5664/4449/4398 5125/3933/3904
f 5642/4458/4407 5643/4450/4399 5122/3936/3907
f 5565/4404/4355 5661/4452/4401 5119/3939/3910
f 5641/4442/4391 5561/3902/3873 5113/3903/3874
f 5670/4443/4392 5575/4402/4353 5141/3920/3891
f 5650/4445/4394 5651/4454/4403 5138/3923/3894
f 5572/4400/4351 5667/4455/4404 5136/3948/3919
f 5647/4447/4396 5648/4456/4405 5132/3929/3900
f 5645/4448/4397 5646/4457/4406 5130/3952/3923
f 5644/4451/4400 5567/4403/4354 5124/3955/3926
f 5566/4405/4356 5642/4458/4407 5121/3957/3928
f 5659/4453/4402 5565/4404/4355 5118/3912/3883
f 5399/4180/4151 5398/4185/4156 5595/4213/4184
f 5387/4406/4357 5386/4159/4130 5588/4207/4178
f 5378/4408/4359 5377/4165/4136 5582/4203/4174
f 5375/4184/4155 5374/4167/4138 5581/4210/4181
f 5369/4170/4141 5368/4407/4358 5577/4205/4176
f 5398/4185/4156 5397/4171/4142 5594/4215/4186
f 5395/4154/4125 5394/4172/4143 5592/4218/4189
f 5386/4159/4130 5385/4182/4153 5588/4207/4178
f 5383/4161/4132 5382/4175/4146 5585/4459/4408
f 5380/4176/4147 5379/4183/4154 5584/4223/4194
f 5377/4165/4136 5376/4197/4168 5582/4203/4174
f 5374/4167/4138 5373/4178/4149 5580/4211/4182
f 5368/4407/4358 5399/4180/4151 5595/4213/4184
f 5397/4171/4142 5396/4186/4157 5594/4215/4186
f 5394/4172/4143 5393/4156/4127 5591/4219/4190
f 5391/4173/4144 5390/4181/4152 5590/4412/4363
f 5388/4174/4145 5387/4406/4357 5589/4460/4409
f 5385/4182/4153 5384/4191/4162 5587/4208/4179
f 5382/4175/4146 5381/4163/4134 5585/4459/4408
f 5379/4183/4154 5378/4408/4359 5584/4223/4194
f 5373/4178/4149 5372/4194/4165 5580/4211/4182
f 5370/4196/4167 5369/4170/4141 5578/4199/4170
f 5595/4213/4184 5411/4461/4410 5442/4232/4203
f 5593/4216/4187 5410/4187/4158 5439/4235/4206
f 5591/4219/4190 5409/4189/4160 5437/4220/4191
f 5590/4412/4363 5407/4190/4161 5433/4240/4211
f 5406/4462/4411 5588/4207/4178 5430/4209/4180
f 5586/4221/4192 5405/4192/4163 5427/4245/4216
f 5404/4193/4164 5403/4409/4360 5425/4247/4218
f 5401/4198/4169 5581/4210/4181 5418/4252/4223
f 5579/4224/4195 5400/4195/4166 5415/4253/4224
f 5411/4461/4410 5594/4215/4186 5441/4217/4188
f 5410/4187/4158 5592/4218/4189 5438/4257/4228
f 5409/4189/4160 5408/4410/4361 5435/4258/4229
f 5407/4190/4161 5589/4460/4409 5432/4260/4231
f 5405/4192/4163 5585/4459/4408 5426/4262/4233
f 5403/4409/4360 5584/4223/4194 5423/4264/4235
f 5582/4203/4174 5402/4411/4362 5421/4250/4221
f 5400/4195/4166 5578/4199/4170 5415/4253/4224
f 5408/4410/4361 5590/4412/4363 5434/4239/4210
f 5589/4460/4409 5406/4462/4411 5432/4260/4231
f 5585/4459/4408 5404/4193/4164 5426/4262/4233
f 5402/4411/4362 5401/4198/4169 5419/4226/4197
f 5446/4266/4237 5445/4231/4202 5598/4292/4263
f 5475/4413/4333 5474/4233/4204 5607/4297/4267
f 5472/4414/4335 5471/4236/4207 5605/4419/4368
f 5445/4231/4202 5444/4255/4226 5597/4295/4265
f 5474/4233/4204 5473/4256/4227 5606/4425/4374
f 5447/4254/4225 5446/4266/4237 5598/4292/4263
f 5444/4255/4226 5475/4413/4333 5607/4297/4267
f 5473/4256/4227 5472/4414/4335 5606/4425/4374
f 5467/4259/4230 5466/4267/4238 5603/4421/4370
f 5461/4268/4239 5460/4280/4251 5601/4426/4375
f 5607/4297/4267 5495/4463/4412 5526/4367/4334
f 5494/4464/4413 5605/4419/4368 5524/4368/4335
f 5492/4276/4247 5604/4420/4369 5521/4370/4336
f 5603/4421/4370 5490/4277/4248 5517/4373/4212
f 5602/4422/4371 5488/4279/4420 5514/4375/4214
f 5487/4417/4366 5486/4281/4252 5511/4377/4217
f 5484/4283/4254 5483/4418/4367 5508/4379/4253
f 5600/4423/4372 5481/4284/4255 5505/4381/4340
f 5479/4272/4243 5478/4416/4365 5503/4382/4198
f 5599/4424/4373 5476/4286/4257 5499/4384/4225
f 5495/4463/4412 5606/4425/4374 5525/4385/4227
f 5605/4419/4368 5493/4288/4259 5522/4386/4258
f 5604/4420/4369 5491/4289/4260 5519/4387/4230
f 5490/4277/4248 5489/4290/4261 5516/4388/4232
f 5488/4279/4420 5601/4426/4375 5513/4389/4239
f 5486/4281/4252 5485/4291/4262 5510/4390/4342
f 5483/4418/4367 5482/4270/4241 5507/4391/4236
f 5481/4284/4255 5480/4415/4364 5504/4392/4343
f 5478/4416/4365 5477/4274/4245 5502/4383/4341
f 5476/4286/4257 5598/4292/4263 5498/4365/4332
f 5606/4425/4374 5494/4464/4413 5524/4368/4335
f 5493/4288/4259 5492/4276/4247 5521/4370/4336
f 5491/4289/4260 5603/4421/4370 5518/4372/4338
f 5489/4290/4261 5602/4422/4371 5515/4374/4249
f 5601/4426/4375 5487/4417/4366 5512/4376/4339
f 5485/4291/4262 5484/4283/4254 5510/4390/4342
f 5482/4270/4241 5600/4423/4372 5506/4380/4240
f 5480/4415/4364 5479/4272/4243 5503/4382/4198
f 5477/4274/4245 5599/4424/4373 5501/4363/4200
f 5089/3882/3853 5108/4398/4349 5668/4428/4377
f 5092/3879/3850 5110/4465/4414 5669/4427/4376
f 5086/3884/3855 5666/4437/4386 5106/3888/3859
f 5091/3880/3851 5669/4427/4376 5109/3893/3864
f 5665/4432/4381 5082/3855/3826 5104/3889/3860
f 5658/4433/4382 5079/3862/3833 5102/3890/3861
f 5101/3894/3865 5076/3865/3836 5656/4429/4378
f 5097/3897/3868 5070/3870/3841 5662/4430/4379
f 5655/4466/4415 5067/3873/3844 5096/3892/3863
f 5652/4435/4422 5064/4393/4344 5653/4431/4421
f 5671/4436/4385 5093/3878/3849 5094/3887/3858
f 5067/3873/3844 5655/4466/4415 5654/4434/4383
f 5107/4467/4416 5087/3883/4417 5668/4428/4377
f 5103/3898/3869 5081/3860/3831 5665/4432/4381
f 5657/4438/4387 5078/3863/3834 5658/4433/4382
f 5663/4439/4388 5075/3866/3837 5101/3894/3865
f 5660/4440/4389 5069/3871/3842 5097/3897/3868
f 5087/3883/4417 5107/4467/4416 5666/4437/4386
f 5095/4395/4346 5063/3876/3847 5652/4435/4422
f 5110/4465/4414 5092/3879/3850 5671/4436/4385
f 5072/3895/3866 5098/4397/4348 5662/4430/4379
f 5656/4429/4378 5077/3864/3835 5657/4438/4387
f 5100/3891/3862 5074/3867/3838 5663/4439/4388
f 5641/4442/4391 5112/3917/3888 5111/3916/3887
f 5096/3892/3863 5068/3872/3843 5660/4440/4389
f 5653/4431/4421 5065/3875/3846 5654/4434/4383
f 5650/4445/4394 5138/3923/3894 5137/3922/3893
f 5645/4448/4397 5129/3931/3902 5128/3906/3877
f 5644/4451/4400 5123/3937/3908 5122/3936/3907
f 5125/3933/3904 5664/4449/4398 5126/3934/3905
f 5119/3939/3910 5661/4452/4401 5120/3940/3911
f 5139/3946/3917 5651/4454/4403 5140/3919/3890
f 5136/3948/3919 5667/4455/4404 5137/3922/3893
f 5133/3950/3921 5648/4456/4405 5134/3925/3896
f 5130/3952/3923 5646/4457/4406 5131/3928/3899
f 5121/3957/3928 5642/4458/4407 5122/3936/3907
f 5112/3917/3888 5641/4442/4391 5113/3903/3874
f 5651/4454/4403 5139/3946/3917 5138/3923/3894
f 5648/4456/4405 5133/3950/3921 5132/3929/3900
f 5129/3931/3902 5645/4448/4397 5130/3952/3923
f 5123/3937/3908 5644/4451/4400 5124/3955/3926
f 5117/3911/3882 5659/4453/4402 5118/3912/3883
f 5398/4185/4156 5411/4461/4410 5595/4213/4184
f 5593/4216/4187 5396/4186/4157 5410/4187/4158
f 5591/4219/4190 5393/4156/4127 5409/4189/4160
f 5590/4412/4363 5390/4181/4152 5407/4190/4161
f 5406/4462/4411 5387/4406/4357 5588/4207/4178
f 5586/4221/4192 5384/4191/4162 5405/4192/4163
f 5583/4202/4173 5378/4408/4359 5582/4203/4174
f 5401/4198/4169 5375/4184/4155 5581/4210/4181
f 5579/4224/4195 5372/4194/4165 5400/4195/4166
f 5576/4200/4171 5369/4170/4141 5577/4205/4176
f 5411/4461/4410 5398/4185/4156 5594/4215/4186
f 5410/4187/4158 5395/4154/4125 5592/4218/4189
f 5388/4174/4145 5589/4460/4409 5407/4190/4161
f 5387/4406/4357 5406/4462/4411 5589/4460/4409
f 5385/4182/4153 5587/4208/4179 5588/4207/4178
f 5405/4192/4163 5383/4161/4132 5585/4459/4408
f 5403/4409/4360 5380/4176/4147 5584/4223/4194
f 5376/4197/4168 5402/4411/4362 5582/4203/4174
f 5581/4210/4181 5374/4167/4138 5580/4211/4182
f 5370/4196/4167 5578/4199/4170 5400/4195/4166
f 5577/4205/4176 5368/4407/4358 5595/4213/4184
f 5396/4186/4157 5593/4216/4187 5594/4215/4186
f 5592/4218/4189 5394/4172/4143 5591/4219/4190
f 5408/4410/4361 5391/4173/4144 5590/4412/4363
f 5384/4191/4162 5586/4221/4192 5587/4208/4179
f 5378/4408/4359 5583/4202/4173 5584/4223/4194
f 5381/4163/4134 5404/4193/4164 5585/4459/4408
f 5369/4170/4141 5576/4200/4171 5578/4199/4170
f 5372/4194/4165 5579/4224/4195 5580/4211/4182
f 5409/4189/4160 5436/4237/4208 5437/4220/4191
f 5431/4242/4213 5406/4462/4411 5430/4209/4180
f 5403/4409/4360 5424/4248/4219 5425/4247/4218
f 5419/4226/4197 5401/4198/4169 5418/4252/4223
f 5442/4232/4203 5411/4461/4410 5441/4217/4188
f 5439/4235/4206 5410/4187/4158 5438/4257/4228
f 5436/4237/4208 5409/4189/4160 5435/4258/4229
f 5433/4240/4211 5407/4190/4161 5432/4260/4231
f 5427/4245/4216 5405/4192/4163 5426/4262/4233
f 5424/4248/4219 5403/4409/4360 5423/4264/4235
f 5402/4411/4362 5420/4225/4196 5421/4250/4221
f 5406/4462/4411 5431/4242/4213 5432/4260/4231
f 5435/4258/4229 5408/4410/4361 5434/4239/4210
f 5404/4193/4164 5425/4247/4218 5426/4262/4233
f 5420/4225/4196 5402/4411/4362 5419/4226/4197
f 5474/4233/4204 5495/4463/4412 5607/4297/4267
f 5454/4269/4240 5600/4423/4372 5482/4270/4241
f 5448/4273/4244 5599/4424/4373 5477/4274/4245
f 5445/4231/4202 5596/4293/4264 5598/4292/4263
f 5494/4464/4413 5472/4414/4335 5605/4419/4368
f 5468/4275/4246 5604/4420/4369 5492/4276/4247
f 5603/4421/4370 5466/4267/4238 5490/4277/4248
f 5602/4422/4371 5463/4278/4249 5488/4279/4420
f 5600/4423/4372 5454/4269/4240 5481/4284/4255
f 5461/4268/4239 5601/4426/4375 5488/4279/4420
f 5599/4424/4373 5448/4273/4244 5476/4286/4257
f 5596/4293/4264 5445/4231/4202 5597/4295/4265
f 5495/4463/4412 5474/4233/4204 5606/4425/4374
f 5605/4419/4368 5471/4236/4207 5493/4288/4259
f 5604/4420/4369 5468/4275/4246 5491/4289/4260
f 5476/4286/4257 5447/4254/4225 5598/4292/4263
f 5597/4295/4265 5444/4255/4226 5607/4297/4267
f 5472/4414/4335 5494/4464/4413 5606/4425/4374
f 5491/4289/4260 5467/4259/4230 5603/4421/4370
f 5463/4278/4249 5602/4422/4371 5489/4290/4261
f 5460/4280/4251 5487/4417/4366 5601/4426/4375
f 5478/4416/4365 5502/4383/4341 5503/4382/4198
f 5512/4376/4339 5487/4417/4366 5511/4377/4217
f 5509/4378/4220 5484/4283/4254 5508/4379/4253
f 5477/4274/4245 5501/4363/4200 5502/4383/4341
f 5526/4367/4334 5495/4463/4412 5525/4385/4227
f 5517/4373/4212 5490/4277/4248 5516/4388/4232
f 5514/4375/4214 5488/4279/4420 5513/4389/4239
f 5511/4377/4217 5486/4281/4252 5510/4390/4342
f 5508/4379/4253 5483/4418/4367 5507/4391/4236
f 5505/4381/4340 5481/4284/4255 5504/4392/4343
f 5499/4384/4225 5476/4286/4257 5498/4365/4332
f 5484/4283/4254 5509/4378/4220 5510/4390/4342
f 5522/4386/4258 5493/4288/4259 5521/4370/4336
f 5519/4387/4230 5491/4289/4260 5518/4372/4338
f 5516/4388/4232 5489/4290/4261 5515/4374/4249
f 5507/4391/4236 5482/4270/4241 5506/4380/4240
f 5504/4392/4343 5480/4415/4364 5503/4382/4198
f 5672/3794/4423 5675/3796/4424 5673/3795/4425
f 5674/3797/4426 5677/3798/4427 5675/3796/4424
f 5676/3799/4428 5679/3800/4429 5677/3798/4427
f 5678/3801/4430 5681/3802/4431 5679/3800/4429
f 5680/3803/4432 5683/3804/4433 5681/3802/4431
f 5682/3805/4434 5685/3806/4435 5683/3804/4433
f 5684/3807/4436 5687/3808/4437 5685/3806/4435
f 5686/3809/4438 5689/3810/4439 5687/3808/4437
f 5688/3811/4440 5691/3812/4441 5689/3810/4439
f 5690/3813/4442 5693/3814/4443 5691/3812/4441
f 5692/3815/4444 5695/3816/4445 5693/3814/4443
f 5694/3817/4446 5697/3818/4447 5695/3816/4445
f 5696/3819/4448 5699/3820/4449 5697/3818/4447
f 5698/3821/4450 5700/3822/4451 5699/3820/4449
f 5700/3822/4451 5702/3824/4452 5701/3823/4453
f 5702/3824/4452 5704/3826/4454 5703/3825/4455
f 5704/3826/4454 5706/3828/4456 5705/3827/4457
f 5706/3828/4456 5708/3830/4458 5707/3829/4459
f 5708/3830/4458 5710/3832/4460 5709/3831/4461
f 5710/3832/4460 5712/3834/4462 5711/3833/4463
f 5712/3834/4462 5714/3836/4464 5713/3835/4465
f 5714/3836/4464 5716/3838/4466 5715/3837/4467
f 5716/3838/4466 5718/3840/4468 5717/3839/4469
f 5718/3840/4468 5720/3842/4470 5719/3841/4471
f 5720/3842/4470 5722/3844/4472 5721/3843/4473
f 5722/3844/4472 5724/3846/4474 5723/3845/4475
f 5724/3846/4474 5726/3848/4476 5725/3847/4477
f 5726/3848/4476 5728/3850/4478 5727/3849/4479
f 5728/3850/4478 5730/3852/4480 5729/3851/4481
f 5730/3852/4480 5732/3854/4482 5731/3853/4483
f 5710/3832/4460 5756/3855/4484 5712/3834/4462
f 5734/3856/4485 5673/3795/4425 5735/3857/4486
f 5732/3854/4482 5735/3857/4486 5733/3858/4487
f 5712/3834/4462 5757/3859/4488 5714/3836/4464
f 5708/3830/4458 5755/3860/4489 5710/3832/4460
f 5706/3828/4456 5754/3861/4490 5708/3830/4458
f 5704/3826/4454 5753/3862/4491 5706/3828/4456
f 5702/3824/4452 5752/3863/4492 5704/3826/4454
f 5700/3822/4451 5751/3864/4493 5702/3824/4452
f 5698/3821/4450 5750/3865/4494 5700/3822/4451
f 5696/3819/4448 5749/3866/4495 5698/3821/4450
f 5694/3817/4446 5748/3867/4496 5696/3819/4448
f 5692/3815/4444 5747/3868/4497 5694/3817/4446
f 5690/3813/4442 5745/3869/4498 5692/3815/4444
f 5688/3811/4440 5745/3869/4498 5690/3813/4442
f 5686/3809/4438 5744/3870/4499 5688/3811/4440
f 5684/3807/4436 5743/3871/4500 5686/3809/4438
f 5682/3805/4434 5742/3872/4501 5684/3807/4436
f 5680/3803/4432 5741/3873/4502 5682/3805/4434
f 5678/3801/4430 5740/3874/4503 5680/3803/4432
f 5676/3799/4428 5739/3875/4504 5678/3801/4430
f 5674/3797/4426 5737/3876/4505 5676/3799/4428
f 5734/3856/4485 5736/3877/4506 5672/3794/4423
f 5732/3854/4482 5767/3878/4507 5734/3856/4485
f 5730/3852/4480 5766/3879/4508 5732/3854/4482
f 5728/3850/4478 5765/3880/4509 5730/3852/4480
f 5726/3848/4476 5764/3881/4510 5728/3850/4478
f 5724/3846/4474 5763/3882/4511 5726/3848/4476
f 5722/3844/4472 5761/3883/4512 5724/3846/4474
f 5720/3842/4470 5761/3883/4512 5722/3844/4472
f 5718/3840/4468 5760/3884/4513 5720/3842/4470
f 5716/3838/4466 5759/3885/4514 5718/3840/4468
f 5672/3794/4423 5737/3876/4505 5674/3797/4426
f 5714/3836/4464 5758/3886/4515 5716/3838/4466
f 5736/3877/4506 5768/3887/4516 5737/3876/4505
f 5759/3885/4514 5780/3888/4517 5760/3884/4513
f 5756/3855/4484 5778/3889/4518 5757/3859/4488
f 5753/3862/4491 5776/3890/4519 5754/3861/4490
f 5747/3868/4497 5774/3891/4520 5748/3867/4496
f 5741/3873/4502 5770/3892/4521 5742/3872/4501
f 5767/3878/4507 5768/3887/4516 5736/3877/4506
f 5764/3881/4510 5783/3893/4522 5765/3880/4509
f 5758/3886/4515 5780/3888/4517 5759/3885/4514
f 5749/3866/4495 5775/3894/4523 5750/3865/4494
f 5746/3895/4524 5773/3896/4525 5747/3868/4497
f 5743/3871/4500 5771/3897/4526 5744/3870/4499
f 5763/3882/4511 5783/3893/4522 5764/3881/4510
f 5757/3859/4488 5778/3889/4518 5758/3886/4515
f 5754/3861/4490 5777/3898/4527 5755/3860/4489
f 6236/3899/4528 5789/3901/4529 6237/3900/4530
f 6235/3902/4531 5787/3903/4532 6236/3899/4528
f 6243/3904/4533 5802/3906/4534 6244/3905/4535
f 6237/3900/4530 5790/3908/4536 6238/3907/4537
f 6242/3909/4538 5801/3910/4539 6243/3904/4533
f 5791/3911/4540 5824/3913/4541 5792/3912/4542
f 5788/3914/4543 5821/3915/4544 5789/3901/4529
f 5785/3916/4545 5818/3918/4546 5786/3917/4547
f 5814/3919/4548 5847/3921/4549 5815/3920/4550
f 5811/3922/4551 5844/3924/4552 5812/3923/4553
f 5808/3925/4554 5841/3927/4555 5809/3926/4556
f 5805/3928/4557 5838/3930/4558 5806/3929/4559
f 5802/3906/4534 5835/3932/4560 5803/3931/4561
f 5799/3933/4562 5832/3935/4563 5800/3934/4564
f 5796/3936/4565 5829/3938/4566 5797/3937/4567
f 5793/3939/4568 5826/3941/4569 5794/3940/4570
f 5790/3908/4536 5823/3942/4571 5791/3911/4540
f 5787/3903/4532 5820/3943/4572 5788/3914/4543
f 5816/3944/4573 5817/3945/4574 5785/3916/4545
f 5813/3946/4575 5846/3947/4576 5814/3919/4548
f 5810/3948/4577 5843/3949/4578 5811/3922/4551
f 5807/3950/4579 5840/3951/4580 5808/3925/4554
f 5804/3952/4581 5837/3953/4582 5805/3928/4557
f 5801/3910/4539 5834/3954/4583 5802/3906/4534
f 5798/3955/4584 5831/3956/4585 5799/3933/4562
f 5795/3957/4586 5828/3958/4587 5796/3936/4565
f 5792/3912/4542 5825/3959/4588 5793/3939/4568
f 5789/3901/4529 5822/3960/4589 5790/3908/4536
f 5786/3917/4547 5819/3961/4590 5787/3903/4532
f 5815/3920/4550 5848/3962/4591 5816/3944/4573
f 5812/3923/4553 5845/3963/4592 5813/3946/4575
f 5809/3926/4556 5842/3964/4593 5810/3948/4577
f 5806/3929/4559 5838/3930/4558 5807/3950/4579
f 5803/3931/4561 5836/3965/4594 5804/3952/4581
f 5800/3934/4564 5833/3966/4595 5801/3910/4539
f 5797/3937/4567 5830/3967/4596 5798/3955/4584
f 5794/3940/4570 5826/3941/4569 5795/3957/4586
f 5826/3941/4569 5849/3969/1215 5827/3968/4597
f 5823/3942/4571 5849/3969/1215 5824/3913/4541
f 5820/3943/4572 5849/3969/1215 5821/3915/4544
f 5817/3945/4574 5849/3969/1215 5818/3918/4546
f 5846/3947/4576 5849/3969/1215 5847/3921/4549
f 5843/3949/4578 5849/3969/1215 5844/3924/4552
f 5840/3951/4580 5849/3969/1215 5841/3927/4555
f 5837/3953/4582 5849/3969/1215 5838/3930/4558
f 5834/3954/4583 5849/3969/1215 5835/3932/4560
f 5831/3956/4585 5849/3969/1215 5832/3935/4563
f 5828/3958/4587 5849/3969/1215 5829/3938/4566
f 5825/3959/4588 5849/3969/1215 5826/3941/4569
f 5822/3960/4589 5849/3969/1215 5823/3942/4571
f 5819/3961/4590 5849/3969/1215 5820/3943/4572
f 5848/3962/4591 5849/3969/1215 5817/3945/4574
f 5845/3963/4592 5849/3969/1215 5846/3947/4576
f 5842/3964/4593 5849/3969/1215 5843/3949/4578
f 5839/3970/4598 5849/3969/1215 5840/3951/4580
f 5836/3965/4594 5849/3969/1215 5837/3953/4582
f 5833/3966/4595 5849/3969/1215 5834/3954/4583
f 5830/3967/4596 5849/3969/1215 5831/3956/4585
f 5827/3968/4597 5849/3969/1215 5828/3958/4587
f 5824/3913/4541 5849/3969/1215 5825/3959/4588
f 5821/3915/4544 5849/3969/1215 5822/3960/4589
f 5818/3918/4546 5849/3969/1215 5819/3961/4590
f 5847/3921/4549 5849/3969/1215 5848/3962/4591
f 5844/3924/4552 5849/3969/1215 5845/3963/4592
f 5841/3927/4555 5849/3969/1215 5842/3964/4593
f 5838/3930/4558 5849/3969/1215 5839/3970/4598
f 5835/3932/4560 5849/3969/1215 5836/3965/4594
f 5832/3935/4563 5849/3969/1215 5833/3966/4595
f 5829/3938/4566 5849/3969/1215 5830/3967/4596
f 5693/3814/4443 5859/3971/4599 5691/3812/4441
f 5691/3812/4441 5858/3972/4600 5689/3810/4439
f 5689/3810/4439 5857/3973/4601 5687/3808/4437
f 5687/3808/4437 5856/3974/4602 5685/3806/4435
f 5685/3806/4435 5855/3975/4603 5683/3804/4433
f 5683/3804/4433 5855/3975/4603 5681/3802/4431
f 5681/3802/4431 5853/3976/4604 5679/3800/4429
f 5679/3800/4429 5852/3977/4605 5677/3798/4427
f 5677/3798/4427 5851/3978/4606 5675/3796/4424
f 5673/3795/4425 5850/3979/4607 5735/3857/4486
f 5735/3857/4486 5880/3980/4608 5733/3858/4487
f 5733/3858/4487 5879/3981/4609 5731/3853/4483
f 5731/3853/4483 5878/3982/4610 5729/3851/4481
f 5729/3851/4481 5877/3983/4611 5727/3849/4479
f 5727/3849/4479 5876/3984/4612 5725/3847/4477
f 5725/3847/4477 5875/3985/4613 5723/3845/4475
f 5723/3845/4475 5874/3986/4614 5721/3843/4473
f 5721/3843/4473 5873/3987/4615 5719/3841/4471
f 5719/3841/4471 5872/3988/4616 5717/3839/4469
f 5675/3796/4424 5850/3979/4607 5673/3795/4425
f 5717/3839/4469 5871/3989/4617 5715/3837/4467
f 5715/3837/4467 5870/3990/4618 5713/3835/4465
f 5713/3835/4465 5869/3991/4619 5711/3833/4463
f 5711/3833/4463 5868/3992/4620 5709/3831/4461
f 5709/3831/4461 5867/3993/4621 5707/3829/4459
f 5707/3829/4459 5866/3994/4622 5705/3827/4457
f 5705/3827/4457 5865/3995/4623 5703/3825/4455
f 5703/3825/4455 5864/3996/4624 5701/3823/4453
f 5701/3823/4453 5863/3997/4625 5699/3820/4449
f 5699/3820/4449 5863/3997/4625 5697/3818/4447
f 5697/3818/4447 5861/3998/4626 5695/3816/4445
f 5695/3816/4445 5860/3999/4627 5693/3814/4443
f 5863/3997/4625 5895/4001/4628 5862/4000/4629
f 5860/3999/4627 5891/4002/4630 5859/3971/4599
f 5857/3973/4601 5889/4003/4631 5856/3974/4602
f 5854/4004/4632 5885/4005/4633 5853/3976/4604
f 5851/3978/4606 5882/4006/4634 5850/3979/4607
f 5880/3980/4608 5911/4007/4635 5879/3981/4609
f 5877/3983/4611 5908/4008/4636 5876/3984/4612
f 5874/3986/4614 5905/4009/4637 5873/3987/4615
f 5871/3989/4617 5902/4010/4638 5870/3990/4618
f 5868/3992/4620 5899/4011/4639 5867/3993/4621
f 5865/3995/4623 5896/4012/4640 5864/3996/4624
f 5862/4000/4629 5893/4013/4641 5861/3998/4626
f 5859/3971/4599 5891/4002/4630 5858/3972/4600
f 5856/3974/4602 5888/4014/4642 5855/3975/4603
f 5853/3976/4604 5884/4015/4643 5852/3977/4605
f 5850/3979/4607 5913/4017/4644 5881/4016/4645
f 5879/3981/4609 5911/4007/4635 5878/3982/4610
f 5876/3984/4612 5907/4018/4646 5875/3985/4613
f 5873/3987/4615 5904/4019/4647 5872/3988/4616
f 5870/3990/4618 5901/4020/4648 5869/3991/4619
f 5867/3993/4621 5899/4011/4639 5866/3994/4622
f 5864/3996/4624 5896/4012/4640 5863/3997/4625
f 5861/3998/4626 5893/4013/4641 5860/3999/4627
f 5858/3972/4600 5890/4021/4649 5857/3973/4601
f 5855/3975/4603 5887/4022/4650 5854/4004/4632
f 5852/3977/4605 5883/4023/4651 5851/3978/4606
f 5881/4016/4645 5912/4024/4652 5880/3980/4608
f 5878/3982/4610 5909/4025/4653 5877/3983/4611
f 5875/3985/4613 5907/4018/4646 5874/3986/4614
f 5872/3988/4616 5903/4026/4654 5871/3989/4617
f 5869/3991/4619 5900/4027/4655 5868/3992/4620
f 5866/3994/4622 5898/4028/4656 5865/3995/4623
f 5898/4028/4656 5929/4030/4657 5897/4029/4658
f 5895/4001/4628 5927/4032/4659 5894/4031/4660
f 5892/4033/4661 5924/4034/4662 5891/4002/4630
f 5889/4003/4631 5920/4035/4663 5888/4014/4642
f 5886/4036/4664 5917/4037/4665 5885/4005/4633
f 5883/4023/4651 5914/4038/4666 5882/4006/4634
f 5912/4024/4652 5943/4039/4667 5911/4007/4635
f 5909/4025/4653 5940/4040/4668 5908/4008/4636
f 5906/4041/4669 5937/4042/4670 5905/4009/4637
f 5903/4026/4654 5934/4043/4671 5902/4010/4638
f 5900/4027/4655 5932/4044/4672 5899/4011/4639
f 5897/4029/4658 5928/4045/4673 5896/4012/4640
f 5894/4031/4660 5925/4046/4674 5893/4013/4641
f 5891/4002/4630 5923/4047/4675 5890/4021/4649
f 5888/4014/4642 5919/4048/4676 5887/4022/4650
f 5885/4005/4633 5916/4049/4677 5884/4015/4643
f 5882/4006/4634 5914/4038/4666 5913/4017/4644
f 5911/4007/4635 5942/4051/4678 5910/4050/4679
f 5908/4008/4636 5939/4052/4680 5907/4018/4646
f 5905/4009/4637 5936/4053/4681 5904/4019/4647
f 5902/4010/4638 5933/4054/4682 5901/4020/4648
f 5899/4011/4639 5931/4055/4683 5898/4028/4656
f 5896/4012/4640 5928/4045/4673 5895/4001/4628
f 5893/4013/4641 5924/4034/4662 5892/4033/4661
f 5890/4021/4649 5921/4056/4684 5889/4003/4631
f 5887/4022/4650 5919/4048/4676 5886/4036/4664
f 5884/4015/4643 5916/4049/4677 5883/4023/4651
f 5913/4017/4644 5944/4057/4685 5912/4024/4652
f 5910/4050/4679 5941/4058/4686 5909/4025/4653
f 5907/4018/4646 5939/4052/4680 5906/4041/4669
f 5904/4019/4647 5935/4059/4687 5903/4026/4654
f 5901/4020/4648 5932/4044/4672 5900/4027/4655
f 5961/4060/4688 5960/4061/4689 5929/4030/4657
f 5930/4062/4690 5962/4063/4691 5929/4030/4657
f 5927/4032/4659 5959/4065/4692 5926/4064/4693
f 5954/4066/4694 5953/4068/4695 5922/4067/4696
f 5921/4056/4684 5953/4068/4695 5920/4035/4663
f 5949/4069/4697 5916/4049/4677 5917/4037/4665
f 5946/4070/4698 5977/4071/4699 5914/4038/4666
f 5974/4072/4700 5973/4073/4701 5942/4051/4678
f 5972/4074/4702 5971/4075/4703 5940/4040/4668
f 5969/4076/4704 5968/4077/4705 5937/4042/4670
f 5935/4059/4687 5967/4078/4706 5934/4043/4671
f 5932/4044/4672 5964/4079/4707 5931/4055/4683
f 5956/4080/4708 5923/4047/4675 5924/4034/4662
f 5926/4064/4693 5958/4081/4709 5925/4046/4674
f 5923/4047/4675 5955/4082/4710 5922/4067/4696
f 5920/4035/4663 5952/4083/4711 5919/4048/4676
f 5947/4084/4712 5946/4070/4698 5915/4085/4713
f 5977/4071/4699 5976/4087/4714 5945/4086/4715
f 5943/4039/4667 5975/4088/4716 5942/4051/4678
f 5970/4089/4717 5969/4076/4704 5938/4090/4718
f 5968/4077/4705 5967/4078/4706 5936/4053/4681
f 5934/4043/4671 5966/4091/4719 5933/4054/4682
f 5931/4055/4683 5963/4092/4720 5930/4062/4690
f 5928/4045/4673 5960/4061/4689 5927/4032/4659
f 5925/4046/4674 5957/4093/4721 5924/4034/4662
f 5950/4094/4722 5949/4069/4697 5918/4095/4723
f 5919/4048/4676 5951/4096/4724 5918/4095/4723
f 5916/4049/4677 5948/4097/4725 5915/4085/4713
f 5976/4087/4714 5975/4088/4716 5944/4057/4685
f 5965/4098/4726 5964/4079/4707 5933/4054/4682
f 5968/4077/4705 5999/4099/4727 5967/4078/4706
f 5965/4098/4726 5996/4100/4728 5964/4079/4707
f 5962/4063/4691 5994/4101/4729 5961/4060/4688
f 5959/4065/4692 5991/4102/4730 5958/4081/4709
f 5956/4080/4708 5987/4103/4731 5955/4082/4710
f 5953/4068/4695 5985/4104/4732 5952/4083/4711
f 5950/4094/4722 5981/4105/4733 5949/4069/4697
f 5947/4084/4712 5978/4106/4734 5946/4070/4698
f 5976/4087/4714 6007/4107/4735 5975/4088/4716
f 5973/4073/4701 6004/4108/4736 5972/4074/4702
f 5970/4089/4717 6001/4109/4737 5969/4076/4704
f 5967/4078/4706 5998/4110/4738 5966/4091/4719
f 5964/4079/4707 5996/4100/4728 5963/4092/4720
f 5961/4060/4688 5992/4111/4739 5960/4061/4689
f 5958/4081/4709 5989/4112/4740 5957/4093/4721
f 5955/4082/4710 5987/4103/4731 5954/4066/4694
f 5952/4083/4711 5983/4113/4741 5951/4096/4724
f 5949/4069/4697 5981/4105/4733 5948/4097/4725
f 5946/4070/4698 6009/4114/4742 5977/4071/4699
f 5975/4088/4716 6007/4107/4735 5974/4072/4700
f 5972/4074/4702 6003/4115/4743 5971/4075/4703
f 5969/4076/4704 6000/4116/4744 5968/4077/4705
f 5966/4091/4719 5998/4110/4738 5965/4098/4726
f 5963/4092/4720 5995/4117/4745 5962/4063/4691
f 5960/4061/4689 5992/4111/4739 5959/4065/4692
f 5957/4093/4721 5989/4112/4740 5956/4080/4708
f 5954/4066/4694 5985/4104/4732 5953/4068/4695
f 5951/4096/4724 5983/4113/4741 5950/4094/4722
f 5948/4097/4725 5979/4118/4746 5947/4084/4712
f 5977/4071/4699 6008/4119/4747 5976/4087/4714
f 5974/4072/4700 6005/4120/4748 5973/4073/4701
f 5971/4075/4703 6003/4115/4743 5970/4089/4717
f 6003/4115/4743 6035/4122/4749 6002/4121/4750
f 6000/4116/4744 6031/4123/4751 5999/4099/4727
f 5997/4124/4752 6028/4125/4753 5996/4100/4728
f 5994/4101/4729 6025/4127/4754 5993/4126/4755
f 5991/4102/4730 6023/4129/4756 5990/4128/4757
f 5988/4130/4758 6019/4131/4759 5987/4103/4731
f 5985/4104/4732 6017/4133/4760 5984/4132/4761
f 5982/4134/4762 6013/4135/4763 5981/4105/4733
f 5979/4118/4746 6010/4136/4764 5978/4106/4734
f 6008/4119/4747 6039/4137/4765 6007/4107/4735
f 6005/4120/4748 6036/4138/4766 6004/4108/4736
f 6002/4121/4750 6033/4139/4767 6001/4109/4737
f 5999/4099/4727 6030/4140/4768 5998/4110/4738
f 5996/4100/4728 6028/4125/4753 5995/4117/4745
f 5993/4126/4755 6024/4141/4769 5992/4111/4739
f 5990/4128/4757 6021/4142/4770 5989/4112/4740
f 5987/4103/4731 6019/4131/4759 5986/4143/4771
f 5984/4132/4761 6015/4144/4772 5983/4113/4741
f 5981/4105/4733 6013/4135/4763 5980/4145/4773
f 5978/4106/4734 6041/4146/4774 6009/4114/4742
f 6007/4107/4735 6039/4137/4765 6006/4147/4775
f 6004/4108/4736 6035/4122/4749 6003/4115/4743
f 6001/4109/4737 6032/4148/4776 6000/4116/4744
f 5998/4110/4738 6030/4140/4768 5997/4124/4752
f 5995/4117/4745 6027/4149/4777 5994/4101/4729
f 5992/4111/4739 6024/4141/4769 5991/4102/4730
f 5989/4112/4740 6021/4142/4770 5988/4130/4758
f 5986/4143/4771 6017/4133/4760 5985/4104/4732
f 5983/4113/4741 6015/4144/4772 5982/4134/4762
f 5980/4145/4773 6011/4150/4778 5979/4118/4746
f 6009/4114/4742 6040/4151/4779 6008/4119/4747
f 6006/4147/4775 6037/4152/4780 6005/4120/4748
f 6038/4153/4781 6069/4154/4782 6037/4152/4780
f 6035/4122/4749 6067/4156/4783 6034/4155/4784
f 6032/4148/4776 6063/4157/4785 6031/4123/4751
f 6029/4158/4786 6060/4159/4787 6028/4125/4753
f 6026/4160/4788 6057/4161/4789 6025/4127/4754
f 6023/4129/4756 6055/4163/4790 6022/4162/4791
f 6020/4164/4792 6051/4165/4793 6019/4131/4759
f 6017/4133/4760 6048/4167/4794 6016/4166/4795
f 6014/4168/4796 6045/4169/4797 6013/4135/4763
f 6011/4150/4778 6043/4170/4798 6010/4136/4764
f 6040/4151/4779 6071/4171/4799 6039/4137/4765
f 6037/4152/4780 6068/4172/4800 6036/4138/4766
f 6034/4155/4784 6065/4173/4801 6033/4139/4767
f 6031/4123/4751 6062/4174/4802 6030/4140/4768
f 6028/4125/4753 6060/4159/4787 6027/4149/4777
f 6025/4127/4754 6056/4175/4803 6024/4141/4769
f 6022/4162/4791 6054/4176/4804 6021/4142/4770
f 6019/4131/4759 6051/4165/4793 6018/4177/4805
f 6016/4166/4795 6047/4178/4806 6015/4144/4772
f 6013/4135/4763 6045/4169/4797 6012/4179/4807
f 6010/4136/4764 6073/4180/4808 6041/4146/4774
f 6039/4137/4765 6071/4171/4799 6038/4153/4781
f 6036/4138/4766 6067/4156/4783 6035/4122/4749
f 6033/4139/4767 6064/4181/4809 6032/4148/4776
f 6030/4140/4768 6062/4174/4802 6029/4158/4786
f 6027/4149/4777 6059/4182/4810 6026/4160/4788
f 6024/4141/4769 6056/4175/4803 6023/4129/4756
f 6021/4142/4770 6053/4183/4811 6020/4164/4792
f 6018/4177/4805 6049/4184/4812 6017/4133/4760
f 6015/4144/4772 6047/4178/4806 6014/4168/4796
f 6012/4179/4807 6043/4170/4798 6011/4150/4778
f 6041/4146/4774 6072/4185/4813 6040/4151/4779
f 6070/4186/4814 6084/4187/4815 6069/4154/4782
f 6067/4156/4783 6083/4189/4816 6066/4188/4817
f 6064/4181/4809 6081/4190/4818 6063/4157/4785
f 6058/4191/4819 6079/4192/4820 6057/4161/4789
f 6055/4163/4790 6078/4193/4821 6054/4176/4804
f 6046/4194/4822 6074/4195/4823 6045/4169/4797
f 6066/4188/4817 6083/4189/4816 6065/4173/4801
f 6063/4157/4785 6081/4190/4818 6062/4174/4802
f 6045/4169/4797 6074/4195/4823 6044/4196/4824
f 6050/4197/4825 6075/4198/4826 6049/4184/4812
f 6252/4199/4827 6088/4201/4828 6250/4200/4829
f 6257/4202/4830 6096/4204/4831 6256/4203/4832
f 6250/4200/4829 6086/4206/4833 6251/4205/4834
f 6262/4207/4835 6104/4209/4836 6261/4208/4837
f 6255/4210/4838 6091/4212/4839 6254/4211/4840
f 6251/4205/4834 6117/4214/4841 6269/4213/4842
f 6268/4215/4843 6115/4217/4844 6267/4216/4845
f 6266/4218/4846 6111/4220/4847 6265/4219/4848
f 6261/4208/4837 6103/4222/4849 6260/4221/4850
f 6258/4223/4851 6096/4204/4831 6257/4202/4830
f 6254/4211/4840 6091/4212/4839 6253/4224/4852
f 6094/4225/4853 6125/4227/4854 6093/4226/4855
f 6091/4212/4839 6123/4229/4856 6090/4228/4857
f 6088/4201/4828 6119/4231/4858 6087/4230/4859
f 6117/4214/4841 6148/4233/4860 6116/4232/4861
f 6114/4234/4862 6145/4236/4863 6113/4235/4864
f 6111/4220/4847 6143/4238/4865 6110/4237/4866
f 6108/4239/4867 6139/4241/4868 6107/4240/4869
f 6105/4242/4870 6136/4243/4871 6104/4209/4836
f 6102/4244/4872 6133/4246/4873 6101/4245/4874
f 6099/4247/4875 6131/4249/4876 6098/4248/4877
f 6096/4204/4831 6127/4251/4878 6095/4250/4879
f 6093/4226/4855 6125/4227/4854 6092/4252/4880
f 6090/4228/4857 6121/4254/4881 6089/4253/4882
f 6087/4230/4859 6118/4255/4883 6086/4206/4833
f 6116/4232/4861 6147/4256/4884 6115/4217/4844
f 6113/4235/4864 6145/4236/4863 6112/4257/4885
f 6110/4237/4866 6141/4259/4886 6109/4258/4887
f 6107/4240/4869 6138/4261/4888 6106/4260/4889
f 6104/4209/4836 6136/4243/4871 6103/4222/4849
f 6101/4245/4874 6132/4263/4890 6100/4262/4891
f 6098/4248/4877 6129/4265/4892 6097/4264/4893
f 6095/4250/4879 6127/4251/4878 6094/4225/4853
f 6092/4252/4880 6123/4229/4856 6091/4212/4839
f 6089/4253/4882 6120/4266/4894 6088/4201/4828
f 6086/4206/4833 6118/4255/4883 6117/4214/4841
f 6115/4217/4844 6147/4256/4884 6114/4234/4862
f 6112/4257/4885 6143/4238/4865 6111/4220/4847
f 6109/4258/4887 6140/4267/4895 6108/4239/4867
f 6106/4260/4889 6138/4261/4888 6105/4242/4870
f 6103/4222/4849 6135/4268/4896 6102/4244/4872
f 6100/4262/4891 6132/4263/4890 6099/4247/4875
f 6097/4264/4893 6128/4269/4897 6096/4204/4831
f 6129/4265/4892 6156/4270/4898 6128/4269/4897
f 6126/4271/4899 6153/4272/4900 6125/4227/4854
f 6123/4229/4856 6151/4274/4901 6122/4273/4902
f 6143/4238/4865 6166/4276/4903 6142/4275/4904
f 6140/4267/4895 6164/4277/4905 6139/4241/4868
f 6137/4278/4906 6162/4279/4907 6136/4243/4871
f 6134/4280/4908 6160/4281/4909 6133/4246/4873
f 6131/4249/4876 6158/4283/4910 6130/4282/4911
f 6128/4269/4897 6155/4284/4912 6127/4251/4878
f 6125/4227/4854 6153/4272/4900 6124/4285/4913
f 6122/4273/4902 6150/4286/4914 6121/4254/4881
f 6145/4236/4863 6167/4288/4915 6144/4287/4916
f 6142/4275/4904 6165/4289/4917 6141/4259/4886
f 6139/4241/4868 6163/4290/4918 6138/4261/4888
f 6136/4243/4871 6162/4279/4907 6135/4268/4896
f 6133/4246/4873 6159/4291/4919 6132/4263/4890
f 6130/4282/4911 6156/4270/4898 6129/4265/4892
f 6127/4251/4878 6155/4284/4912 6126/4271/4899
f 6124/4285/4913 6151/4274/4901 6123/4229/4856
f 6144/4287/4916 6166/4276/4903 6143/4238/4865
f 6138/4261/4888 6163/4290/4918 6137/4278/4906
f 6132/4263/4890 6159/4291/4919 6131/4249/4876
f 6272/4292/4920 6171/4294/4858 6270/4293/4921
f 6270/4293/4921 6170/4296/4922 6271/4295/4923
f 6271/4295/4923 6170/4296/4922 6281/4297/4924
f 6283/4298/4925 6207/4300/4926 6282/4299/4927
f 6285/4301/4928 6204/4303/4929 6284/4302/4930
f 6287/4304/4931 6232/4306/4932 6286/4305/4933
f 6289/4307/4934 6229/4309/4935 6288/4308/4936
f 6291/4310/4937 6226/4312/4938 6290/4311/4939
f 6293/4313/4940 6223/4315/4941 6292/4314/4942
f 6295/4316/4943 6220/4318/4944 6294/4317/4945
f 6297/4319/4946 6217/4321/4947 6296/4320/4948
f 6299/4322/4949 6215/4324/4950 6298/4323/4951
f 6301/4325/4952 6211/4327/4953 6300/4326/4954
f 6303/4328/4955 6209/4330/4956 6302/4329/4957
f 6282/4299/4927 6205/4332/4958 6304/4331/4959
f 6284/4302/4930 6202/4334/4960 6305/4333/4961
f 6286/4305/4933 6231/4336/4962 6306/4335/4963
f 6288/4308/4936 6228/4338/4964 6307/4337/4965
f 6290/4311/4939 6226/4312/4938 6308/4339/4966
f 6292/4314/4942 6222/4341/4967 6309/4340/4968
f 6294/4317/4945 6219/4343/4969 6310/4342/4970
f 6296/4320/4948 6216/4345/4971 6311/4344/4972
f 6298/4323/4951 6214/4347/4973 6312/4346/4974
f 6300/4326/4954 6211/4327/4953 6313/4348/4975
f 6302/4329/4957 6207/4300/4926 6283/4298/4925
f 6304/4331/4959 6204/4303/4929 6285/4301/4928
f 6305/4333/4961 6202/4334/4960 6287/4304/4931
f 6306/4335/4963 6230/4349/4976 6289/4307/4934
f 6307/4337/4965 6227/4350/4977 6291/4310/4937
f 6308/4339/4966 6225/4351/4978 6293/4313/4940
f 6309/4340/4968 6222/4341/4967 6295/4316/4943
f 6310/4342/4970 6219/4343/4969 6297/4319/4946
f 6311/4344/4972 6216/4345/4971 6299/4322/4949
f 6312/4346/4974 6213/4352/4979 6301/4325/4952
f 6313/4348/4975 6209/4330/4956 6303/4328/4955
f 6210/4353/4980 6234/4354/3940 6209/4330/4956
f 6207/4300/4926 6234/4354/3940 6206/4355/4981
f 6204/4303/4929 6234/4354/3940 6203/4356/4982
f 6233/4357/4983 6234/4354/3940 6232/4306/4932
f 6230/4349/4976 6234/4354/3940 6229/4309/4935
f 6227/4350/4977 6234/4354/3940 6226/4312/4938
f 6224/4358/4984 6234/4354/3940 6223/4315/4941
f 6221/4359/4985 6234/4354/3940 6220/4318/4944
f 6218/4360/4986 6234/4354/3940 6217/4321/4947
f 6215/4324/4950 6234/4354/3940 6214/4347/4973
f 6212/4361/4987 6234/4354/3940 6211/4327/4953
f 6209/4330/4956 6234/4354/3940 6208/4362/4988
f 6206/4355/4981 6234/4354/3940 6205/4332/4958
f 6203/4356/4982 6234/4354/3940 6202/4334/4960
f 6232/4306/4932 6234/4354/3940 6231/4336/4962
f 6229/4309/4935 6234/4354/3940 6228/4338/4964
f 6226/4312/4938 6234/4354/3940 6225/4351/4978
f 6223/4315/4941 6234/4354/3940 6222/4341/4967
f 6220/4318/4944 6234/4354/3940 6219/4343/4969
f 6217/4321/4947 6234/4354/3940 6216/4345/4971
f 6214/4347/4973 6234/4354/3940 6213/4352/4979
f 6211/4327/4953 6234/4354/3940 6210/4353/4980
f 6208/4362/4988 6234/4354/3940 6207/4300/4926
f 6205/4332/4958 6234/4354/3940 6204/4303/4929
f 6202/4334/4960 6234/4354/3940 6233/4357/4983
f 6231/4336/4962 6234/4354/3940 6230/4349/4976
f 6228/4338/4964 6234/4354/3940 6227/4350/4977
f 6225/4351/4978 6234/4354/3940 6224/4358/4984
f 6222/4341/4967 6234/4354/3940 6221/4359/4985
f 6219/4343/4969 6234/4354/3940 6218/4360/4986
f 6216/4345/4971 6234/4354/3940 6215/4324/4950
f 6213/4352/4979 6234/4354/3940 6212/4361/4987
f 6175/4363/4856 6283/4298/4925 6174/4364/4902
f 6172/4365/4989 6285/4301/4928 6171/4294/4858
f 6201/4366/4990 6286/4305/4933 6200/4367/4991
f 6198/4368/4992 6288/4308/4936 6197/4369/4863
f 6195/4370/4993 6291/4310/4937 6194/4371/4994
f 6192/4372/4995 6292/4314/4942 6191/4373/4868
f 6189/4374/4906 6294/4317/4945 6188/4375/4871
f 6186/4376/4996 6296/4320/4948 6185/4377/4873
f 6183/4378/4876 6299/4322/4949 6182/4379/4911
f 6180/4380/4897 6300/4326/4954 6179/4381/4997
f 6177/4382/4854 6302/4329/4957 6176/4383/4998
f 6174/4364/4902 6304/4331/4959 6173/4384/4881
f 6171/4294/4858 6305/4333/4961 6170/4296/4922
f 6200/4367/4991 6306/4335/4963 6199/4385/4884
f 6197/4369/4863 6307/4337/4965 6196/4386/4916
f 6194/4371/4994 6290/4311/4939 6193/4387/4886
f 6191/4373/4868 6309/4340/4968 6190/4388/4888
f 6188/4375/4871 6294/4317/4945 6187/4389/4896
f 6185/4377/4873 6311/4344/4972 6184/4390/4999
f 6182/4379/4911 6312/4346/4974 6181/4391/4892
f 6179/4381/4997 6300/4326/4954 6178/4392/5000
f 6176/4383/4998 6283/4298/4925 6175/4363/4856
f 6173/4384/4881 6285/4301/4928 6172/4365/4989
f 6170/4296/4922 6287/4304/4931 6201/4366/4990
f 6199/4385/4884 6306/4335/4963 6198/4368/4992
f 6196/4386/4916 6291/4310/4937 6195/4370/4993
f 6193/4387/4886 6293/4313/4940 6192/4372/4995
f 6190/4388/4888 6309/4340/4968 6189/4374/4906
f 6187/4389/4896 6310/4342/4970 6186/4376/4996
f 6184/4390/4999 6311/4344/4972 6183/4378/4876
f 6181/4391/4892 6312/4346/4974 6180/4380/4897
f 6178/4392/5000 6303/4328/4955 6177/4382/4854
f 5939/4052/4680 5971/4075/4703 5938/4090/4718
f 5973/4073/4701 5972/4074/4702 5941/4058/4686
f 5674/3797/4426 5675/3796/4424 5672/3794/4423
f 5676/3799/4428 5677/3798/4427 5674/3797/4426
f 5678/3801/4430 5679/3800/4429 5676/3799/4428
f 5680/3803/4432 5681/3802/4431 5678/3801/4430
f 5682/3805/4434 5683/3804/4433 5680/3803/4432
f 5684/3807/4436 5685/3806/4435 5682/3805/4434
f 5686/3809/4438 5687/3808/4437 5684/3807/4436
f 5688/3811/4440 5689/3810/4439 5686/3809/4438
f 5690/3813/4442 5691/3812/4441 5688/3811/4440
f 5692/3815/4444 5693/3814/4443 5690/3813/4442
f 5694/3817/4446 5695/3816/4445 5692/3815/4444
f 5696/3819/4448 5697/3818/4447 5694/3817/4446
f 5698/3821/4450 5699/3820/4449 5696/3819/4448
f 5701/3823/4453 5702/3824/4452 5703/3825/4455
f 5729/3851/4481 5730/3852/4480 5731/3853/4483
f 5703/3825/4455 5704/3826/4454 5705/3827/4457
f 5705/3827/4457 5706/3828/4456 5707/3829/4459
f 5707/3829/4459 5708/3830/4458 5709/3831/4461
f 5709/3831/4461 5710/3832/4460 5711/3833/4463
f 5711/3833/4463 5712/3834/4462 5713/3835/4465
f 5713/3835/4465 5714/3836/4464 5715/3837/4467
f 5715/3837/4467 5716/3838/4466 5717/3839/4469
f 5717/3839/4469 5718/3840/4468 5719/3841/4471
f 5719/3841/4471 5720/3842/4470 5721/3843/4473
f 5721/3843/4473 5722/3844/4472 5723/3845/4475
f 5723/3845/4475 5724/3846/4474 5725/3847/4477
f 5725/3847/4477 5726/3848/4476 5727/3849/4479
f 5727/3849/4479 5728/3850/4478 5729/3851/4481
f 5731/3853/4483 5732/3854/4482 5733/3858/4487
f 5692/3815/4444 5745/3869/4498 5746/3895/4524
f 5755/3860/4489 5756/3855/4484 5710/3832/4460
f 5672/3794/4423 5673/3795/4425 5734/3856/4485
f 5734/3856/4485 5735/3857/4486 5732/3854/4482
f 5756/3855/4484 5757/3859/4488 5712/3834/4462
f 5754/3861/4490 5755/3860/4489 5708/3830/4458
f 5753/3862/4491 5754/3861/4490 5706/3828/4456
f 5752/3863/4492 5753/3862/4491 5704/3826/4454
f 5751/3864/4493 5752/3863/4492 5702/3824/4452
f 5750/3865/4494 5751/3864/4493 5700/3822/4451
f 5749/3866/4495 5750/3865/4494 5698/3821/4450
f 5748/3867/4496 5749/3866/4495 5696/3819/4448
f 5747/3868/4497 5748/3867/4496 5694/3817/4446
f 5746/3895/4524 5747/3868/4497 5692/3815/4444
f 5676/3799/4428 5737/3876/4505 5738/4393/5001
f 5744/3870/4499 5745/3869/4498 5688/3811/4440
f 5743/3871/4500 5744/3870/4499 5686/3809/4438
f 5742/3872/4501 5743/3871/4500 5684/3807/4436
f 5741/3873/4502 5742/3872/4501 5682/3805/4434
f 5740/3874/4503 5741/3873/4502 5680/3803/4432
f 5739/3875/4504 5740/3874/4503 5678/3801/4430
f 5738/4393/5001 5739/3875/4504 5676/3799/4428
f 5724/3846/4474 5761/3883/4512 5762/4394/5002
f 5767/3878/4507 5736/3877/4506 5734/3856/4485
f 5766/3879/4508 5767/3878/4507 5732/3854/4482
f 5765/3880/4509 5766/3879/4508 5730/3852/4480
f 5764/3881/4510 5765/3880/4509 5728/3850/4478
f 5763/3882/4511 5764/3881/4510 5726/3848/4476
f 5762/4394/5002 5763/3882/4511 5724/3846/4474
f 5737/3876/4505 5768/3887/4516 5769/4395/5003
f 5760/3884/4513 5761/3883/4512 5720/3842/4470
f 5759/3885/4514 5760/3884/4513 5718/3840/4468
f 5758/3886/4515 5759/3885/4514 5716/3838/4466
f 5736/3877/4506 5737/3876/4505 5672/3794/4423
f 5757/3859/4488 5758/3886/4515 5714/3836/4464
f 5773/3896/4525 5774/3891/4520 5747/3868/4497
f 5779/4396/5004 5780/3888/4517 5758/3886/4515
f 5772/4397/5005 5773/3896/4525 5746/3895/4524
f 5782/4398/5006 5783/3893/4522 5763/3882/4511
f 5758/3886/4515 5778/3889/4518 5779/4396/5004
f 5776/3890/4519 5777/3898/4527 5754/3861/4490
f 5788/3914/4543 5789/3901/4529 6236/3899/4528
f 5814/3919/4548 5815/3920/4550 6248/4399/5007
f 6246/4400/5008 5808/3925/4554 5809/3926/4556
f 5805/3928/4557 5806/3929/4559 6245/4401/5009
f 6236/3899/4528 5787/3903/4532 5788/3914/4543
f 5790/3908/4536 5791/3911/4540 6238/3907/4537
f 6249/4402/5010 5815/3920/4550 5816/3944/4573
f 5816/3944/4573 5785/3916/4545 6249/4402/5010
f 5801/3910/4539 5802/3906/4534 6243/3904/4533
f 5798/3955/4584 5799/3933/4562 6241/4403/5011
f 5792/3912/4542 5793/3939/4568 6239/4404/5012
f 5789/3901/4529 5790/3908/4536 6237/3900/4530
f 5809/3926/4556 5810/3948/4577 6246/4400/5008
f 5807/3950/4579 5838/3930/4558 5839/3970/4598
f 5800/3934/4564 5801/3910/4539 6242/3909/4538
f 5794/3940/4570 5795/3957/4586 6240/4405/5013
f 5823/3942/4571 5824/3913/4541 5791/3911/4540
f 5820/3943/4572 5821/3915/4544 5788/3914/4543
f 5817/3945/4574 5818/3918/4546 5785/3916/4545
f 5846/3947/4576 5847/3921/4549 5814/3919/4548
f 5843/3949/4578 5844/3924/4552 5811/3922/4551
f 5840/3951/4580 5841/3927/4555 5808/3925/4554
f 5837/3953/4582 5838/3930/4558 5805/3928/4557
f 5834/3954/4583 5835/3932/4560 5802/3906/4534
f 5831/3956/4585 5832/3935/4563 5799/3933/4562
f 5828/3958/4587 5829/3938/4566 5796/3936/4565
f 5825/3959/4588 5826/3941/4569 5793/3939/4568
f 5822/3960/4589 5823/3942/4571 5790/3908/4536
f 5819/3961/4590 5820/3943/4572 5787/3903/4532
f 5848/3962/4591 5817/3945/4574 5816/3944/4573
f 5845/3963/4592 5846/3947/4576 5813/3946/4575
f 5842/3964/4593 5843/3949/4578 5810/3948/4577
f 5839/3970/4598 5840/3951/4580 5807/3950/4579
f 5836/3965/4594 5837/3953/4582 5804/3952/4581
f 5833/3966/4595 5834/3954/4583 5801/3910/4539
f 5830/3967/4596 5831/3956/4585 5798/3955/4584
f 5827/3968/4597 5828/3958/4587 5795/3957/4586
f 5824/3913/4541 5825/3959/4588 5792/3912/4542
f 5821/3915/4544 5822/3960/4589 5789/3901/4529
f 5818/3918/4546 5819/3961/4590 5786/3917/4547
f 5847/3921/4549 5848/3962/4591 5815/3920/4550
f 5844/3924/4552 5845/3963/4592 5812/3923/4553
f 5841/3927/4555 5842/3964/4593 5809/3926/4556
f 5795/3957/4586 5826/3941/4569 5827/3968/4597
f 5835/3932/4560 5836/3965/4594 5803/3931/4561
f 5832/3935/4563 5833/3966/4595 5800/3934/4564
f 5829/3938/4566 5830/3967/4596 5797/3937/4567
f 5681/3802/4431 5855/3975/4603 5854/4004/4632
f 5860/3999/4627 5859/3971/4599 5693/3814/4443
f 5859/3971/4599 5858/3972/4600 5691/3812/4441
f 5858/3972/4600 5857/3973/4601 5689/3810/4439
f 5857/3973/4601 5856/3974/4602 5687/3808/4437
f 5856/3974/4602 5855/3975/4603 5685/3806/4435
f 5735/3857/4486 5850/3979/4607 5881/4016/4645
f 5854/4004/4632 5853/3976/4604 5681/3802/4431
f 5853/3976/4604 5852/3977/4605 5679/3800/4429
f 5852/3977/4605 5851/3978/4606 5677/3798/4427
f 5697/3818/4447 5863/3997/4625 5862/4000/4629
f 5881/4016/4645 5880/3980/4608 5735/3857/4486
f 5880/3980/4608 5879/3981/4609 5733/3858/4487
f 5879/3981/4609 5878/3982/4610 5731/3853/4483
f 5878/3982/4610 5877/3983/4611 5729/3851/4481
f 5877/3983/4611 5876/3984/4612 5727/3849/4479
f 5876/3984/4612 5875/3985/4613 5725/3847/4477
f 5875/3985/4613 5874/3986/4614 5723/3845/4475
f 5874/3986/4614 5873/3987/4615 5721/3843/4473
f 5873/3987/4615 5872/3988/4616 5719/3841/4471
f 5851/3978/4606 5850/3979/4607 5675/3796/4424
f 5872/3988/4616 5871/3989/4617 5717/3839/4469
f 5871/3989/4617 5870/3990/4618 5715/3837/4467
f 5870/3990/4618 5869/3991/4619 5713/3835/4465
f 5869/3991/4619 5868/3992/4620 5711/3833/4463
f 5868/3992/4620 5867/3993/4621 5709/3831/4461
f 5867/3993/4621 5866/3994/4622 5707/3829/4459
f 5866/3994/4622 5865/3995/4623 5705/3827/4457
f 5865/3995/4623 5864/3996/4624 5703/3825/4455
f 5864/3996/4624 5863/3997/4625 5701/3823/4453
f 5856/3974/4602 5889/4003/4631 5888/4014/4642
f 5862/4000/4629 5861/3998/4626 5697/3818/4447
f 5861/3998/4626 5860/3999/4627 5695/3816/4445
f 5862/4000/4629 5895/4001/4628 5894/4031/4660
f 5892/4033/4661 5891/4002/4630 5860/3999/4627
f 5858/3972/4600 5891/4002/4630 5890/4021/4649
f 5886/4036/4664 5885/4005/4633 5854/4004/4632
f 5883/4023/4651 5882/4006/4634 5851/3978/4606
f 5912/4024/4652 5911/4007/4635 5880/3980/4608
f 5909/4025/4653 5908/4008/4636 5877/3983/4611
f 5906/4041/4669 5905/4009/4637 5874/3986/4614
f 5903/4026/4654 5902/4010/4638 5871/3989/4617
f 5900/4027/4655 5899/4011/4639 5868/3992/4620
f 5897/4029/4658 5896/4012/4640 5865/3995/4623
f 5894/4031/4660 5893/4013/4641 5862/4000/4629
f 5855/3975/4603 5888/4014/4642 5887/4022/4650
f 5878/3982/4610 5911/4007/4635 5910/4050/4679
f 5885/4005/4633 5884/4015/4643 5853/3976/4604
f 5882/4006/4634 5913/4017/4644 5850/3979/4607
f 5866/3994/4622 5899/4011/4639 5898/4028/4656
f 5908/4008/4636 5907/4018/4646 5876/3984/4612
f 5905/4009/4637 5904/4019/4647 5873/3987/4615
f 5902/4010/4638 5901/4020/4648 5870/3990/4618
f 5860/3999/4627 5893/4013/4641 5892/4033/4661
f 5863/3997/4625 5896/4012/4640 5895/4001/4628
f 5857/3973/4601 5890/4021/4649 5889/4003/4631
f 5874/3986/4614 5907/4018/4646 5906/4041/4669
f 5854/4004/4632 5887/4022/4650 5886/4036/4664
f 5884/4015/4643 5883/4023/4651 5852/3977/4605
f 5913/4017/4644 5912/4024/4652 5881/4016/4645
f 5910/4050/4679 5909/4025/4653 5878/3982/4610
f 5865/3995/4623 5898/4028/4656 5897/4029/4658
f 5904/4019/4647 5903/4026/4654 5872/3988/4616
f 5901/4020/4648 5900/4027/4655 5869/3991/4619
f 5894/4031/4660 5927/4032/4659 5926/4064/4693
f 5930/4062/4690 5929/4030/4657 5898/4028/4656
f 5891/4002/4630 5924/4034/4662 5923/4047/4675
f 5899/4011/4639 5932/4044/4672 5931/4055/4683
f 5921/4056/4684 5920/4035/4663 5889/4003/4631
f 5918/4095/4723 5917/4037/4665 5886/4036/4664
f 5915/4085/4713 5914/4038/4666 5883/4023/4651
f 5944/4057/4685 5943/4039/4667 5912/4024/4652
f 5941/4058/4686 5940/4040/4668 5909/4025/4653
f 5938/4090/4718 5937/4042/4670 5906/4041/4669
f 5935/4059/4687 5934/4043/4671 5903/4026/4654
f 5890/4021/4649 5923/4047/4675 5922/4067/4696
f 5929/4030/4657 5928/4045/4673 5897/4029/4658
f 5926/4064/4693 5925/4046/4674 5894/4031/4660
f 5913/4017/4644 5914/4038/4666 5945/4086/4715
f 5920/4035/4663 5919/4048/4676 5888/4014/4642
f 5917/4037/4665 5916/4049/4677 5885/4005/4633
f 5898/4028/4656 5931/4055/4683 5930/4062/4690
f 5943/4039/4667 5942/4051/4678 5911/4007/4635
f 5940/4040/4668 5939/4052/4680 5908/4008/4636
f 5937/4042/4670 5936/4053/4681 5905/4009/4637
f 5934/4043/4671 5933/4054/4682 5902/4010/4638
f 5895/4001/4628 5928/4045/4673 5927/4032/4659
f 5886/4036/4664 5919/4048/4676 5918/4095/4723
f 5925/4046/4674 5924/4034/4662 5893/4013/4641
f 5922/4067/4696 5921/4056/4684 5890/4021/4649
f 5883/4023/4651 5916/4049/4677 5915/4085/4713
f 5906/4041/4669 5939/4052/4680 5938/4090/4718
f 5945/4086/4715 5944/4057/4685 5913/4017/4644
f 5942/4051/4678 5941/4058/4686 5910/4050/4679
f 5929/4030/4657 5962/4063/4691 5961/4060/4688
f 5936/4053/4681 5935/4059/4687 5904/4019/4647
f 5933/4054/4682 5932/4044/4672 5901/4020/4648
f 5929/4030/4657 5960/4061/4689 5928/4045/4673
f 5922/4067/4696 5953/4068/4695 5921/4056/4684
f 5926/4064/4693 5959/4065/4692 5958/4081/4709
f 5920/4035/4663 5953/4068/4695 5952/4083/4711
f 5914/4038/4666 5977/4071/4699 5945/4086/4715
f 5948/4097/4725 5916/4049/4677 5949/4069/4697
f 5940/4040/4668 5971/4075/4703 5939/4052/4680
f 5942/4051/4678 5973/4073/4701 5941/4058/4686
f 5934/4043/4671 5967/4078/4706 5966/4091/4719
f 5937/4042/4670 5968/4077/4705 5936/4053/4681
f 5931/4055/4683 5964/4079/4707 5963/4092/4720
f 5925/4046/4674 5958/4081/4709 5957/4093/4721
f 5955/4082/4710 5923/4047/4675 5956/4080/4708
f 5919/4048/4676 5952/4083/4711 5951/4096/4724
f 5922/4067/4696 5955/4082/4710 5954/4066/4694
f 5915/4085/4713 5946/4070/4698 5914/4038/4666
f 5938/4090/4718 5969/4076/4704 5937/4042/4670
f 5945/4086/4715 5976/4087/4714 5944/4057/4685
f 5942/4051/4678 5975/4088/4716 5974/4072/4700
f 5933/4054/4682 5966/4091/4719 5965/4098/4726
f 5936/4053/4681 5967/4078/4706 5935/4059/4687
f 5930/4062/4690 5963/4092/4720 5962/4063/4691
f 5924/4034/4662 5957/4093/4721 5956/4080/4708
f 5927/4032/4659 5960/4061/4689 5959/4065/4692
f 5918/4095/4723 5949/4069/4697 5917/4037/4665
f 5961/4060/4688 5994/4101/4729 5993/4126/4755
f 5918/4095/4723 5951/4096/4724 5950/4094/4722
f 5915/4085/4713 5948/4097/4725 5947/4084/4712
f 5944/4057/4685 5975/4088/4716 5943/4039/4667
f 5933/4054/4682 5964/4079/4707 5932/4044/4672
f 6000/4116/4744 5999/4099/4727 5968/4077/4705
f 5997/4124/4752 5996/4100/4728 5965/4098/4726
f 5952/4083/4711 5985/4104/4732 5984/4132/4761
f 5958/4081/4709 5991/4102/4730 5990/4128/4757
f 5988/4130/4758 5987/4103/4731 5956/4080/4708
f 5963/4092/4720 5996/4100/4728 5995/4117/4745
f 5982/4134/4762 5981/4105/4733 5950/4094/4722
f 5979/4118/4746 5978/4106/4734 5947/4084/4712
f 6008/4119/4747 6007/4107/4735 5976/4087/4714
f 6005/4120/4748 6004/4108/4736 5973/4073/4701
f 6002/4121/4750 6001/4109/4737 5970/4089/4717
f 5999/4099/4727 5998/4110/4738 5967/4078/4706
f 5948/4097/4725 5981/4105/4733 5980/4145/4773
f 5993/4126/4755 5992/4111/4739 5961/4060/4688
f 5990/4128/4757 5989/4112/4740 5958/4081/4709
f 5954/4066/4694 5987/4103/4731 5986/4143/4771
f 5984/4132/4761 5983/4113/4741 5952/4083/4711
f 5965/4098/4726 5998/4110/4738 5997/4124/4752
f 5978/4106/4734 6009/4114/4742 5946/4070/4698
f 5974/4072/4700 6007/4107/4735 6006/4147/4775
f 6004/4108/4736 6003/4115/4743 5972/4074/4702
f 6001/4109/4737 6000/4116/4744 5969/4076/4704
f 5962/4063/4691 5995/4117/4745 5994/4101/4729
f 5956/4080/4708 5989/4112/4740 5988/4130/4758
f 5959/4065/4692 5992/4111/4739 5991/4102/4730
f 5970/4089/4717 6003/4115/4743 6002/4121/4750
f 5986/4143/4771 5985/4104/4732 5954/4066/4694
f 5950/4094/4722 5983/4113/4741 5982/4134/4762
f 5980/4145/4773 5979/4118/4746 5948/4097/4725
f 6009/4114/4742 6008/4119/4747 5977/4071/4699
f 6006/4147/4775 6005/4120/4748 5974/4072/4700
f 6002/4121/4750 6035/4122/4749 6034/4155/4784
f 5990/4128/4757 6023/4129/4756 6022/4162/4791
f 6032/4148/4776 6031/4123/4751 6000/4116/4744
f 6029/4158/4786 6028/4125/4753 5997/4124/4752
f 6026/4160/4788 6025/4127/4754 5994/4101/4729
f 5984/4132/4761 6017/4133/4760 6016/4166/4795
f 6020/4164/4792 6019/4131/4759 5988/4130/4758
f 5980/4145/4773 6013/4135/4763 6012/4179/4807
f 6014/4168/4796 6013/4135/4763 5982/4134/4762
f 6011/4150/4778 6010/4136/4764 5979/4118/4746
f 6040/4151/4779 6039/4137/4765 6008/4119/4747
f 6037/4152/4780 6036/4138/4766 6005/4120/4748
f 6034/4155/4784 6033/4139/4767 6002/4121/4750
f 6031/4123/4751 6030/4140/4768 5999/4099/4727
f 5995/4117/4745 6028/4125/4753 6027/4149/4777
f 6025/4127/4754 6024/4141/4769 5993/4126/4755
f 6022/4162/4791 6021/4142/4770 5990/4128/4757
f 5986/4143/4771 6019/4131/4759 6018/4177/4805
f 6016/4166/4795 6015/4144/4772 5984/4132/4761
f 5994/4101/4729 6027/4149/4777 6026/4160/4788
f 6010/4136/4764 6041/4146/4774 5978/4106/4734
f 6006/4147/4775 6039/4137/4765 6038/4153/4781
f 6036/4138/4766 6035/4122/4749 6004/4108/4736
f 6033/4139/4767 6032/4148/4776 6001/4109/4737
f 5997/4124/4752 6030/4140/4768 6029/4158/4786
f 6034/4155/4784 6067/4156/4783 6066/4188/4817
f 5991/4102/4730 6024/4141/4769 6023/4129/4756
f 5988/4130/4758 6021/4142/4770 6020/4164/4792
f 6018/4177/4805 6017/4133/4760 5986/4143/4771
f 5982/4134/4762 6015/4144/4772 6014/4168/4796
f 6012/4179/4807 6011/4150/4778 5980/4145/4773
f 6041/4146/4774 6040/4151/4779 6009/4114/4742
f 6038/4153/4781 6037/4152/4780 6006/4147/4775
f 6070/4186/4814 6069/4154/4782 6038/4153/4781
f 6022/4162/4791 6055/4163/4790 6054/4176/4804
f 6064/4181/4809 6063/4157/4785 6032/4148/4776
f 6061/4406/5014 6060/4159/4787 6029/4158/4786
f 6058/4191/4819 6057/4161/4789 6026/4160/4788
f 6010/4136/4764 6043/4170/4798 6042/4407/5015
f 6052/4408/5016 6051/4165/4793 6020/4164/4792
f 6049/4184/4812 6048/4167/4794 6017/4133/4760
f 6046/4194/4822 6045/4169/4797 6014/4168/4796
f 6021/4142/4770 6054/4176/4804 6053/4183/4811
f 6072/4185/4813 6071/4171/4799 6040/4151/4779
f 6069/4154/4782 6068/4172/4800 6037/4152/4780
f 6066/4188/4817 6065/4173/4801 6034/4155/4784
f 6063/4157/4785 6062/4174/4802 6031/4123/4751
f 6027/4149/4777 6060/4159/4787 6059/4182/4810
f 6057/4161/4789 6056/4175/4803 6025/4127/4754
f 6026/4160/4788 6059/4182/4810 6058/4191/4819
f 6018/4177/4805 6051/4165/4793 6050/4197/4825
f 6048/4167/4794 6047/4178/4806 6016/4166/4795
f 6012/4179/4807 6045/4169/4797 6044/4196/4824
f 6042/4407/5015 6073/4180/4808 6010/4136/4764
f 6038/4153/4781 6071/4171/4799 6070/4186/4814
f 6068/4172/4800 6067/4156/4783 6036/4138/4766
f 6065/4173/4801 6064/4181/4809 6033/4139/4767
f 6029/4158/4786 6062/4174/4802 6061/4406/5014
f 6020/4164/4792 6053/4183/4811 6052/4408/5016
f 6023/4129/4756 6056/4175/4803 6055/4163/4790
f 6054/4176/4804 6078/4193/4821 6077/4409/5017
f 6050/4197/4825 6049/4184/4812 6018/4177/4805
f 6014/4168/4796 6047/4178/4806 6046/4194/4822
f 6044/4196/4824 6043/4170/4798 6012/4179/4807
f 6073/4180/4808 6072/4185/4813 6041/4146/4774
f 6065/4173/4801 6083/4189/4816 6082/4410/5018
f 6076/4411/5019 6075/4198/4826 6050/4197/4825
f 6250/4200/4829 6088/4201/4828 6087/4230/4859
f 6117/4214/4841 6116/4232/4861 6269/4213/4842
f 6114/4234/4862 6113/4235/4864 6267/4216/4845
f 6256/4203/4832 6096/4204/4831 6095/4250/4879
f 6108/4239/4867 6107/4240/4869 6264/4412/5020
f 6102/4244/4872 6101/4245/4874 6260/4221/4850
f 6261/4208/4837 6104/4209/4836 6103/4222/4849
f 6090/4228/4857 6089/4253/4882 6253/4224/4852
f 6087/4230/4859 6086/4206/4833 6250/4200/4829
f 6252/4199/4827 6089/4253/4882 6088/4201/4828
f 6092/4252/4880 6091/4212/4839 6255/4210/4838
f 6267/4216/4845 6115/4217/4844 6114/4234/4862
f 6086/4206/4833 6117/4214/4841 6251/4205/4834
f 6112/4257/4885 6111/4220/4847 6266/4218/4846
f 6260/4221/4850 6103/4222/4849 6102/4244/4872
f 6098/4248/4877 6131/4249/4876 6130/4282/4911
f 6097/4264/4893 6096/4204/4831 6258/4223/4851
f 6253/4224/4852 6091/4212/4839 6090/4228/4857
f 6126/4271/4899 6125/4227/4854 6094/4225/4853
f 6090/4228/4857 6123/4229/4856 6122/4273/4902
f 6120/4266/4894 6119/4231/4858 6088/4201/4828
f 6149/4413/4990 6148/4233/4860 6117/4214/4841
f 6146/4414/4992 6145/4236/4863 6114/4234/4862
f 6110/4237/4866 6143/4238/4865 6142/4275/4904
f 6140/4267/4895 6139/4241/4868 6108/4239/4867
f 6137/4278/4906 6136/4243/4871 6105/4242/4870
f 6134/4280/4908 6133/4246/4873 6102/4244/4872
f 6092/4252/4880 6125/4227/4854 6124/4285/4913
f 6128/4269/4897 6127/4251/4878 6096/4204/4831
f 6112/4257/4885 6145/4236/4863 6144/4287/4916
f 6122/4273/4902 6121/4254/4881 6090/4228/4857
f 6119/4231/4858 6118/4255/4883 6087/4230/4859
f 6148/4233/4860 6147/4256/4884 6116/4232/4861
f 6103/4222/4849 6136/4243/4871 6135/4268/4896
f 6142/4275/4904 6141/4259/4886 6110/4237/4866
f 6139/4241/4868 6138/4261/4888 6107/4240/4869
f 6117/4214/4841 6118/4255/4883 6149/4413/4990
f 6133/4246/4873 6132/4263/4890 6101/4245/4874
f 6130/4282/4911 6129/4265/4892 6098/4248/4877
f 6094/4225/4853 6127/4251/4878 6126/4271/4899
f 6124/4285/4913 6123/4229/4856 6092/4252/4880
f 6121/4254/4881 6120/4266/4894 6089/4253/4882
f 6105/4242/4870 6138/4261/4888 6137/4278/4906
f 6114/4234/4862 6147/4256/4884 6146/4414/4992
f 6144/4287/4916 6143/4238/4865 6112/4257/4885
f 6141/4259/4886 6140/4267/4895 6109/4258/4887
f 6102/4244/4872 6135/4268/4896 6134/4280/4908
f 6099/4247/4875 6132/4263/4890 6131/4249/4876
f 6129/4265/4892 6128/4269/4897 6097/4264/4893
f 6154/4415/5021 6153/4272/4900 6126/4271/4899
f 6124/4285/4913 6153/4272/4900 6152/4416/5022
f 6161/4417/5023 6160/4281/4909 6134/4280/4908
f 6130/4282/4911 6158/4283/4910 6157/4418/5024
f 6164/4277/4905 6163/4290/4918 6139/4241/4868
f 6279/4419/5025 6198/4368/4992 6197/4369/4863
f 6160/4281/4909 6159/4291/4919 6133/4246/4873
f 6157/4418/5024 6156/4270/4898 6130/4282/4911
f 6126/4271/4899 6155/4284/4912 6154/4415/5021
f 6152/4416/5022 6151/4274/4901 6124/4285/4913
f 6167/4288/4915 6166/4276/4903 6144/4287/4916
f 6131/4249/4876 6159/4291/4919 6158/4283/4910
f 6172/4365/4989 6171/4294/4858 6272/4292/4920
f 6201/4366/4990 6200/4367/4991 6281/4297/4924
f 6278/4420/5026 6195/4370/4993 6194/4371/4994
f 6192/4372/4995 6191/4373/4868 6277/4421/5027
f 6189/4374/4906 6188/4375/4871 6276/4422/5028
f 6180/4380/4897 6179/4381/4997 6274/4423/5029
f 6174/4364/4902 6173/4384/4881 6273/4424/5030
f 6171/4294/4858 6170/4296/4922 6270/4293/4921
f 6197/4369/4863 6196/4386/4916 6279/4419/5025
f 6194/4371/4994 6193/4387/4886 6278/4420/5026
f 6281/4297/4924 6170/4296/4922 6201/4366/4990
f 6199/4385/4884 6198/4368/4992 6280/4425/5031
f 6187/4389/4896 6186/4376/4996 6275/4426/5032
f 6273/4424/5030 6175/4363/4856 6174/4364/4902
f 6298/4323/4951 6215/4324/4950 6214/4347/4973
f 6282/4299/4927 6207/4300/4926 6206/4355/4981
f 6284/4302/4930 6204/4303/4929 6203/4356/4982
f 6233/4357/4983 6232/4306/4932 6287/4304/4931
f 6230/4349/4976 6229/4309/4935 6289/4307/4934
f 6227/4350/4977 6226/4312/4938 6291/4310/4937
f 6224/4358/4984 6223/4315/4941 6293/4313/4940
f 6221/4359/4985 6220/4318/4944 6295/4316/4943
f 6218/4360/4986 6217/4321/4947 6297/4319/4946
f 6302/4329/4957 6209/4330/4956 6208/4362/4988
f 6212/4361/4987 6211/4327/4953 6301/4325/4952
f 6308/4339/4966 6226/4312/4938 6225/4351/4978
f 6206/4355/4981 6205/4332/4958 6282/4299/4927
f 6203/4356/4982 6202/4334/4960 6284/4302/4930
f 6232/4306/4932 6231/4336/4962 6286/4305/4933
f 6229/4309/4935 6228/4338/4964 6288/4308/4936
f 6312/4346/4974 6214/4347/4973 6213/4352/4979
f 6223/4315/4941 6222/4341/4967 6292/4314/4942
f 6220/4318/4944 6219/4343/4969 6294/4317/4945
f 6217/4321/4947 6216/4345/4971 6296/4320/4948
f 6287/4304/4931 6202/4334/4960 6233/4357/4983
f 6313/4348/4975 6211/4327/4953 6210/4353/4980
f 6208/4362/4988 6207/4300/4926 6302/4329/4957
f 6205/4332/4958 6204/4303/4929 6304/4331/4959
f 6293/4313/4940 6225/4351/4978 6224/4358/4984
f 6231/4336/4962 6230/4349/4976 6306/4335/4963
f 6228/4338/4964 6227/4350/4977 6307/4337/4965
f 6297/4319/4946 6219/4343/4969 6218/4360/4986
f 6295/4316/4943 6222/4341/4967 6221/4359/4985
f 6299/4322/4949 6216/4345/4971 6215/4324/4950
f 6301/4325/4952 6213/4352/4979 6212/4361/4987
f 6194/4371/4994 6291/4310/4937 6290/4311/4939
f 6210/4353/4980 6209/4330/4956 6313/4348/4975
f 6174/4364/4902 6283/4298/4925 6282/4299/4927
f 6171/4294/4858 6285/4301/4928 6284/4302/4930
f 6287/4304/4931 6286/4305/4933 6201/4366/4990
f 6289/4307/4934 6288/4308/4936 6198/4368/4992
f 6182/4379/4911 6299/4322/4949 6298/4323/4951
f 6293/4313/4940 6292/4314/4942 6192/4372/4995
f 6295/4316/4943 6294/4317/4945 6189/4374/4906
f 6297/4319/4946 6296/4320/4948 6186/4376/4996
f 6193/4387/4886 6290/4311/4939 6308/4339/4966
f 6301/4325/4952 6300/4326/4954 6180/4380/4897
f 6303/4328/4955 6302/4329/4957 6177/4382/4854
f 6282/4299/4927 6304/4331/4959 6174/4364/4902
f 6284/4302/4930 6305/4333/4961 6171/4294/4858
f 6286/4305/4933 6306/4335/4963 6200/4367/4991
f 6288/4308/4936 6307/4337/4965 6197/4369/4863
f 6187/4389/4896 6294/4317/4945 6310/4342/4970
f 6292/4314/4942 6309/4340/4968 6191/4373/4868
f 6198/4368/4992 6306/4335/4963 6289/4307/4934
f 6296/4320/4948 6311/4344/4972 6185/4377/4873
f 6298/4323/4951 6312/4346/4974 6182/4379/4911
f 6178/4392/5000 6300/4326/4954 6313/4348/4975
f 6302/4329/4957 6283/4298/4925 6176/4383/4998
f 6304/4331/4959 6285/4301/4928 6173/4384/4881
f 6305/4333/4961 6287/4304/4931 6170/4296/4922
f 6186/4376/4996 6310/4342/4970 6297/4319/4946
f 6307/4337/4965 6291/4310/4937 6196/4386/4916
f 6308/4339/4966 6293/4313/4940 6193/4387/4886
f 6189/4374/4906 6309/4340/4968 6295/4316/4943
f 6180/4380/4897 6312/4346/4974 6301/4325/4952
f 6183/4378/4876 6311/4344/4972 6299/4322/4949
f 5938/4090/4718 5971/4075/4703 5970/4089/4717
f 6313/4348/4975 6303/4328/4955 6178/4392/5000
f 5941/4058/4686 5972/4074/4702 5940/4040/4668
f 5699/3820/4449 5700/3822/4451 5701/3823/4453
f 5765/3880/4509 6343/4427/5033 5766/3879/4508
f 5762/4394/5002 6342/4428/5034 5763/3882/4511
f 5750/3865/4494 6330/4429/5035 5751/3864/4493
f 5744/3870/4499 6336/4430/5036 5745/3869/4498
f 5738/4393/5001 6327/4431/5037 5739/3875/4504
f 5761/3883/4512 6342/4428/5034 5762/4394/5002
f 5755/3860/4489 6339/4432/5038 5756/3855/4484
f 5752/3863/4492 6332/4433/5039 5753/3862/4491
f 5740/3874/4503 6328/4434/5040 5741/3873/4502
f 5737/3876/4505 6326/4435/5041 5738/4393/5001
f 5766/3879/4508 6345/4436/5042 5767/3878/4507
f 5760/3884/4513 6340/4437/5043 5761/3883/4512
f 5751/3864/4493 6331/4438/5044 5752/3863/4492
f 5748/3867/4496 6337/4439/5045 5749/3866/4495
f 5745/3869/4498 6336/4430/5036 5746/3895/4524
f 5742/3872/4501 6334/4440/5046 5743/3871/4500
f 5739/3875/4504 6328/4434/5040 5740/3874/4503
f 6314/4441/5047 5785/3916/4545 6315/4442/5048
f 6248/4399/5007 5815/3920/4550 6344/4443/5049
f 6247/4444/5050 5811/3922/4551 6324/4445/5051
f 6323/4446/5052 5808/3925/4554 6246/4400/5008
f 6245/4401/5009 5806/3929/4559 6321/4447/5053
f 6244/3905/4535 5802/3906/4534 6319/4448/5054
f 6338/4449/5055 5800/3934/4564 6242/3909/4538
f 6317/4450/5056 5796/3936/4565 6318/4451/5057
f 6335/4452/5058 5794/3940/4570 6240/4405/5013
f 6238/3907/4537 5791/3911/4540 6333/4453/5059
f 6249/4402/5010 5785/3916/4545 6314/4441/5047
f 6325/4454/5060 5814/3919/4548 6248/4399/5007
f 6341/4455/5061 5811/3922/4551 6247/4444/5050
f 6322/4456/5062 5808/3925/4554 6323/4446/5052
f 6320/4457/5063 5805/3928/4557 6245/4401/5009
f 6241/4403/5011 5799/3933/4562 6338/4449/5055
f 6316/4458/5064 5796/3936/4565 6317/4450/5056
f 6239/4404/5012 5793/3939/4568 6335/4452/5058
f 6315/4442/5048 5787/3903/4532 6235/3902/4531
f 6344/4443/5049 5815/3920/4550 6249/4402/5010
f 6324/4445/5051 5812/3923/4553 6325/4454/5060
f 6246/4400/5008 5810/3948/4577 6341/4455/5061
f 6321/4447/5053 5806/3929/4559 6322/4456/5062
f 6319/4448/5054 5804/3952/4581 6320/4457/5063
f 6318/4451/5057 5798/3955/4584 6241/4403/5011
f 6240/4405/5013 5795/3957/4586 6316/4458/5064
f 6333/4453/5059 5792/3912/4542 6239/4404/5012
f 6073/4180/4808 6269/4213/4842 6072/4185/4813
f 6061/4406/5014 6262/4207/4835 6060/4159/4787
f 6052/4408/5016 6256/4203/4832 6051/4165/4793
f 6049/4184/4812 6255/4210/4838 6048/4167/4794
f 6043/4170/4798 6251/4205/4834 6042/4407/5015
f 6072/4185/4813 6268/4215/4843 6071/4171/4799
f 6069/4154/4782 6266/4218/4846 6068/4172/4800
f 6060/4159/4787 6262/4207/4835 6059/4182/4810
f 6057/4161/4789 6259/4459/5065 6056/4175/4803
f 6054/4176/4804 6258/4223/4851 6053/4183/4811
f 6051/4165/4793 6256/4203/4832 6050/4197/4825
f 6048/4167/4794 6254/4211/4840 6047/4178/4806
f 6042/4407/5015 6269/4213/4842 6073/4180/4808
f 6071/4171/4799 6268/4215/4843 6070/4186/4814
f 6068/4172/4800 6265/4219/4848 6067/4156/4783
f 6065/4173/4801 6264/4412/5020 6064/4181/4809
f 6062/4174/4802 6263/4460/5066 6061/4406/5014
f 6059/4182/4810 6261/4208/4837 6058/4191/4819
f 6056/4175/4803 6259/4459/5065 6055/4163/4790
f 6053/4183/4811 6258/4223/4851 6052/4408/5016
f 6047/4178/4806 6254/4211/4840 6046/4194/4822
f 6044/4196/4824 6252/4199/4827 6043/4170/4798
f 6269/4213/4842 6116/4232/4861 6085/4461/5067
f 6267/4216/4845 6113/4235/4864 6084/4187/4815
f 6265/4219/4848 6111/4220/4847 6083/4189/4816
f 6264/4412/5020 6107/4240/4869 6081/4190/4818
f 6080/4462/5068 6104/4209/4836 6262/4207/4835
f 6260/4221/4850 6101/4245/4874 6079/4192/4820
f 6078/4193/4821 6099/4247/4875 6077/4409/5017
f 6075/4198/4826 6092/4252/4880 6255/4210/4838
f 6253/4224/4852 6089/4253/4882 6074/4195/4823
f 6085/4461/5067 6115/4217/4844 6268/4215/4843
f 6084/4187/4815 6112/4257/4885 6266/4218/4846
f 6083/4189/4816 6109/4258/4887 6082/4410/5018
f 6081/4190/4818 6106/4260/4889 6263/4460/5066
f 6079/4192/4820 6100/4262/4891 6259/4459/5065
f 6077/4409/5017 6097/4264/4893 6258/4223/4851
f 6256/4203/4832 6095/4250/4879 6076/4411/5019
f 6074/4195/4823 6089/4253/4882 6252/4199/4827
f 6082/4410/5018 6108/4239/4867 6264/4412/5020
f 6263/4460/5066 6106/4260/4889 6080/4462/5068
f 6259/4459/5065 6100/4262/4891 6078/4193/4821
f 6076/4411/5019 6093/4226/4855 6075/4198/4826
f 6120/4266/4894 6272/4292/4920 6119/4231/4858
f 6149/4413/4990 6281/4297/4924 6148/4233/4860
f 6146/4414/4992 6279/4419/5025 6145/4236/4863
f 6119/4231/4858 6271/4295/4923 6118/4255/4883
f 6148/4233/4860 6280/4425/5031 6147/4256/4884
f 6121/4254/4881 6272/4292/4920 6120/4266/4894
f 6118/4255/4883 6281/4297/4924 6149/4413/4990
f 6147/4256/4884 6280/4425/5031 6146/4414/4992
f 6141/4259/4886 6277/4421/5027 6140/4267/4895
f 6135/4268/4896 6275/4426/5032 6134/4280/4908
f 6281/4297/4924 6200/4367/4991 6169/4463/5069
f 6168/4464/5070 6198/4368/4992 6279/4419/5025
f 6166/4276/4903 6195/4370/4993 6278/4420/5026
f 6277/4421/5027 6191/4373/4868 6164/4277/4905
f 6276/4422/5028 6188/4375/4871 6162/4279/4907
f 6161/4417/5023 6185/4377/4873 6160/4281/4909
f 6158/4283/4910 6182/4379/4911 6157/4418/5024
f 6274/4423/5029 6179/4381/4997 6155/4284/4912
f 6153/4272/4900 6177/4382/4854 6152/4416/5022
f 6273/4424/5030 6173/4384/4881 6150/4286/4914
f 6169/4463/5069 6199/4385/4884 6280/4425/5031
f 6279/4419/5025 6196/4386/4916 6167/4288/4915
f 6278/4420/5026 6193/4387/4886 6165/4289/4917
f 6164/4277/4905 6190/4388/4888 6163/4290/4918
f 6162/4279/4907 6187/4389/4896 6275/4426/5032
f 6160/4281/4909 6184/4390/4999 6159/4291/4919
f 6157/4418/5024 6181/4391/4892 6156/4270/4898
f 6155/4284/4912 6178/4392/5000 6154/4415/5021
f 6152/4416/5022 6176/4383/4998 6151/4274/4901
f 6150/4286/4914 6172/4365/4989 6272/4292/4920
f 6280/4425/5031 6198/4368/4992 6168/4464/5070
f 6167/4288/4915 6195/4370/4993 6166/4276/4903
f 6165/4289/4917 6192/4372/4995 6277/4421/5027
f 6163/4290/4918 6189/4374/4906 6276/4422/5028
f 6275/4426/5032 6186/4376/4996 6161/4417/5023
f 6159/4291/4919 6184/4390/4999 6158/4283/4910
f 6156/4270/4898 6180/4380/4897 6274/4423/5029
f 6154/4415/5021 6177/4382/4854 6153/4272/4900
f 6151/4274/4901 6175/4363/4856 6273/4424/5030
f 5763/3882/4511 6342/4428/5034 5782/4398/5006
f 5766/3879/4508 6343/4427/5033 5784/4465/5071
f 5760/3884/4513 5780/3888/4517 6340/4437/5043
f 5765/3880/4509 5783/3893/4522 6343/4427/5033
f 6339/4432/5038 5778/3889/4518 5756/3855/4484
f 6332/4433/5039 5776/3890/4519 5753/3862/4491
f 5775/3894/4523 6330/4429/5035 5750/3865/4494
f 5771/3897/4526 6336/4430/5036 5744/3870/4499
f 6329/4466/5072 5770/3892/4521 5741/3873/4502
f 6326/4435/5041 6327/4431/5037 5738/4393/5001
f 6345/4436/5042 5768/3887/4516 5767/3878/4507
f 5741/3873/4502 6328/4434/5040 6329/4466/5072
f 5781/4467/5073 6342/4428/5034 5761/3883/4512
f 5777/3898/4527 6339/4432/5038 5755/3860/4489
f 6331/4438/5044 6332/4433/5039 5752/3863/4492
f 6337/4439/5045 5775/3894/4523 5749/3866/4495
f 6334/4440/5046 5771/3897/4526 5743/3871/4500
f 5761/3883/4512 6340/4437/5043 5781/4467/5073
f 5769/4395/5003 6326/4435/5041 5737/3876/4505
f 5784/4465/5071 6345/4436/5042 5766/3879/4508
f 5746/3895/4524 6336/4430/5036 5772/4397/5005
f 6330/4429/5035 6331/4438/5044 5751/3864/4493
f 5774/3891/4520 6337/4439/5045 5748/3867/4496
f 6315/4442/5048 5785/3916/4545 5786/3917/4547
f 5770/3892/4521 6334/4440/5046 5742/3872/4501
f 6327/4431/5037 6328/4434/5040 5739/3875/4504
f 6324/4445/5051 5811/3922/4551 5812/3923/4553
f 6319/4448/5054 5802/3906/4534 5803/3931/4561
f 6318/4451/5057 5796/3936/4565 5797/3937/4567
f 5799/3933/4562 5800/3934/4564 6338/4449/5055
f 5793/3939/4568 5794/3940/4570 6335/4452/5058
f 5813/3946/4575 5814/3919/4548 6325/4454/5060
f 5810/3948/4577 5811/3922/4551 6341/4455/5061
f 5807/3950/4579 5808/3925/4554 6322/4456/5062
f 5804/3952/4581 5805/3928/4557 6320/4457/5063
f 5795/3957/4586 5796/3936/4565 6316/4458/5064
f 5786/3917/4547 5787/3903/4532 6315/4442/5048
f 6325/4454/5060 5812/3923/4553 5813/3946/4575
f 6322/4456/5062 5806/3929/4559 5807/3950/4579
f 5803/3931/4561 5804/3952/4581 6319/4448/5054
f 5797/3937/4567 5798/3955/4584 6318/4451/5057
f 5791/3911/4540 5792/3912/4542 6333/4453/5059
f 6072/4185/4813 6269/4213/4842 6085/4461/5067
f 6267/4216/4845 6084/4187/4815 6070/4186/4814
f 6265/4219/4848 6083/4189/4816 6067/4156/4783
f 6264/4412/5020 6081/4190/4818 6064/4181/4809
f 6080/4462/5068 6262/4207/4835 6061/4406/5014
f 6260/4221/4850 6079/4192/4820 6058/4191/4819
f 6257/4202/4830 6256/4203/4832 6052/4408/5016
f 6075/4198/4826 6255/4210/4838 6049/4184/4812
f 6253/4224/4852 6074/4195/4823 6046/4194/4822
f 6250/4200/4829 6251/4205/4834 6043/4170/4798
f 6085/4461/5067 6268/4215/4843 6072/4185/4813
f 6084/4187/4815 6266/4218/4846 6069/4154/4782
f 6062/4174/4802 6081/4190/4818 6263/4460/5066
f 6061/4406/5014 6263/4460/5066 6080/4462/5068
f 6059/4182/4810 6262/4207/4835 6261/4208/4837
f 6079/4192/4820 6259/4459/5065 6057/4161/4789
f 6077/4409/5017 6258/4223/4851 6054/4176/4804
f 6050/4197/4825 6256/4203/4832 6076/4411/5019
f 6255/4210/4838 6254/4211/4840 6048/4167/4794
f 6044/4196/4824 6074/4195/4823 6252/4199/4827
f 6251/4205/4834 6269/4213/4842 6042/4407/5015
f 6070/4186/4814 6268/4215/4843 6267/4216/4845
f 6266/4218/4846 6265/4219/4848 6068/4172/4800
f 6082/4410/5018 6264/4412/5020 6065/4173/4801
f 6058/4191/4819 6261/4208/4837 6260/4221/4850
f 6052/4408/5016 6258/4223/4851 6257/4202/4830
f 6055/4163/4790 6259/4459/5065 6078/4193/4821
f 6043/4170/4798 6252/4199/4827 6250/4200/4829
f 6046/4194/4822 6254/4211/4840 6253/4224/4852
f 6083/4189/4816 6111/4220/4847 6110/4237/4866
f 6105/4242/4870 6104/4209/4836 6080/4462/5068
f 6077/4409/5017 6099/4247/4875 6098/4248/4877
f 6093/4226/4855 6092/4252/4880 6075/4198/4826
f 6116/4232/4861 6115/4217/4844 6085/4461/5067
f 6113/4235/4864 6112/4257/4885 6084/4187/4815
f 6110/4237/4866 6109/4258/4887 6083/4189/4816
f 6107/4240/4869 6106/4260/4889 6081/4190/4818
f 6101/4245/4874 6100/4262/4891 6079/4192/4820
f 6098/4248/4877 6097/4264/4893 6077/4409/5017
f 6076/4411/5019 6095/4250/4879 6094/4225/4853
f 6080/4462/5068 6106/4260/4889 6105/4242/4870
f 6109/4258/4887 6108/4239/4867 6082/4410/5018
f 6078/4193/4821 6100/4262/4891 6099/4247/4875
f 6094/4225/4853 6093/4226/4855 6076/4411/5019
f 6148/4233/4860 6281/4297/4924 6169/4463/5069
f 6128/4269/4897 6156/4270/4898 6274/4423/5029
f 6122/4273/4902 6151/4274/4901 6273/4424/5030
f 6119/4231/4858 6272/4292/4920 6270/4293/4921
f 6168/4464/5070 6279/4419/5025 6146/4414/4992
f 6142/4275/4904 6166/4276/4903 6278/4420/5026
f 6277/4421/5027 6164/4277/4905 6140/4267/4895
f 6276/4422/5028 6162/4279/4907 6137/4278/4906
f 6274/4423/5029 6155/4284/4912 6128/4269/4897
f 6135/4268/4896 6162/4279/4907 6275/4426/5032
f 6273/4424/5030 6150/4286/4914 6122/4273/4902
f 6270/4293/4921 6271/4295/4923 6119/4231/4858
f 6169/4463/5069 6280/4425/5031 6148/4233/4860
f 6279/4419/5025 6167/4288/4915 6145/4236/4863
f 6278/4420/5026 6165/4289/4917 6142/4275/4904
f 6150/4286/4914 6272/4292/4920 6121/4254/4881
f 6271/4295/4923 6281/4297/4924 6118/4255/4883
f 6146/4414/4992 6280/4425/5031 6168/4464/5070
f 6165/4289/4917 6277/4421/5027 6141/4259/4886
f 6137/4278/4906 6163/4290/4918 6276/4422/5028
f 6134/4280/4908 6275/4426/5032 6161/4417/5023
f 6152/4416/5022 6177/4382/4854 6176/4383/4998
f 6186/4376/4996 6185/4377/4873 6161/4417/5023
f 6183/4378/4876 6182/4379/4911 6158/4283/4910
f 6151/4274/4901 6176/4383/4998 6175/4363/4856
f 6200/4367/4991 6199/4385/4884 6169/4463/5069
f 6191/4373/4868 6190/4388/4888 6164/4277/4905
f 6188/4375/4871 6187/4389/4896 6162/4279/4907
f 6185/4377/4873 6184/4390/4999 6160/4281/4909
f 6182/4379/4911 6181/4391/4892 6157/4418/5024
f 6179/4381/4997 6178/4392/5000 6155/4284/4912
f 6173/4384/4881 6172/4365/4989 6150/4286/4914
f 6158/4283/4910 6184/4390/4999 6183/4378/4876
f 6196/4386/4916 6195/4370/4993 6167/4288/4915
f 6193/4387/4886 6192/4372/4995 6165/4289/4917
f 6190/4388/4888 6189/4374/4906 6163/4290/4918
f 6181/4391/4892 6180/4380/4897 6156/4270/4898
f 6178/4392/5000 6177/4382/4854 6154/4415/5021
f 6346/3794/4423 6349/3796/4424 6347/3795/4425
f 6348/3797/4426 6351/3798/4427 6349/3796/4424
f 6350/3799/4428 6353/3800/4429 6351/3798/4427
f 6352/3801/4430 6355/3802/4431 6353/3800/4429
f 6354/3803/4432 6357/3804/4433 6355/3802/4431
f 6356/3805/4434 6359/3806/4435 6357/3804/4433
f 6358/3807/4436 6361/3808/4437 6359/3806/4435
f 6360/3809/4438 6363/3810/4439 6361/3808/4437
f 6362/3811/4440 6365/3812/4441 6363/3810/4439
f 6364/3813/4442 6367/3814/4443 6365/3812/4441
f 6366/3815/4444 6369/3816/4445 6367/3814/4443
f 6368/3817/4446 6371/3818/4447 6369/3816/4445
f 6370/3819/4448 6373/3820/4449 6371/3818/4447
f 6372/3821/4450 6374/3822/4451 6373/3820/4449
f 6374/3822/4451 6376/3824/4452 6375/3823/4453
f 6376/3824/4452 6378/3826/4454 6377/3825/4455
f 6378/3826/4454 6380/3828/4456 6379/3827/4457
f 6380/3828/4456 6382/3830/4458 6381/3829/4459
f 6382/3830/4458 6384/3832/4460 6383/3831/4461
f 6384/3832/4460 6386/3834/4462 6385/3833/4463
f 6386/3834/4462 6388/3836/4464 6387/3835/4465
f 6388/3836/4464 6390/3838/4466 6389/3837/4467
f 6390/3838/4466 6392/3840/4468 6391/3839/4469
f 6392/3840/4468 6394/3842/4470 6393/3841/4471
f 6394/3842/4470 6396/3844/4472 6395/3843/4473
f 6396/3844/4472 6398/3846/4474 6397/3845/4475
f 6398/3846/4474 6400/3848/4476 6399/3847/4477
f 6400/3848/4476 6402/3850/4478 6401/3849/4479
f 6402/3850/4478 6404/3852/4480 6403/3851/4481
f 6404/3852/4480 6406/3854/4482 6405/3853/4483
f 6384/3832/4460 6430/3855/4484 6386/3834/4462
f 6408/3856/4485 6347/3795/4425 6409/3857/4486
f 6406/3854/4482 6409/3857/4486 6407/3858/4487
f 6386/3834/4462 6431/3859/4488 6388/3836/4464
f 6382/3830/4458 6429/3860/4489 6384/3832/4460
f 6380/3828/4456 6428/3861/4490 6382/3830/4458
f 6378/3826/4454 6427/3862/4491 6380/3828/4456
f 6376/3824/4452 6426/3863/4492 6378/3826/4454
f 6374/3822/4451 6425/3864/4493 6376/3824/4452
f 6372/3821/4450 6424/3865/4494 6374/3822/4451
f 6370/3819/4448 6423/3866/4495 6372/3821/4450
f 6368/3817/4446 6422/3867/4496 6370/3819/4448
f 6366/3815/4444 6421/3868/4497 6368/3817/4446
f 6364/3813/4442 6419/3869/4498 6366/3815/4444
f 6362/3811/4440 6419/3869/4498 6364/3813/4442
f 6360/3809/4438 6418/3870/4499 6362/3811/4440
f 6358/3807/4436 6417/3871/4500 6360/3809/4438
f 6356/3805/4434 6416/3872/4501 6358/3807/4436
f 6354/3803/4432 6415/3873/4502 6356/3805/4434
f 6352/3801/4430 6414/3874/4503 6354/3803/4432
f 6350/3799/4428 6413/3875/4504 6352/3801/4430
f 6348/3797/4426 6411/3876/4505 6350/3799/4428
f 6408/3856/4485 6410/3877/4506 6346/3794/4423
f 6406/3854/4482 6441/3878/4507 6408/3856/4485
f 6404/3852/4480 6440/3879/4508 6406/3854/4482
f 6402/3850/4478 6439/3880/4509 6404/3852/4480
f 6400/3848/4476 6438/3881/4510 6402/3850/4478
f 6398/3846/4474 6437/3882/4511 6400/3848/4476
f 6396/3844/4472 6435/3883/5074 6398/3846/4474
f 6394/3842/4470 6435/3883/5074 6396/3844/4472
f 6392/3840/4468 6434/3884/4513 6394/3842/4470
f 6390/3838/4466 6433/3885/4514 6392/3840/4468
f 6346/3794/4423 6411/3876/4505 6348/3797/4426
f 6388/3836/4464 6432/3886/4515 6390/3838/4466
f 6410/3877/4506 6442/3887/4516 6411/3876/4505
f 6433/3885/4514 6454/3888/4517 6434/3884/4513
f 6430/3855/4484 6452/3889/4518 6431/3859/4488
f 6427/3862/4491 6450/3890/4519 6428/3861/4490
f 6421/3868/4497 6448/3891/4520 6422/3867/4496
f 6415/3873/4502 6444/3892/4521 6416/3872/4501
f 6441/3878/4507 6442/3887/4516 6410/3877/4506
f 6438/3881/4510 6457/3893/4522 6439/3880/4509
f 6432/3886/4515 6454/3888/4517 6433/3885/4514
f 6423/3866/4495 6449/3894/4523 6424/3865/4494
f 6420/3895/4524 6447/3896/4525 6421/3868/4497
f 6417/3871/4500 6445/3897/4526 6418/3870/4499
f 6437/3882/4511 6457/3893/4522 6438/3881/4510
f 6431/3859/4488 6452/3889/4518 6432/3886/4515
f 6428/3861/4490 6451/3898/4527 6429/3860/4489
f 6910/3899/4528 6463/3901/4529 6911/3900/4530
f 6909/3902/4531 6461/3903/4532 6910/3899/4528
f 6917/3904/4533 6476/3906/4534 6918/3905/4535
f 6911/3900/4530 6464/3908/4536 6912/3907/4537
f 6916/3909/4538 6475/3910/4539 6917/3904/4533
f 6465/3911/4540 6498/3913/4541 6466/3912/4542
f 6462/3914/4543 6495/3915/4544 6463/3901/4529
f 6459/3916/4545 6492/3918/4546 6460/3917/4547
f 6488/3919/4548 6521/3921/4549 6489/3920/4550
f 6485/3922/4551 6518/3924/4552 6486/3923/4553
f 6482/3925/4554 6515/3927/4555 6483/3926/4556
f 6479/3928/4557 6512/3930/4558 6480/3929/4559
f 6476/3906/4534 6509/3932/4560 6477/3931/4561
f 6473/3933/4562 6506/3935/4563 6474/3934/4564
f 6470/3936/4565 6503/3938/4566 6471/3937/4567
f 6467/3939/4568 6500/3941/4569 6468/3940/4570
f 6464/3908/4536 6497/3942/4571 6465/3911/4540
f 6461/3903/4532 6494/3943/4572 6462/3914/4543
f 6490/3944/4573 6491/3945/4574 6459/3916/4545
f 6487/3946/4575 6520/3947/4576 6488/3919/4548
f 6484/3948/4577 6517/3949/4578 6485/3922/4551
f 6481/3950/4579 6514/3951/4580 6482/3925/4554
f 6478/3952/4581 6511/3953/4582 6479/3928/4557
f 6475/3910/4539 6508/3954/4583 6476/3906/4534
f 6472/3955/4584 6505/3956/4585 6473/3933/4562
f 6469/3957/4586 6502/3958/4587 6470/3936/4565
f 6466/3912/4542 6499/3959/4588 6467/3939/4568
f 6463/3901/4529 6496/3960/4589 6464/3908/4536
f 6460/3917/4547 6493/3961/4590 6461/3903/4532
f 6489/3920/4550 6522/3962/4591 6490/3944/4573
f 6486/3923/4553 6519/3963/4592 6487/3946/4575
f 6483/3926/4556 6516/3964/4593 6484/3948/4577
f 6480/3929/4559 6512/3930/4558 6481/3950/4579
f 6477/3931/4561 6510/3965/4594 6478/3952/4581
f 6474/3934/4564 6507/3966/4595 6475/3910/4539
f 6471/3937/4567 6504/3967/4596 6472/3955/4584
f 6468/3940/4570 6500/3941/4569 6469/3957/4586
f 6500/3941/4569 6523/3969/1215 6501/3968/4597
f 6497/3942/4571 6523/3969/1215 6498/3913/4541
f 6494/3943/4572 6523/3969/1215 6495/3915/4544
f 6491/3945/4574 6523/3969/1215 6492/3918/4546
f 6520/3947/4576 6523/3969/1215 6521/3921/4549
f 6517/3949/4578 6523/3969/1215 6518/3924/4552
f 6514/3951/4580 6523/3969/1215 6515/3927/4555
f 6511/3953/4582 6523/3969/1215 6512/3930/4558
f 6508/3954/4583 6523/3969/1215 6509/3932/4560
f 6505/3956/4585 6523/3969/1215 6506/3935/4563
f 6502/3958/4587 6523/3969/1215 6503/3938/4566
f 6499/3959/4588 6523/3969/1215 6500/3941/4569
f 6496/3960/4589 6523/3969/1215 6497/3942/4571
f 6493/3961/4590 6523/3969/1215 6494/3943/4572
f 6522/3962/4591 6523/3969/1215 6491/3945/4574
f 6519/3963/4592 6523/3969/1215 6520/3947/4576
f 6516/3964/4593 6523/3969/1215 6517/3949/4578
f 6513/3970/4598 6523/3969/1215 6514/3951/4580
f 6510/3965/4594 6523/3969/1215 6511/3953/4582
f 6507/3966/4595 6523/3969/1215 6508/3954/4583
f 6504/3967/4596 6523/3969/1215 6505/3956/4585
f 6501/3968/4597 6523/3969/1215 6502/3958/4587
f 6498/3913/4541 6523/3969/1215 6499/3959/4588
f 6495/3915/4544 6523/3969/1215 6496/3960/4589
f 6492/3918/4546 6523/3969/1215 6493/3961/4590
f 6521/3921/4549 6523/3969/1215 6522/3962/4591
f 6518/3924/4552 6523/3969/1215 6519/3963/4592
f 6515/3927/4555 6523/3969/1215 6516/3964/4593
f 6512/3930/4558 6523/3969/1215 6513/3970/4598
f 6509/3932/4560 6523/3969/1215 6510/3965/4594
f 6506/3935/4563 6523/3969/1215 6507/3966/4595
f 6503/3938/4566 6523/3969/1215 6504/3967/4596
f 6367/3814/4443 6533/3971/4599 6365/3812/4441
f 6365/3812/4441 6532/3972/4600 6363/3810/4439
f 6363/3810/4439 6531/3973/4601 6361/3808/4437
f 6361/3808/4437 6530/3974/4602 6359/3806/4435
f 6359/3806/4435 6529/3975/4603 6357/3804/4433
f 6357/3804/4433 6529/3975/4603 6355/3802/4431
f 6355/3802/4431 6527/3976/4604 6353/3800/4429
f 6353/3800/4429 6526/3977/4605 6351/3798/4427
f 6351/3798/4427 6525/3978/4606 6349/3796/4424
f 6347/3795/4425 6524/3979/4607 6409/3857/4486
f 6409/3857/4486 6554/3980/4608 6407/3858/4487
f 6407/3858/4487 6553/3981/4609 6405/3853/4483
f 6405/3853/4483 6552/3982/4610 6403/3851/4481
f 6403/3851/4481 6551/3983/4611 6401/3849/4479
f 6401/3849/4479 6550/3984/4612 6399/3847/4477
f 6399/3847/4477 6549/3985/4613 6397/3845/4475
f 6397/3845/4475 6548/3986/4614 6395/3843/4473
f 6395/3843/4473 6547/3987/4615 6393/3841/4471
f 6393/3841/4471 6546/3988/4616 6391/3839/4469
f 6349/3796/4424 6524/3979/4607 6347/3795/4425
f 6391/3839/4469 6545/3989/4617 6389/3837/4467
f 6389/3837/4467 6544/3990/4618 6387/3835/4465
f 6387/3835/4465 6543/3991/4619 6385/3833/4463
f 6385/3833/4463 6542/3992/4620 6383/3831/4461
f 6383/3831/4461 6541/3993/4621 6381/3829/4459
f 6381/3829/4459 6540/3994/4622 6379/3827/4457
f 6379/3827/4457 6539/3995/4623 6377/3825/4455
f 6377/3825/4455 6538/3996/4624 6375/3823/4453
f 6375/3823/4453 6537/3997/4625 6373/3820/4449
f 6373/3820/4449 6537/3997/4625 6371/3818/4447
f 6371/3818/4447 6535/3998/4626 6369/3816/4445
f 6369/3816/4445 6534/3999/4627 6367/3814/4443
f 6537/3997/4625 6569/4001/4628 6536/4000/4629
f 6534/3999/4627 6565/4002/4630 6533/3971/4599
f 6531/3973/4601 6563/4003/4631 6530/3974/4602
f 6528/4004/4632 6559/4005/4633 6527/3976/4604
f 6525/3978/4606 6556/4006/4634 6524/3979/4607
f 6554/3980/4608 6585/4007/4635 6553/3981/4609
f 6551/3983/4611 6582/4008/4636 6550/3984/4612
f 6548/3986/4614 6579/4009/4637 6547/3987/4615
f 6545/3989/4617 6576/4010/4638 6544/3990/4618
f 6542/3992/4620 6573/4011/4639 6541/3993/4621
f 6539/3995/4623 6570/4012/4640 6538/3996/4624
f 6536/4000/4629 6567/4013/4641 6535/3998/4626
f 6533/3971/4599 6565/4002/4630 6532/3972/4600
f 6530/3974/4602 6562/4014/4642 6529/3975/4603
f 6527/3976/4604 6558/4015/4643 6526/3977/4605
f 6524/3979/4607 6587/4017/4644 6555/4016/4645
f 6553/3981/4609 6585/4007/4635 6552/3982/4610
f 6550/3984/4612 6581/4018/4646 6549/3985/4613
f 6547/3987/4615 6578/4019/4647 6546/3988/4616
f 6544/3990/4618 6575/4020/4648 6543/3991/4619
f 6541/3993/4621 6573/4011/4639 6540/3994/4622
f 6538/3996/4624 6570/4012/4640 6537/3997/4625
f 6535/3998/4626 6567/4013/4641 6534/3999/4627
f 6532/3972/4600 6564/4021/4649 6531/3973/4601
f 6529/3975/4603 6561/4022/4650 6528/4004/4632
f 6526/3977/4605 6557/4023/4651 6525/3978/4606
f 6555/4016/4645 6586/4024/4652 6554/3980/4608
f 6552/3982/4610 6583/4025/4653 6551/3983/4611
f 6549/3985/4613 6581/4018/4646 6548/3986/4614
f 6546/3988/4616 6577/4026/4654 6545/3989/4617
f 6543/3991/4619 6574/4027/4655 6542/3992/4620
f 6540/3994/4622 6572/4028/4656 6539/3995/4623
f 6572/4028/4656 6603/4030/4657 6571/4029/4658
f 6569/4001/4628 6601/4032/4659 6568/4031/4660
f 6566/4033/4661 6598/4034/4662 6565/4002/4630
f 6563/4003/4631 6594/4035/4663 6562/4014/4642
f 6560/4036/4664 6591/4037/4665 6559/4005/4633
f 6557/4023/4651 6588/4038/4666 6556/4006/4634
f 6586/4024/4652 6617/4039/4667 6585/4007/4635
f 6583/4025/4653 6614/4040/4668 6582/4008/4636
f 6580/4041/4669 6611/4042/4670 6579/4009/4637
f 6577/4026/4654 6608/4043/4671 6576/4010/4638
f 6574/4027/4655 6606/4044/4672 6573/4011/4639
f 6571/4029/4658 6602/4045/4673 6570/4012/4640
f 6568/4031/4660 6599/4046/4674 6567/4013/4641
f 6565/4002/4630 6597/4047/4675 6564/4021/4649
f 6562/4014/4642 6593/4048/4676 6561/4022/4650
f 6559/4005/4633 6590/4049/4677 6558/4015/4643
f 6556/4006/4634 6588/4038/4666 6587/4017/4644
f 6585/4007/4635 6616/4051/4678 6584/4050/4679
f 6582/4008/4636 6613/4052/5075 6581/4018/4646
f 6579/4009/4637 6610/4053/4681 6578/4019/4647
f 6576/4010/4638 6607/4054/4682 6575/4020/4648
f 6573/4011/4639 6605/4055/4683 6572/4028/4656
f 6570/4012/4640 6602/4045/4673 6569/4001/4628
f 6567/4013/4641 6598/4034/4662 6566/4033/4661
f 6564/4021/4649 6595/4056/4684 6563/4003/4631
f 6561/4022/4650 6593/4048/4676 6560/4036/4664
f 6558/4015/4643 6590/4049/4677 6557/4023/4651
f 6587/4017/4644 6618/4057/4685 6586/4024/4652
f 6584/4050/4679 6615/4058/4686 6583/4025/4653
f 6581/4018/4646 6613/4052/5075 6580/4041/4669
f 6578/4019/4647 6609/4059/4687 6577/4026/4654
f 6575/4020/4648 6606/4044/4672 6574/4027/4655
f 6635/4060/4688 6634/4061/4689 6603/4030/4657
f 6604/4062/4690 6636/4063/4691 6603/4030/4657
f 6601/4032/4659 6633/4065/4692 6600/4064/4693
f 6628/4066/4694 6627/4068/4695 6596/4067/4696
f 6595/4056/4684 6627/4068/4695 6594/4035/4663
f 6623/4069/4697 6590/4049/4677 6591/4037/4665
f 6620/4070/4698 6651/4071/4699 6588/4038/4666
f 6648/4072/4700 6647/4073/4701 6616/4051/4678
f 6646/4074/4702 6645/4075/4703 6614/4040/4668
f 6643/4076/4704 6642/4077/4705 6611/4042/4670
f 6609/4059/4687 6641/4078/4706 6608/4043/4671
f 6606/4044/4672 6638/4079/4707 6605/4055/4683
f 6630/4080/4708 6597/4047/4675 6598/4034/4662
f 6600/4064/4693 6632/4081/4709 6599/4046/4674
f 6597/4047/4675 6629/4082/4710 6596/4067/4696
f 6594/4035/4663 6626/4083/4711 6593/4048/4676
f 6621/4084/4712 6620/4070/4698 6589/4085/4713
f 6651/4071/4699 6650/4087/4714 6619/4086/4715
f 6617/4039/4667 6649/4088/4716 6616/4051/4678
f 6644/4089/4717 6643/4076/4704 6612/4090/4718
f 6642/4077/4705 6641/4078/4706 6610/4053/4681
f 6608/4043/4671 6640/4091/4719 6607/4054/4682
f 6605/4055/4683 6637/4092/4720 6604/4062/4690
f 6602/4045/4673 6634/4061/4689 6601/4032/4659
f 6599/4046/4674 6631/4093/4721 6598/4034/4662
f 6624/4094/4722 6623/4069/4697 6592/4095/4723
f 6593/4048/4676 6625/4096/4724 6592/4095/4723
f 6590/4049/4677 6622/4097/4725 6589/4085/4713
f 6650/4087/4714 6649/4088/4716 6618/4057/4685
f 6639/4098/4726 6638/4079/4707 6607/4054/4682
f 6642/4077/4705 6673/4099/4727 6641/4078/4706
f 6639/4098/4726 6670/4100/4728 6638/4079/4707
f 6636/4063/4691 6668/4101/4729 6635/4060/4688
f 6633/4065/4692 6665/4102/4730 6632/4081/4709
f 6630/4080/4708 6661/4103/4731 6629/4082/4710
f 6627/4068/4695 6659/4104/4732 6626/4083/4711
f 6624/4094/4722 6655/4105/4733 6623/4069/4697
f 6621/4084/4712 6652/4106/4734 6620/4070/4698
f 6650/4087/4714 6681/4107/4735 6649/4088/4716
f 6647/4073/4701 6678/4108/4736 6646/4074/4702
f 6644/4089/4717 6675/4109/4737 6643/4076/4704
f 6641/4078/4706 6672/4110/4738 6640/4091/4719
f 6638/4079/4707 6670/4100/4728 6637/4092/4720
f 6635/4060/4688 6666/4111/4739 6634/4061/4689
f 6632/4081/4709 6663/4112/4740 6631/4093/4721
f 6629/4082/4710 6661/4103/4731 6628/4066/4694
f 6626/4083/4711 6657/4113/4741 6625/4096/4724
f 6623/4069/4697 6655/4105/4733 6622/4097/4725
f 6620/4070/4698 6683/4114/4742 6651/4071/4699
f 6649/4088/4716 6681/4107/4735 6648/4072/4700
f 6646/4074/4702 6677/4115/4743 6645/4075/4703
f 6643/4076/4704 6674/4116/4744 6642/4077/4705
f 6640/4091/4719 6672/4110/4738 6639/4098/4726
f 6637/4092/4720 6669/4117/4745 6636/4063/4691
f 6634/4061/4689 6666/4111/4739 6633/4065/4692
f 6631/4093/4721 6663/4112/4740 6630/4080/4708
f 6628/4066/4694 6659/4104/4732 6627/4068/4695
f 6625/4096/4724 6657/4113/4741 6624/4094/4722
f 6622/4097/4725 6653/4118/4746 6621/4084/4712
f 6651/4071/4699 6682/4119/4747 6650/4087/4714
f 6648/4072/4700 6679/4120/4748 6647/4073/4701
f 6645/4075/4703 6677/4115/4743 6644/4089/4717
f 6677/4115/4743 6709/4122/4749 6676/4121/4750
f 6674/4116/4744 6705/4123/4751 6673/4099/4727
f 6671/4124/4752 6702/4125/4753 6670/4100/4728
f 6668/4101/4729 6699/4127/4754 6667/4126/4755
f 6665/4102/4730 6697/4129/4756 6664/4128/4757
f 6662/4130/4758 6693/4131/4759 6661/4103/4731
f 6659/4104/4732 6691/4133/4760 6658/4132/4761
f 6656/4134/4762 6687/4135/4763 6655/4105/4733
f 6653/4118/4746 6684/4136/4764 6652/4106/4734
f 6682/4119/4747 6713/4137/4765 6681/4107/4735
f 6679/4120/4748 6710/4138/4766 6678/4108/4736
f 6676/4121/4750 6707/4139/4767 6675/4109/4737
f 6673/4099/4727 6704/4140/4768 6672/4110/4738
f 6670/4100/4728 6702/4125/4753 6669/4117/4745
f 6667/4126/4755 6698/4141/4769 6666/4111/4739
f 6664/4128/4757 6695/4142/4770 6663/4112/4740
f 6661/4103/4731 6693/4131/4759 6660/4143/4771
f 6658/4132/4761 6689/4144/4772 6657/4113/4741
f 6655/4105/4733 6687/4135/4763 6654/4145/4773
f 6652/4106/4734 6715/4146/4774 6683/4114/4742
f 6681/4107/4735 6713/4137/4765 6680/4147/4775
f 6678/4108/4736 6709/4122/4749 6677/4115/4743
f 6675/4109/4737 6706/4148/4776 6674/4116/4744
f 6672/4110/4738 6704/4140/4768 6671/4124/4752
f 6669/4117/4745 6701/4149/4777 6668/4101/4729
f 6666/4111/4739 6698/4141/4769 6665/4102/4730
f 6663/4112/4740 6695/4142/4770 6662/4130/4758
f 6660/4143/4771 6691/4133/4760 6659/4104/4732
f 6657/4113/4741 6689/4144/4772 6656/4134/4762
f 6654/4145/4773 6685/4150/4778 6653/4118/4746
f 6683/4114/4742 6714/4151/4779 6682/4119/4747
f 6680/4147/4775 6711/4152/4780 6679/4120/4748
f 6712/4153/4781 6743/4154/4782 6711/4152/4780
f 6709/4122/4749 6741/4156/4783 6708/4155/4784
f 6706/4148/4776 6737/4157/4785 6705/4123/4751
f 6703/4158/4786 6734/4159/4787 6702/4125/4753
f 6700/4160/4788 6731/4161/4789 6699/4127/4754
f 6697/4129/4756 6729/4163/4790 6696/4162/4791
f 6694/4164/4792 6725/4165/4793 6693/4131/4759
f 6691/4133/4760 6722/4167/4794 6690/4166/4795
f 6688/4168/4796 6719/4169/4797 6687/4135/4763
f 6685/4150/4778 6717/4170/4798 6684/4136/4764
f 6714/4151/4779 6745/4171/4799 6713/4137/4765
f 6711/4152/4780 6742/4172/4800 6710/4138/4766
f 6708/4155/4784 6739/4173/4801 6707/4139/4767
f 6705/4123/4751 6736/4174/4802 6704/4140/4768
f 6702/4125/4753 6734/4159/4787 6701/4149/4777
f 6699/4127/4754 6730/4175/4803 6698/4141/4769
f 6696/4162/4791 6728/4176/4804 6695/4142/4770
f 6693/4131/4759 6725/4165/4793 6692/4177/4805
f 6690/4166/4795 6721/4178/4806 6689/4144/4772
f 6687/4135/4763 6719/4169/4797 6686/4179/4807
f 6684/4136/4764 6747/4180/4808 6715/4146/4774
f 6713/4137/4765 6745/4171/4799 6712/4153/4781
f 6710/4138/4766 6741/4156/4783 6709/4122/4749
f 6707/4139/4767 6738/4181/4809 6706/4148/4776
f 6704/4140/4768 6736/4174/4802 6703/4158/4786
f 6701/4149/4777 6733/4182/4810 6700/4160/4788
f 6698/4141/4769 6730/4175/4803 6697/4129/4756
f 6695/4142/4770 6727/4183/4811 6694/4164/4792
f 6692/4177/4805 6723/4184/4812 6691/4133/4760
f 6689/4144/4772 6721/4178/4806 6688/4168/4796
f 6686/4179/4807 6717/4170/4798 6685/4150/4778
f 6715/4146/4774 6746/4185/4813 6714/4151/4779
f 6744/4186/4814 6758/4187/4815 6743/4154/4782
f 6741/4156/4783 6757/4189/4816 6740/4188/4817
f 6738/4181/4809 6755/4190/4818 6737/4157/4785
f 6732/4191/4819 6753/4192/4820 6731/4161/4789
f 6729/4163/4790 6752/4193/4821 6728/4176/4804
f 6720/4194/4822 6748/4195/4823 6719/4169/4797
f 6740/4188/4817 6757/4189/4816 6739/4173/4801
f 6737/4157/4785 6755/4190/4818 6736/4174/4802
f 6719/4169/4797 6748/4195/4823 6718/4196/4824
f 6724/4197/4825 6749/4198/4826 6723/4184/4812
f 6926/4199/4827 6762/4201/4828 6924/4200/4829
f 6931/4202/4830 6770/4204/4831 6930/4203/4832
f 6924/4200/4829 6760/4206/4833 6925/4205/4834
f 6936/4207/4835 6778/4209/4836 6935/4208/4837
f 6929/4210/4838 6765/4212/4839 6928/4211/4840
f 6925/4205/4834 6791/4214/4841 6943/4213/4842
f 6942/4215/4843 6789/4217/4844 6941/4216/4845
f 6940/4218/4846 6785/4220/4847 6939/4219/4848
f 6935/4208/4837 6777/4222/4849 6934/4221/4850
f 6932/4223/4851 6770/4204/4831 6931/4202/4830
f 6928/4211/4840 6765/4212/4839 6927/4224/4852
f 6768/4225/4853 6799/4227/4854 6767/4226/4855
f 6765/4212/4839 6797/4229/4856 6764/4228/4857
f 6762/4201/4828 6793/4231/4858 6761/4230/4859
f 6791/4214/4841 6822/4233/4860 6790/4232/4861
f 6788/4234/4862 6819/4236/4863 6787/4235/4864
f 6785/4220/4847 6817/4238/4865 6784/4237/4866
f 6782/4239/4867 6813/4241/4868 6781/4240/4869
f 6779/4242/4870 6810/4243/5076 6778/4209/4836
f 6776/4244/4872 6807/4246/4873 6775/4245/4874
f 6773/4247/4875 6805/4249/4876 6772/4248/4877
f 6770/4204/4831 6801/4251/4878 6769/4250/4879
f 6767/4226/4855 6799/4227/4854 6766/4252/4880
f 6764/4228/4857 6795/4254/4881 6763/4253/4882
f 6761/4230/4859 6792/4255/4883 6760/4206/4833
f 6790/4232/4861 6821/4256/4884 6789/4217/4844
f 6787/4235/4864 6819/4236/4863 6786/4257/4885
f 6784/4237/4866 6815/4259/4886 6783/4258/4887
f 6781/4240/4869 6812/4261/4888 6780/4260/4889
f 6778/4209/4836 6810/4243/5076 6777/4222/4849
f 6775/4245/4874 6806/4263/4890 6774/4262/4891
f 6772/4248/4877 6803/4265/4892 6771/4264/4893
f 6769/4250/4879 6801/4251/4878 6768/4225/4853
f 6766/4252/4880 6797/4229/4856 6765/4212/4839
f 6763/4253/4882 6794/4266/4894 6762/4201/4828
f 6760/4206/4833 6792/4255/4883 6791/4214/4841
f 6789/4217/4844 6821/4256/4884 6788/4234/4862
f 6786/4257/4885 6817/4238/4865 6785/4220/4847
f 6783/4258/4887 6814/4267/4895 6782/4239/4867
f 6780/4260/4889 6812/4261/4888 6779/4242/4870
f 6777/4222/4849 6809/4268/4896 6776/4244/4872
f 6774/4262/4891 6806/4263/4890 6773/4247/4875
f 6771/4264/4893 6802/4269/4897 6770/4204/4831
f 6803/4265/4892 6830/4270/4898 6802/4269/4897
f 6800/4271/4899 6827/4272/4900 6799/4227/4854
f 6797/4229/4856 6825/4274/4901 6796/4273/4902
f 6817/4238/4865 6840/4276/4903 6816/4275/4904
f 6814/4267/4895 6838/4277/4905 6813/4241/4868
f 6811/4278/4906 6836/4279/5077 6810/4243/5076
f 6808/4280/4908 6834/4281/4909 6807/4246/4873
f 6805/4249/4876 6832/4283/4910 6804/4282/4911
f 6802/4269/4897 6829/4284/4912 6801/4251/4878
f 6799/4227/4854 6827/4272/4900 6798/4285/4913
f 6796/4273/4902 6824/4286/4914 6795/4254/4881
f 6819/4236/4863 6841/4288/4915 6818/4287/4916
f 6816/4275/4904 6839/4289/4917 6815/4259/4886
f 6813/4241/4868 6837/4290/4918 6812/4261/4888
f 6810/4243/5076 6836/4279/5077 6809/4268/4896
f 6807/4246/4873 6833/4291/4919 6806/4263/4890
f 6804/4282/4911 6830/4270/4898 6803/4265/4892
f 6801/4251/4878 6829/4284/4912 6800/4271/4899
f 6798/4285/4913 6825/4274/4901 6797/4229/4856
f 6818/4287/4916 6840/4276/4903 6817/4238/4865
f 6812/4261/4888 6837/4290/4918 6811/4278/4906
f 6806/4263/4890 6833/4291/4919 6805/4249/4876
f 6946/4292/4920 6845/4294/4858 6944/4293/4921
f 6944/4293/4921 6844/4296/4922 6945/4295/4923
f 6945/4295/4923 6844/4296/4922 6955/4297/4924
f 6957/4298/4925 6881/4300/4926 6956/4299/4927
f 6959/4301/4928 6878/4303/4929 6958/4302/4930
f 6961/4304/4931 6906/4306/4932 6960/4305/4933
f 6963/4307/4934 6903/4309/4935 6962/4308/4936
f 6965/4310/4937 6900/4312/4938 6964/4311/4939
f 6967/4313/4940 6897/4315/4941 6966/4314/4942
f 6969/4316/4943 6894/4318/4944 6968/4317/4945
f 6971/4319/4946 6891/4321/4947 6970/4320/4948
f 6973/4322/4949 6889/4324/4950 6972/4323/4951
f 6975/4325/4952 6885/4327/4953 6974/4326/4954
f 6977/4328/4955 6883/4330/4956 6976/4329/4957
f 6956/4299/4927 6879/4332/4958 6978/4331/4959
f 6958/4302/4930 6876/4334/4960 6979/4333/4961
f 6960/4305/4933 6905/4336/4962 6980/4335/4963
f 6962/4308/4936 6902/4338/4964 6981/4337/4965
f 6964/4311/4939 6900/4312/4938 6982/4339/4966
f 6966/4314/4942 6896/4341/4967 6983/4340/4968
f 6968/4317/4945 6893/4343/4969 6984/4342/4970
f 6970/4320/4948 6890/4345/4971 6985/4344/4972
f 6972/4323/4951 6888/4347/4973 6986/4346/4974
f 6974/4326/4954 6885/4327/4953 6987/4348/4975
f 6976/4329/4957 6881/4300/4926 6957/4298/4925
f 6978/4331/4959 6878/4303/4929 6959/4301/4928
f 6979/4333/4961 6876/4334/4960 6961/4304/4931
f 6980/4335/4963 6904/4349/4976 6963/4307/4934
f 6981/4337/4965 6901/4350/4977 6965/4310/4937
f 6982/4339/4966 6899/4351/4978 6967/4313/4940
f 6983/4340/4968 6896/4341/4967 6969/4316/4943
f 6984/4342/4970 6893/4343/4969 6971/4319/4946
f 6985/4344/4972 6890/4345/4971 6973/4322/4949
f 6986/4346/4974 6887/4352/4979 6975/4325/4952
f 6987/4348/4975 6883/4330/4956 6977/4328/4955
f 6884/4353/4980 6908/4354/3940 6883/4330/4956
f 6881/4300/4926 6908/4354/3940 6880/4355/4981
f 6878/4303/4929 6908/4354/3940 6877/4356/4982
f 6907/4357/4983 6908/4354/3940 6906/4306/4932
f 6904/4349/4976 6908/4354/3940 6903/4309/4935
f 6901/4350/4977 6908/4354/3940 6900/4312/4938
f 6898/4358/4984 6908/4354/3940 6897/4315/4941
f 6895/4359/4985 6908/4354/3940 6894/4318/4944
f 6892/4360/4986 6908/4354/3940 6891/4321/4947
f 6889/4324/4950 6908/4354/3940 6888/4347/4973
f 6886/4361/4987 6908/4354/3940 6885/4327/4953
f 6883/4330/4956 6908/4354/3940 6882/4362/4988
f 6880/4355/4981 6908/4354/3940 6879/4332/4958
f 6877/4356/4982 6908/4354/3940 6876/4334/4960
f 6906/4306/4932 6908/4354/3940 6905/4336/4962
f 6903/4309/4935 6908/4354/3940 6902/4338/4964
f 6900/4312/4938 6908/4354/3940 6899/4351/4978
f 6897/4315/4941 6908/4354/3940 6896/4341/4967
f 6894/4318/4944 6908/4354/3940 6893/4343/4969
f 6891/4321/4947 6908/4354/3940 6890/4345/4971
f 6888/4347/4973 6908/4354/3940 6887/4352/4979
f 6885/4327/4953 6908/4354/3940 6884/4353/4980
f 6882/4362/4988 6908/4354/3940 6881/4300/4926
f 6879/4332/4958 6908/4354/3940 6878/4303/4929
f 6876/4334/4960 6908/4354/3940 6907/4357/4983
f 6905/4336/4962 6908/4354/3940 6904/4349/4976
f 6902/4338/4964 6908/4354/3940 6901/4350/4977
f 6899/4351/4978 6908/4354/3940 6898/4358/4984
f 6896/4341/4967 6908/4354/3940 6895/4359/4985
f 6893/4343/4969 6908/4354/3940 6892/4360/4986
f 6890/4345/4971 6908/4354/3940 6889/4324/4950
f 6887/4352/4979 6908/4354/3940 6886/4361/4987
f 6849/4363/4856 6957/4298/4925 6848/4364/4902
f 6846/4365/4989 6959/4301/4928 6845/4294/4858
f 6875/4366/4990 6960/4305/4933 6874/4367/4991
f 6872/4368/4992 6962/4308/4936 6871/4369/4863
f 6869/4370/4993 6965/4310/4937 6868/4371/4994
f 6866/4372/4995 6966/4314/4942 6865/4373/4868
f 6863/4374/4906 6968/4317/4945 6862/4375/4871
f 6860/4376/4996 6970/4320/4948 6859/4377/4873
f 6857/4378/4876 6973/4322/4949 6856/4379/4911
f 6854/4380/4897 6974/4326/4954 6853/4381/4997
f 6851/4382/4854 6976/4329/4957 6850/4383/4998
f 6848/4364/4902 6978/4331/4959 6847/4384/4881
f 6845/4294/4858 6979/4333/4961 6844/4296/4922
f 6874/4367/4991 6980/4335/4963 6873/4385/4884
f 6871/4369/4863 6981/4337/4965 6870/4386/4916
f 6868/4371/4994 6964/4311/4939 6867/4387/4886
f 6865/4373/4868 6983/4340/4968 6864/4388/4888
f 6862/4375/4871 6968/4317/4945 6861/4389/4896
f 6859/4377/4873 6985/4344/4972 6858/4390/4999
f 6856/4379/4911 6986/4346/4974 6855/4391/4892
f 6853/4381/4997 6974/4326/4954 6852/4392/5000
f 6850/4383/4998 6957/4298/4925 6849/4363/4856
f 6847/4384/4881 6959/4301/4928 6846/4365/4989
f 6844/4296/4922 6961/4304/4931 6875/4366/4990
f 6873/4385/4884 6980/4335/4963 6872/4368/4992
f 6870/4386/4916 6965/4310/4937 6869/4370/4993
f 6867/4387/4886 6967/4313/4940 6866/4372/4995
f 6864/4388/4888 6983/4340/4968 6863/4374/4906
f 6861/4389/4896 6984/4342/4970 6860/4376/4996
f 6858/4390/4999 6985/4344/4972 6857/4378/4876
f 6855/4391/4892 6986/4346/4974 6854/4380/4897
f 6852/4392/5000 6977/4328/4955 6851/4382/4854
f 6613/4052/5075 6645/4075/4703 6612/4090/4718
f 6647/4073/4701 6646/4074/4702 6615/4058/4686
f 6348/3797/4426 6349/3796/4424 6346/3794/4423
f 6350/3799/4428 6351/3798/4427 6348/3797/4426
f 6352/3801/4430 6353/3800/4429 6350/3799/4428
f 6354/3803/4432 6355/3802/4431 6352/3801/4430
f 6356/3805/4434 6357/3804/4433 6354/3803/4432
f 6358/3807/4436 6359/3806/4435 6356/3805/4434
f 6360/3809/4438 6361/3808/4437 6358/3807/4436
f 6362/3811/4440 6363/3810/4439 6360/3809/4438
f 6364/3813/4442 6365/3812/4441 6362/3811/4440
f 6366/3815/4444 6367/3814/4443 6364/3813/4442
f 6368/3817/4446 6369/3816/4445 6366/3815/4444
f 6370/3819/4448 6371/3818/4447 6368/3817/4446
f 6372/3821/4450 6373/3820/4449 6370/3819/4448
f 6375/3823/4453 6376/3824/4452 6377/3825/4455
f 6403/3851/4481 6404/3852/4480 6405/3853/4483
f 6377/3825/4455 6378/3826/4454 6379/3827/4457
f 6379/3827/4457 6380/3828/4456 6381/3829/4459
f 6381/3829/4459 6382/3830/4458 6383/3831/4461
f 6383/3831/4461 6384/3832/4460 6385/3833/4463
f 6385/3833/4463 6386/3834/4462 6387/3835/4465
f 6387/3835/4465 6388/3836/4464 6389/3837/4467
f 6389/3837/4467 6390/3838/4466 6391/3839/4469
f 6391/3839/4469 6392/3840/4468 6393/3841/4471
f 6393/3841/4471 6394/3842/4470 6395/3843/4473
f 6395/3843/4473 6396/3844/4472 6397/3845/4475
f 6397/3845/4475 6398/3846/4474 6399/3847/4477
f 6399/3847/4477 6400/3848/4476 6401/3849/4479
f 6401/3849/4479 6402/3850/4478 6403/3851/4481
f 6405/3853/4483 6406/3854/4482 6407/3858/4487
f 6366/3815/4444 6419/3869/4498 6420/3895/4524
f 6429/3860/4489 6430/3855/4484 6384/3832/4460
f 6346/3794/4423 6347/3795/4425 6408/3856/4485
f 6408/3856/4485 6409/3857/4486 6406/3854/4482
f 6430/3855/4484 6431/3859/4488 6386/3834/4462
f 6428/3861/4490 6429/3860/4489 6382/3830/4458
f 6427/3862/4491 6428/3861/4490 6380/3828/4456
f 6426/3863/4492 6427/3862/4491 6378/3826/4454
f 6425/3864/4493 6426/3863/4492 6376/3824/4452
f 6424/3865/4494 6425/3864/4493 6374/3822/4451
f 6423/3866/4495 6424/3865/4494 6372/3821/4450
f 6422/3867/4496 6423/3866/4495 6370/3819/4448
f 6421/3868/4497 6422/3867/4496 6368/3817/4446
f 6420/3895/4524 6421/3868/4497 6366/3815/4444
f 6350/3799/4428 6411/3876/4505 6412/4393/5001
f 6418/3870/4499 6419/3869/4498 6362/3811/4440
f 6417/3871/4500 6418/3870/4499 6360/3809/4438
f 6416/3872/4501 6417/3871/4500 6358/3807/4436
f 6415/3873/4502 6416/3872/4501 6356/3805/4434
f 6414/3874/4503 6415/3873/4502 6354/3803/4432
f 6413/3875/4504 6414/3874/4503 6352/3801/4430
f 6412/4393/5001 6413/3875/4504 6350/3799/4428
f 6398/3846/4474 6435/3883/5074 6436/4394/5002
f 6441/3878/4507 6410/3877/4506 6408/3856/4485
f 6440/3879/4508 6441/3878/4507 6406/3854/4482
f 6439/3880/4509 6440/3879/4508 6404/3852/4480
f 6438/3881/4510 6439/3880/4509 6402/3850/4478
f 6437/3882/4511 6438/3881/4510 6400/3848/4476
f 6436/4394/5002 6437/3882/4511 6398/3846/4474
f 6411/3876/4505 6442/3887/4516 6443/4395/5003
f 6434/3884/4513 6435/3883/5074 6394/3842/4470
f 6433/3885/4514 6434/3884/4513 6392/3840/4468
f 6432/3886/4515 6433/3885/4514 6390/3838/4466
f 6410/3877/4506 6411/3876/4505 6346/3794/4423
f 6431/3859/4488 6432/3886/4515 6388/3836/4464
f 6447/3896/4525 6448/3891/4520 6421/3868/4497
f 6453/4396/5004 6454/3888/4517 6432/3886/4515
f 6446/4397/5005 6447/3896/4525 6420/3895/4524
f 6456/4398/5006 6457/3893/4522 6437/3882/4511
f 6432/3886/4515 6452/3889/4518 6453/4396/5004
f 6450/3890/4519 6451/3898/4527 6428/3861/4490
f 6462/3914/4543 6463/3901/4529 6910/3899/4528
f 6488/3919/4548 6489/3920/4550 6922/4399/5007
f 6920/4400/5008 6482/3925/4554 6483/3926/4556
f 6479/3928/4557 6480/3929/4559 6919/4401/5009
f 6910/3899/4528 6461/3903/4532 6462/3914/4543
f 6464/3908/4536 6465/3911/4540 6912/3907/4537
f 6923/4402/5010 6489/3920/4550 6490/3944/4573
f 6490/3944/4573 6459/3916/4545 6923/4402/5010
f 6475/3910/4539 6476/3906/4534 6917/3904/4533
f 6472/3955/4584 6473/3933/4562 6915/4403/5011
f 6466/3912/4542 6467/3939/4568 6913/4404/5012
f 6463/3901/4529 6464/3908/4536 6911/3900/4530
f 6483/3926/4556 6484/3948/4577 6920/4400/5008
f 6481/3950/4579 6512/3930/4558 6513/3970/4598
f 6474/3934/4564 6475/3910/4539 6916/3909/4538
f 6468/3940/4570 6469/3957/4586 6914/4405/5013
f 6497/3942/4571 6498/3913/4541 6465/3911/4540
f 6494/3943/4572 6495/3915/4544 6462/3914/4543
f 6491/3945/4574 6492/3918/4546 6459/3916/4545
f 6520/3947/4576 6521/3921/4549 6488/3919/4548
f 6517/3949/4578 6518/3924/4552 6485/3922/4551
f 6514/3951/4580 6515/3927/4555 6482/3925/4554
f 6511/3953/4582 6512/3930/4558 6479/3928/4557
f 6508/3954/4583 6509/3932/4560 6476/3906/4534
f 6505/3956/4585 6506/3935/4563 6473/3933/4562
f 6502/3958/4587 6503/3938/4566 6470/3936/4565
f 6499/3959/4588 6500/3941/4569 6467/3939/4568
f 6496/3960/4589 6497/3942/4571 6464/3908/4536
f 6493/3961/4590 6494/3943/4572 6461/3903/4532
f 6522/3962/4591 6491/3945/4574 6490/3944/4573
f 6519/3963/4592 6520/3947/4576 6487/3946/4575
f 6516/3964/4593 6517/3949/4578 6484/3948/4577
f 6513/3970/4598 6514/3951/4580 6481/3950/4579
f 6510/3965/4594 6511/3953/4582 6478/3952/4581
f 6507/3966/4595 6508/3954/4583 6475/3910/4539
f 6504/3967/4596 6505/3956/4585 6472/3955/4584
f 6501/3968/4597 6502/3958/4587 6469/3957/4586
f 6498/3913/4541 6499/3959/4588 6466/3912/4542
f 6495/3915/4544 6496/3960/4589 6463/3901/4529
f 6492/3918/4546 6493/3961/4590 6460/3917/4547
f 6521/3921/4549 6522/3962/4591 6489/3920/4550
f 6518/3924/4552 6519/3963/4592 6486/3923/4553
f 6515/3927/4555 6516/3964/4593 6483/3926/4556
f 6469/3957/4586 6500/3941/4569 6501/3968/4597
f 6509/3932/4560 6510/3965/4594 6477/3931/4561
f 6506/3935/4563 6507/3966/4595 6474/3934/4564
f 6503/3938/4566 6504/3967/4596 6471/3937/4567
f 6355/3802/4431 6529/3975/4603 6528/4004/4632
f 6534/3999/4627 6533/3971/4599 6367/3814/4443
f 6533/3971/4599 6532/3972/4600 6365/3812/4441
f 6532/3972/4600 6531/3973/4601 6363/3810/4439
f 6531/3973/4601 6530/3974/4602 6361/3808/4437
f 6530/3974/4602 6529/3975/4603 6359/3806/4435
f 6409/3857/4486 6524/3979/4607 6555/4016/4645
f 6528/4004/4632 6527/3976/4604 6355/3802/4431
f 6527/3976/4604 6526/3977/4605 6353/3800/4429
f 6526/3977/4605 6525/3978/4606 6351/3798/4427
f 6371/3818/4447 6537/3997/4625 6536/4000/4629
f 6555/4016/4645 6554/3980/4608 6409/3857/4486
f 6554/3980/4608 6553/3981/4609 6407/3858/4487
f 6553/3981/4609 6552/3982/4610 6405/3853/4483
f 6552/3982/4610 6551/3983/4611 6403/3851/4481
f 6551/3983/4611 6550/3984/4612 6401/3849/4479
f 6550/3984/4612 6549/3985/4613 6399/3847/4477
f 6549/3985/4613 6548/3986/4614 6397/3845/4475
f 6548/3986/4614 6547/3987/4615 6395/3843/4473
f 6547/3987/4615 6546/3988/4616 6393/3841/4471
f 6525/3978/4606 6524/3979/4607 6349/3796/4424
f 6546/3988/4616 6545/3989/4617 6391/3839/4469
f 6545/3989/4617 6544/3990/4618 6389/3837/4467
f 6544/3990/4618 6543/3991/4619 6387/3835/4465
f 6543/3991/4619 6542/3992/4620 6385/3833/4463
f 6542/3992/4620 6541/3993/4621 6383/3831/4461
f 6541/3993/4621 6540/3994/4622 6381/3829/4459
f 6540/3994/4622 6539/3995/4623 6379/3827/4457
f 6539/3995/4623 6538/3996/4624 6377/3825/4455
f 6538/3996/4624 6537/3997/4625 6375/3823/4453
f 6530/3974/4602 6563/4003/4631 6562/4014/4642
f 6536/4000/4629 6535/3998/4626 6371/3818/4447
f 6535/3998/4626 6534/3999/4627 6369/3816/4445
f 6536/4000/4629 6569/4001/4628 6568/4031/4660
f 6566/4033/4661 6565/4002/4630 6534/3999/4627
f 6532/3972/4600 6565/4002/4630 6564/4021/4649
f 6560/4036/4664 6559/4005/4633 6528/4004/4632
f 6557/4023/4651 6556/4006/4634 6525/3978/4606
f 6586/4024/4652 6585/4007/4635 6554/3980/4608
f 6583/4025/4653 6582/4008/4636 6551/3983/4611
f 6580/4041/4669 6579/4009/4637 6548/3986/4614
f 6577/4026/4654 6576/4010/4638 6545/3989/4617
f 6574/4027/4655 6573/4011/4639 6542/3992/4620
f 6571/4029/4658 6570/4012/4640 6539/3995/4623
f 6568/4031/4660 6567/4013/4641 6536/4000/4629
f 6529/3975/4603 6562/4014/4642 6561/4022/4650
f 6552/3982/4610 6585/4007/4635 6584/4050/4679
f 6559/4005/4633 6558/4015/4643 6527/3976/4604
f 6556/4006/4634 6587/4017/4644 6524/3979/4607
f 6540/3994/4622 6573/4011/4639 6572/4028/4656
f 6582/4008/4636 6581/4018/4646 6550/3984/4612
f 6579/4009/4637 6578/4019/4647 6547/3987/4615
f 6576/4010/4638 6575/4020/4648 6544/3990/4618
f 6534/3999/4627 6567/4013/4641 6566/4033/4661
f 6537/3997/4625 6570/4012/4640 6569/4001/4628
f 6531/3973/4601 6564/4021/4649 6563/4003/4631
f 6548/3986/4614 6581/4018/4646 6580/4041/4669
f 6528/4004/4632 6561/4022/4650 6560/4036/4664
f 6558/4015/4643 6557/4023/4651 6526/3977/4605
f 6587/4017/4644 6586/4024/4652 6555/4016/4645
f 6584/4050/4679 6583/4025/4653 6552/3982/4610
f 6539/3995/4623 6572/4028/4656 6571/4029/4658
f 6578/4019/4647 6577/4026/4654 6546/3988/4616
f 6575/4020/4648 6574/4027/4655 6543/3991/4619
f 6568/4031/4660 6601/4032/4659 6600/4064/4693
f 6604/4062/4690 6603/4030/4657 6572/4028/4656
f 6565/4002/4630 6598/4034/4662 6597/4047/4675
f 6573/4011/4639 6606/4044/4672 6605/4055/4683
f 6595/4056/4684 6594/4035/4663 6563/4003/4631
f 6592/4095/4723 6591/4037/4665 6560/4036/4664
f 6589/4085/4713 6588/4038/4666 6557/4023/4651
f 6618/4057/4685 6617/4039/4667 6586/4024/4652
f 6615/4058/4686 6614/4040/4668 6583/4025/4653
f 6612/4090/4718 6611/4042/4670 6580/4041/4669
f 6609/4059/4687 6608/4043/4671 6577/4026/4654
f 6564/4021/4649 6597/4047/4675 6596/4067/4696
f 6603/4030/4657 6602/4045/4673 6571/4029/4658
f 6600/4064/4693 6599/4046/4674 6568/4031/4660
f 6587/4017/4644 6588/4038/4666 6619/4086/4715
f 6594/4035/4663 6593/4048/4676 6562/4014/4642
f 6591/4037/4665 6590/4049/4677 6559/4005/4633
f 6572/4028/4656 6605/4055/4683 6604/4062/4690
f 6617/4039/4667 6616/4051/4678 6585/4007/4635
f 6614/4040/4668 6613/4052/5075 6582/4008/4636
f 6611/4042/4670 6610/4053/4681 6579/4009/4637
f 6608/4043/4671 6607/4054/4682 6576/4010/4638
f 6569/4001/4628 6602/4045/4673 6601/4032/4659
f 6560/4036/4664 6593/4048/4676 6592/4095/4723
f 6599/4046/4674 6598/4034/4662 6567/4013/4641
f 6596/4067/4696 6595/4056/4684 6564/4021/4649
f 6557/4023/4651 6590/4049/4677 6589/4085/4713
f 6580/4041/4669 6613/4052/5075 6612/4090/4718
f 6619/4086/4715 6618/4057/4685 6587/4017/4644
f 6616/4051/4678 6615/4058/4686 6584/4050/4679
f 6603/4030/4657 6636/4063/4691 6635/4060/4688
f 6610/4053/4681 6609/4059/4687 6578/4019/4647
f 6607/4054/4682 6606/4044/4672 6575/4020/4648
f 6603/4030/4657 6634/4061/4689 6602/4045/4673
f 6596/4067/4696 6627/4068/4695 6595/4056/4684
f 6600/4064/4693 6633/4065/4692 6632/4081/4709
f 6594/4035/4663 6627/4068/4695 6626/4083/4711
f 6588/4038/4666 6651/4071/4699 6619/4086/4715
f 6622/4097/4725 6590/4049/4677 6623/4069/4697
f 6614/4040/4668 6645/4075/4703 6613/4052/5075
f 6616/4051/4678 6647/4073/4701 6615/4058/4686
f 6608/4043/4671 6641/4078/4706 6640/4091/4719
f 6611/4042/4670 6642/4077/4705 6610/4053/4681
f 6605/4055/4683 6638/4079/4707 6637/4092/4720
f 6599/4046/4674 6632/4081/4709 6631/4093/4721
f 6629/4082/4710 6597/4047/4675 6630/4080/4708
f 6593/4048/4676 6626/4083/4711 6625/4096/4724
f 6596/4067/4696 6629/4082/4710 6628/4066/4694
f 6589/4085/4713 6620/4070/4698 6588/4038/4666
f 6612/4090/4718 6643/4076/4704 6611/4042/4670
f 6619/4086/4715 6650/4087/4714 6618/4057/4685
f 6616/4051/4678 6649/4088/4716 6648/4072/4700
f 6607/4054/4682 6640/4091/4719 6639/4098/4726
f 6610/4053/4681 6641/4078/4706 6609/4059/4687
f 6604/4062/4690 6637/4092/4720 6636/4063/4691
f 6598/4034/4662 6631/4093/4721 6630/4080/4708
f 6601/4032/4659 6634/4061/4689 6633/4065/4692
f 6592/4095/4723 6623/4069/4697 6591/4037/4665
f 6635/4060/4688 6668/4101/4729 6667/4126/4755
f 6592/4095/4723 6625/4096/4724 6624/4094/4722
f 6589/4085/4713 6622/4097/4725 6621/4084/4712
f 6618/4057/4685 6649/4088/4716 6617/4039/4667
f 6607/4054/4682 6638/4079/4707 6606/4044/4672
f 6674/4116/4744 6673/4099/4727 6642/4077/4705
f 6671/4124/4752 6670/4100/4728 6639/4098/4726
f 6626/4083/4711 6659/4104/4732 6658/4132/4761
f 6632/4081/4709 6665/4102/4730 6664/4128/4757
f 6662/4130/4758 6661/4103/4731 6630/4080/4708
f 6637/4092/4720 6670/4100/4728 6669/4117/4745
f 6656/4134/4762 6655/4105/4733 6624/4094/4722
f 6653/4118/4746 6652/4106/4734 6621/4084/4712
f 6682/4119/4747 6681/4107/4735 6650/4087/4714
f 6679/4120/4748 6678/4108/4736 6647/4073/4701
f 6676/4121/4750 6675/4109/4737 6644/4089/4717
f 6673/4099/4727 6672/4110/4738 6641/4078/4706
f 6622/4097/4725 6655/4105/4733 6654/4145/4773
f 6667/4126/4755 6666/4111/4739 6635/4060/4688
f 6664/4128/4757 6663/4112/4740 6632/4081/4709
f 6628/4066/4694 6661/4103/4731 6660/4143/4771
f 6658/4132/4761 6657/4113/4741 6626/4083/4711
f 6639/4098/4726 6672/4110/4738 6671/4124/4752
f 6652/4106/4734 6683/4114/4742 6620/4070/4698
f 6648/4072/4700 6681/4107/4735 6680/4147/4775
f 6678/4108/4736 6677/4115/4743 6646/4074/4702
f 6675/4109/4737 6674/4116/4744 6643/4076/4704
f 6636/4063/4691 6669/4117/4745 6668/4101/4729
f 6630/4080/4708 6663/4112/4740 6662/4130/4758
f 6633/4065/4692 6666/4111/4739 6665/4102/4730
f 6644/4089/4717 6677/4115/4743 6676/4121/4750
f 6660/4143/4771 6659/4104/4732 6628/4066/4694
f 6624/4094/4722 6657/4113/4741 6656/4134/4762
f 6654/4145/4773 6653/4118/4746 6622/4097/4725
f 6683/4114/4742 6682/4119/4747 6651/4071/4699
f 6680/4147/4775 6679/4120/4748 6648/4072/4700
f 6676/4121/4750 6709/4122/4749 6708/4155/4784
f 6664/4128/4757 6697/4129/4756 6696/4162/4791
f 6706/4148/4776 6705/4123/4751 6674/4116/4744
f 6703/4158/4786 6702/4125/4753 6671/4124/4752
f 6700/4160/4788 6699/4127/4754 6668/4101/4729
f 6658/4132/4761 6691/4133/4760 6690/4166/4795
f 6694/4164/4792 6693/4131/4759 6662/4130/4758
f 6654/4145/4773 6687/4135/4763 6686/4179/4807
f 6688/4168/4796 6687/4135/4763 6656/4134/4762
f 6685/4150/4778 6684/4136/4764 6653/4118/4746
f 6714/4151/4779 6713/4137/4765 6682/4119/4747
f 6711/4152/4780 6710/4138/4766 6679/4120/4748
f 6708/4155/4784 6707/4139/4767 6676/4121/4750
f 6705/4123/4751 6704/4140/4768 6673/4099/4727
f 6669/4117/4745 6702/4125/4753 6701/4149/4777
f 6699/4127/4754 6698/4141/4769 6667/4126/4755
f 6696/4162/4791 6695/4142/4770 6664/4128/4757
f 6660/4143/4771 6693/4131/4759 6692/4177/4805
f 6690/4166/4795 6689/4144/4772 6658/4132/4761
f 6668/4101/4729 6701/4149/4777 6700/4160/4788
f 6684/4136/4764 6715/4146/4774 6652/4106/4734
f 6680/4147/4775 6713/4137/4765 6712/4153/4781
f 6710/4138/4766 6709/4122/4749 6678/4108/4736
f 6707/4139/4767 6706/4148/4776 6675/4109/4737
f 6671/4124/4752 6704/4140/4768 6703/4158/4786
f 6708/4155/4784 6741/4156/4783 6740/4188/4817
f 6665/4102/4730 6698/4141/4769 6697/4129/4756
f 6662/4130/4758 6695/4142/4770 6694/4164/4792
f 6692/4177/4805 6691/4133/4760 6660/4143/4771
f 6656/4134/4762 6689/4144/4772 6688/4168/4796
f 6686/4179/4807 6685/4150/4778 6654/4145/4773
f 6715/4146/4774 6714/4151/4779 6683/4114/4742
f 6712/4153/4781 6711/4152/4780 6680/4147/4775
f 6744/4186/4814 6743/4154/4782 6712/4153/4781
f 6696/4162/4791 6729/4163/4790 6728/4176/4804
f 6738/4181/4809 6737/4157/4785 6706/4148/4776
f 6735/4406/5014 6734/4159/4787 6703/4158/4786
f 6732/4191/4819 6731/4161/4789 6700/4160/4788
f 6684/4136/4764 6717/4170/4798 6716/4407/5015
f 6726/4408/5016 6725/4165/4793 6694/4164/4792
f 6723/4184/4812 6722/4167/4794 6691/4133/4760
f 6720/4194/4822 6719/4169/4797 6688/4168/4796
f 6695/4142/4770 6728/4176/4804 6727/4183/4811
f 6746/4185/4813 6745/4171/4799 6714/4151/4779
f 6743/4154/4782 6742/4172/4800 6711/4152/4780
f 6740/4188/4817 6739/4173/4801 6708/4155/4784
f 6737/4157/4785 6736/4174/4802 6705/4123/4751
f 6701/4149/4777 6734/4159/4787 6733/4182/4810
f 6731/4161/4789 6730/4175/4803 6699/4127/4754
f 6700/4160/4788 6733/4182/4810 6732/4191/4819
f 6692/4177/4805 6725/4165/4793 6724/4197/4825
f 6722/4167/4794 6721/4178/4806 6690/4166/4795
f 6686/4179/4807 6719/4169/4797 6718/4196/4824
f 6716/4407/5015 6747/4180/4808 6684/4136/4764
f 6712/4153/4781 6745/4171/4799 6744/4186/4814
f 6742/4172/4800 6741/4156/4783 6710/4138/4766
f 6739/4173/4801 6738/4181/4809 6707/4139/4767
f 6703/4158/4786 6736/4174/4802 6735/4406/5014
f 6694/4164/4792 6727/4183/4811 6726/4408/5016
f 6697/4129/4756 6730/4175/4803 6729/4163/4790
f 6728/4176/4804 6752/4193/4821 6751/4409/5017
f 6724/4197/4825 6723/4184/4812 6692/4177/4805
f 6688/4168/4796 6721/4178/4806 6720/4194/4822
f 6718/4196/4824 6717/4170/4798 6686/4179/4807
f 6747/4180/4808 6746/4185/4813 6715/4146/4774
f 6739/4173/4801 6757/4189/4816 6756/4410/5018
f 6750/4411/5019 6749/4198/4826 6724/4197/4825
f 6924/4200/4829 6762/4201/4828 6761/4230/4859
f 6791/4214/4841 6790/4232/4861 6943/4213/4842
f 6788/4234/4862 6787/4235/4864 6941/4216/4845
f 6930/4203/4832 6770/4204/4831 6769/4250/4879
f 6782/4239/4867 6781/4240/4869 6938/4412/5020
f 6776/4244/4872 6775/4245/4874 6934/4221/4850
f 6935/4208/4837 6778/4209/4836 6777/4222/4849
f 6764/4228/4857 6763/4253/4882 6927/4224/4852
f 6761/4230/4859 6760/4206/4833 6924/4200/4829
f 6926/4199/4827 6763/4253/4882 6762/4201/4828
f 6766/4252/4880 6765/4212/4839 6929/4210/4838
f 6941/4216/4845 6789/4217/4844 6788/4234/4862
f 6760/4206/4833 6791/4214/4841 6925/4205/4834
f 6786/4257/4885 6785/4220/4847 6940/4218/4846
f 6934/4221/4850 6777/4222/4849 6776/4244/4872
f 6772/4248/4877 6805/4249/4876 6804/4282/4911
f 6771/4264/4893 6770/4204/4831 6932/4223/4851
f 6927/4224/4852 6765/4212/4839 6764/4228/4857
f 6800/4271/4899 6799/4227/4854 6768/4225/4853
f 6764/4228/4857 6797/4229/4856 6796/4273/4902
f 6794/4266/4894 6793/4231/4858 6762/4201/4828
f 6823/4413/4990 6822/4233/4860 6791/4214/4841
f 6820/4414/4992 6819/4236/4863 6788/4234/4862
f 6784/4237/4866 6817/4238/4865 6816/4275/4904
f 6814/4267/4895 6813/4241/4868 6782/4239/4867
f 6811/4278/4906 6810/4243/5076 6779/4242/4870
f 6808/4280/4908 6807/4246/4873 6776/4244/4872
f 6766/4252/4880 6799/4227/4854 6798/4285/4913
f 6802/4269/4897 6801/4251/4878 6770/4204/4831
f 6786/4257/4885 6819/4236/4863 6818/4287/4916
f 6796/4273/4902 6795/4254/4881 6764/4228/4857
f 6793/4231/4858 6792/4255/4883 6761/4230/4859
f 6822/4233/4860 6821/4256/4884 6790/4232/4861
f 6777/4222/4849 6810/4243/5076 6809/4268/4896
f 6816/4275/4904 6815/4259/4886 6784/4237/4866
f 6813/4241/4868 6812/4261/4888 6781/4240/4869
f 6791/4214/4841 6792/4255/4883 6823/4413/4990
f 6807/4246/4873 6806/4263/4890 6775/4245/4874
f 6804/4282/4911 6803/4265/4892 6772/4248/4877
f 6768/4225/4853 6801/4251/4878 6800/4271/4899
f 6798/4285/4913 6797/4229/4856 6766/4252/4880
f 6795/4254/4881 6794/4266/4894 6763/4253/4882
f 6779/4242/4870 6812/4261/4888 6811/4278/4906
f 6788/4234/4862 6821/4256/4884 6820/4414/4992
f 6818/4287/4916 6817/4238/4865 6786/4257/4885
f 6815/4259/4886 6814/4267/4895 6783/4258/4887
f 6776/4244/4872 6809/4268/4896 6808/4280/4908
f 6773/4247/4875 6806/4263/4890 6805/4249/4876
f 6803/4265/4892 6802/4269/4897 6771/4264/4893
f 6828/4415/5021 6827/4272/4900 6800/4271/4899
f 6798/4285/4913 6827/4272/4900 6826/4416/5022
f 6835/4417/5023 6834/4281/4909 6808/4280/4908
f 6804/4282/4911 6832/4283/4910 6831/4418/5024
f 6838/4277/4905 6837/4290/4918 6813/4241/4868
f 6953/4419/5025 6872/4368/4992 6871/4369/4863
f 6834/4281/4909 6833/4291/4919 6807/4246/4873
f 6831/4418/5024 6830/4270/4898 6804/4282/4911
f 6800/4271/4899 6829/4284/4912 6828/4415/5021
f 6826/4416/5022 6825/4274/4901 6798/4285/4913
f 6841/4288/4915 6840/4276/4903 6818/4287/4916
f 6805/4249/4876 6833/4291/4919 6832/4283/4910
f 6846/4365/4989 6845/4294/4858 6946/4292/4920
f 6875/4366/4990 6874/4367/4991 6955/4297/4924
f 6952/4420/5026 6869/4370/4993 6868/4371/4994
f 6866/4372/4995 6865/4373/4868 6951/4421/5027
f 6863/4374/4906 6862/4375/4871 6950/4422/5028
f 6854/4380/4897 6853/4381/4997 6948/4423/5029
f 6848/4364/4902 6847/4384/4881 6947/4424/5030
f 6845/4294/4858 6844/4296/4922 6944/4293/4921
f 6871/4369/4863 6870/4386/4916 6953/4419/5025
f 6868/4371/4994 6867/4387/4886 6952/4420/5026
f 6955/4297/4924 6844/4296/4922 6875/4366/4990
f 6873/4385/4884 6872/4368/4992 6954/4425/5031
f 6861/4389/4896 6860/4376/4996 6949/4426/5032
f 6947/4424/5030 6849/4363/4856 6848/4364/4902
f 6972/4323/4951 6889/4324/4950 6888/4347/4973
f 6956/4299/4927 6881/4300/4926 6880/4355/4981
f 6958/4302/4930 6878/4303/4929 6877/4356/4982
f 6907/4357/4983 6906/4306/4932 6961/4304/4931
f 6904/4349/4976 6903/4309/4935 6963/4307/4934
f 6901/4350/4977 6900/4312/4938 6965/4310/4937
f 6898/4358/4984 6897/4315/4941 6967/4313/4940
f 6895/4359/4985 6894/4318/4944 6969/4316/4943
f 6892/4360/4986 6891/4321/4947 6971/4319/4946
f 6976/4329/4957 6883/4330/4956 6882/4362/4988
f 6886/4361/4987 6885/4327/4953 6975/4325/4952
f 6982/4339/4966 6900/4312/4938 6899/4351/4978
f 6880/4355/4981 6879/4332/4958 6956/4299/4927
f 6877/4356/4982 6876/4334/4960 6958/4302/4930
f 6906/4306/4932 6905/4336/4962 6960/4305/4933
f 6903/4309/4935 6902/4338/4964 6962/4308/4936
f 6986/4346/4974 6888/4347/4973 6887/4352/4979
f 6897/4315/4941 6896/4341/4967 6966/4314/4942
f 6894/4318/4944 6893/4343/4969 6968/4317/4945
f 6891/4321/4947 6890/4345/4971 6970/4320/4948
f 6961/4304/4931 6876/4334/4960 6907/4357/4983
f 6987/4348/4975 6885/4327/4953 6884/4353/4980
f 6882/4362/4988 6881/4300/4926 6976/4329/4957
f 6879/4332/4958 6878/4303/4929 6978/4331/4959
f 6967/4313/4940 6899/4351/4978 6898/4358/4984
f 6905/4336/4962 6904/4349/4976 6980/4335/4963
f 6902/4338/4964 6901/4350/4977 6981/4337/4965
f 6971/4319/4946 6893/4343/4969 6892/4360/4986
f 6969/4316/4943 6896/4341/4967 6895/4359/4985
f 6973/4322/4949 6890/4345/4971 6889/4324/4950
f 6975/4325/4952 6887/4352/4979 6886/4361/4987
f 6868/4371/4994 6965/4310/4937 6964/4311/4939
f 6884/4353/4980 6883/4330/4956 6987/4348/4975
f 6848/4364/4902 6957/4298/4925 6956/4299/4927
f 6845/4294/4858 6959/4301/4928 6958/4302/4930
f 6961/4304/4931 6960/4305/4933 6875/4366/4990
f 6963/4307/4934 6962/4308/4936 6872/4368/4992
f 6856/4379/4911 6973/4322/4949 6972/4323/4951
f 6967/4313/4940 6966/4314/4942 6866/4372/4995
f 6969/4316/4943 6968/4317/4945 6863/4374/4906
f 6971/4319/4946 6970/4320/4948 6860/4376/4996
f 6867/4387/4886 6964/4311/4939 6982/4339/4966
f 6975/4325/4952 6974/4326/4954 6854/4380/4897
f 6977/4328/4955 6976/4329/4957 6851/4382/4854
f 6956/4299/4927 6978/4331/4959 6848/4364/4902
f 6958/4302/4930 6979/4333/4961 6845/4294/4858
f 6960/4305/4933 6980/4335/4963 6874/4367/4991
f 6962/4308/4936 6981/4337/4965 6871/4369/4863
f 6861/4389/4896 6968/4317/4945 6984/4342/4970
f 6966/4314/4942 6983/4340/4968 6865/4373/4868
f 6872/4368/4992 6980/4335/4963 6963/4307/4934
f 6970/4320/4948 6985/4344/4972 6859/4377/4873
f 6972/4323/4951 6986/4346/4974 6856/4379/4911
f 6852/4392/5000 6974/4326/4954 6987/4348/4975
f 6976/4329/4957 6957/4298/4925 6850/4383/4998
f 6978/4331/4959 6959/4301/4928 6847/4384/4881
f 6979/4333/4961 6961/4304/4931 6844/4296/4922
f 6860/4376/4996 6984/4342/4970 6971/4319/4946
f 6981/4337/4965 6965/4310/4937 6870/4386/4916
f 6982/4339/4966 6967/4313/4940 6867/4387/4886
f 6863/4374/4906 6983/4340/4968 6969/4316/4943
f 6854/4380/4897 6986/4346/4974 6975/4325/4952
f 6857/4378/4876 6985/4344/4972 6973/4322/4949
f 6612/4090/4718 6645/4075/4703 6644/4089/4717
f 6987/4348/4975 6977/4328/4955 6852/4392/5000
f 6615/4058/4686 6646/4074/4702 6614/4040/4668
f 6373/3820/4449 6374/3822/4451 6375/3823/4453
f 6439/3880/4509 7017/4427/5033 6440/3879/4508
f 6436/4394/5002 7016/4428/5034 6437/3882/4511
f 6424/3865/4494 7004/4429/5035 6425/3864/4493
f 6418/3870/4499 7010/4430/5036 6419/3869/4498
f 6412/4393/5001 7001/4431/5078 6413/3875/4504
f 6435/3883/5074 7016/4428/5034 6436/4394/5002
f 6429/3860/4489 7013/4432/5038 6430/3855/4484
f 6426/3863/4492 7006/4433/5039 6427/3862/4491
f 6414/3874/4503 7002/4434/5040 6415/3873/4502
f 6411/3876/4505 7000/4435/5079 6412/4393/5001
f 6440/3879/4508 7019/4436/5042 6441/3878/4507
f 6434/3884/4513 7014/4437/5043 6435/3883/5074
f 6425/3864/4493 7005/4438/5044 6426/3863/4492
f 6422/3867/4496 7011/4439/5045 6423/3866/4495
f 6419/3869/4498 7010/4430/5036 6420/3895/4524
f 6416/3872/4501 7008/4440/5046 6417/3871/4500
f 6413/3875/4504 7002/4434/5040 6414/3874/4503
f 6988/4441/5047 6459/3916/4545 6989/4442/5048
f 6922/4399/5007 6489/3920/4550 7018/4443/5049
f 6921/4444/5050 6485/3922/4551 6998/4445/5051
f 6997/4446/5052 6482/3925/4554 6920/4400/5008
f 6919/4401/5009 6480/3929/4559 6995/4447/5053
f 6918/3905/4535 6476/3906/4534 6993/4448/5054
f 7012/4449/5055 6474/3934/4564 6916/3909/4538
f 6991/4450/5056 6470/3936/4565 6992/4451/5057
f 7009/4452/5058 6468/3940/4570 6914/4405/5013
f 6912/3907/4537 6465/3911/4540 7007/4453/5059
f 6923/4402/5010 6459/3916/4545 6988/4441/5047
f 6999/4454/5060 6488/3919/4548 6922/4399/5007
f 7015/4455/5061 6485/3922/4551 6921/4444/5050
f 6996/4456/5062 6482/3925/4554 6997/4446/5052
f 6994/4457/5063 6479/3928/4557 6919/4401/5009
f 6915/4403/5011 6473/3933/4562 7012/4449/5055
f 6990/4458/5064 6470/3936/4565 6991/4450/5056
f 6913/4404/5012 6467/3939/4568 7009/4452/5058
f 6989/4442/5048 6461/3903/4532 6909/3902/4531
f 7018/4443/5049 6489/3920/4550 6923/4402/5010
f 6998/4445/5051 6486/3923/4553 6999/4454/5060
f 6920/4400/5008 6484/3948/4577 7015/4455/5061
f 6995/4447/5053 6480/3929/4559 6996/4456/5062
f 6993/4448/5054 6478/3952/4581 6994/4457/5063
f 6992/4451/5057 6472/3955/4584 6915/4403/5011
f 6914/4405/5013 6469/3957/4586 6990/4458/5064
f 7007/4453/5059 6466/3912/4542 6913/4404/5012
f 6747/4180/4808 6943/4213/4842 6746/4185/4813
f 6735/4406/5014 6936/4207/4835 6734/4159/4787
f 6726/4408/5016 6930/4203/4832 6725/4165/4793
f 6723/4184/4812 6929/4210/4838 6722/4167/4794
f 6717/4170/4798 6925/4205/4834 6716/4407/5015
f 6746/4185/4813 6942/4215/4843 6745/4171/4799
f 6743/4154/4782 6940/4218/4846 6742/4172/4800
f 6734/4159/4787 6936/4207/4835 6733/4182/4810
f 6731/4161/4789 6933/4459/5065 6730/4175/4803
f 6728/4176/4804 6932/4223/4851 6727/4183/4811
f 6725/4165/4793 6930/4203/4832 6724/4197/4825
f 6722/4167/4794 6928/4211/4840 6721/4178/4806
f 6716/4407/5015 6943/4213/4842 6747/4180/4808
f 6745/4171/4799 6942/4215/4843 6744/4186/4814
f 6742/4172/4800 6939/4219/4848 6741/4156/4783
f 6739/4173/4801 6938/4412/5020 6738/4181/4809
f 6736/4174/4802 6937/4460/5066 6735/4406/5014
f 6733/4182/4810 6935/4208/4837 6732/4191/4819
f 6730/4175/4803 6933/4459/5065 6729/4163/4790
f 6727/4183/4811 6932/4223/4851 6726/4408/5016
f 6721/4178/4806 6928/4211/4840 6720/4194/4822
f 6718/4196/4824 6926/4199/4827 6717/4170/4798
f 6943/4213/4842 6790/4232/4861 6759/4461/5067
f 6941/4216/4845 6787/4235/4864 6758/4187/4815
f 6939/4219/4848 6785/4220/4847 6757/4189/4816
f 6938/4412/5020 6781/4240/4869 6755/4190/4818
f 6754/4462/5068 6778/4209/4836 6936/4207/4835
f 6934/4221/4850 6775/4245/4874 6753/4192/4820
f 6752/4193/4821 6773/4247/4875 6751/4409/5017
f 6749/4198/4826 6766/4252/4880 6929/4210/4838
f 6927/4224/4852 6763/4253/4882 6748/4195/4823
f 6759/4461/5067 6789/4217/4844 6942/4215/4843
f 6758/4187/4815 6786/4257/4885 6940/4218/4846
f 6757/4189/4816 6783/4258/4887 6756/4410/5018
f 6755/4190/4818 6780/4260/4889 6937/4460/5066
f 6753/4192/4820 6774/4262/4891 6933/4459/5065
f 6751/4409/5017 6771/4264/4893 6932/4223/4851
f 6930/4203/4832 6769/4250/4879 6750/4411/5019
f 6748/4195/4823 6763/4253/4882 6926/4199/4827
f 6756/4410/5018 6782/4239/4867 6938/4412/5020
f 6937/4460/5066 6780/4260/4889 6754/4462/5068
f 6933/4459/5065 6774/4262/4891 6752/4193/4821
f 6750/4411/5019 6767/4226/4855 6749/4198/4826
f 6794/4266/4894 6946/4292/4920 6793/4231/4858
f 6823/4413/4990 6955/4297/4924 6822/4233/4860
f 6820/4414/4992 6953/4419/5025 6819/4236/4863
f 6793/4231/4858 6945/4295/4923 6792/4255/4883
f 6822/4233/4860 6954/4425/5031 6821/4256/4884
f 6795/4254/4881 6946/4292/4920 6794/4266/4894
f 6792/4255/4883 6955/4297/4924 6823/4413/4990
f 6821/4256/4884 6954/4425/5031 6820/4414/4992
f 6815/4259/4886 6951/4421/5027 6814/4267/4895
f 6809/4268/4896 6949/4426/5032 6808/4280/4908
f 6955/4297/4924 6874/4367/4991 6843/4463/5069
f 6842/4464/5070 6872/4368/4992 6953/4419/5025
f 6840/4276/4903 6869/4370/4993 6952/4420/5026
f 6951/4421/5027 6865/4373/4868 6838/4277/4905
f 6950/4422/5028 6862/4375/4871 6836/4279/5077
f 6835/4417/5023 6859/4377/4873 6834/4281/4909
f 6832/4283/4910 6856/4379/4911 6831/4418/5024
f 6948/4423/5029 6853/4381/4997 6829/4284/4912
f 6827/4272/4900 6851/4382/4854 6826/4416/5022
f 6947/4424/5030 6847/4384/4881 6824/4286/4914
f 6843/4463/5069 6873/4385/4884 6954/4425/5031
f 6953/4419/5025 6870/4386/4916 6841/4288/4915
f 6952/4420/5026 6867/4387/4886 6839/4289/4917
f 6838/4277/4905 6864/4388/4888 6837/4290/4918
f 6836/4279/5077 6861/4389/4896 6949/4426/5032
f 6834/4281/4909 6858/4390/4999 6833/4291/4919
f 6831/4418/5024 6855/4391/4892 6830/4270/4898
f 6829/4284/4912 6852/4392/5000 6828/4415/5021
f 6826/4416/5022 6850/4383/4998 6825/4274/4901
f 6824/4286/4914 6846/4365/4989 6946/4292/4920
f 6954/4425/5031 6872/4368/4992 6842/4464/5070
f 6841/4288/4915 6869/4370/4993 6840/4276/4903
f 6839/4289/4917 6866/4372/4995 6951/4421/5027
f 6837/4290/4918 6863/4374/4906 6950/4422/5028
f 6949/4426/5032 6860/4376/4996 6835/4417/5023
f 6833/4291/4919 6858/4390/4999 6832/4283/4910
f 6830/4270/4898 6854/4380/4897 6948/4423/5029
f 6828/4415/5021 6851/4382/4854 6827/4272/4900
f 6825/4274/4901 6849/4363/4856 6947/4424/5030
f 6437/3882/4511 7016/4428/5034 6456/4398/5006
f 6440/3879/4508 7017/4427/5033 6458/4465/5071
f 6434/3884/4513 6454/3888/4517 7014/4437/5043
f 6439/3880/4509 6457/3893/4522 7017/4427/5033
f 7013/4432/5038 6452/3889/4518 6430/3855/4484
f 7006/4433/5039 6450/3890/4519 6427/3862/4491
f 6449/3894/4523 7004/4429/5035 6424/3865/4494
f 6445/3897/4526 7010/4430/5036 6418/3870/4499
f 7003/4466/5072 6444/3892/4521 6415/3873/4502
f 7000/4435/5079 7001/4431/5078 6412/4393/5001
f 7019/4436/5042 6442/3887/4516 6441/3878/4507
f 6415/3873/4502 7002/4434/5040 7003/4466/5072
f 6455/4467/5073 7016/4428/5034 6435/3883/5074
f 6451/3898/4527 7013/4432/5038 6429/3860/4489
f 7005/4438/5044 7006/4433/5039 6426/3863/4492
f 7011/4439/5045 6449/3894/4523 6423/3866/4495
f 7008/4440/5046 6445/3897/4526 6417/3871/4500
f 6435/3883/5074 7014/4437/5043 6455/4467/5073
f 6443/4395/5003 7000/4435/5079 6411/3876/4505
f 6458/4465/5071 7019/4436/5042 6440/3879/4508
f 6420/3895/4524 7010/4430/5036 6446/4397/5005
f 7004/4429/5035 7005/4438/5044 6425/3864/4493
f 6448/3891/4520 7011/4439/5045 6422/3867/4496
f 6989/4442/5048 6459/3916/4545 6460/3917/4547
f 6444/3892/4521 7008/4440/5046 6416/3872/4501
f 7001/4431/5078 7002/4434/5040 6413/3875/4504
f 6998/4445/5051 6485/3922/4551 6486/3923/4553
f 6993/4448/5054 6476/3906/4534 6477/3931/4561
f 6992/4451/5057 6470/3936/4565 6471/3937/4567
f 6473/3933/4562 6474/3934/4564 7012/4449/5055
f 6467/3939/4568 6468/3940/4570 7009/4452/5058
f 6487/3946/4575 6488/3919/4548 6999/4454/5060
f 6484/3948/4577 6485/3922/4551 7015/4455/5061
f 6481/3950/4579 6482/3925/4554 6996/4456/5062
f 6478/3952/4581 6479/3928/4557 6994/4457/5063
f 6469/3957/4586 6470/3936/4565 6990/4458/5064
f 6460/3917/4547 6461/3903/4532 6989/4442/5048
f 6999/4454/5060 6486/3923/4553 6487/3946/4575
f 6996/4456/5062 6480/3929/4559 6481/3950/4579
f 6477/3931/4561 6478/3952/4581 6993/4448/5054
f 6471/3937/4567 6472/3955/4584 6992/4451/5057
f 6465/3911/4540 6466/3912/4542 7007/4453/5059
f 6746/4185/4813 6943/4213/4842 6759/4461/5067
f 6941/4216/4845 6758/4187/4815 6744/4186/4814
f 6939/4219/4848 6757/4189/4816 6741/4156/4783
f 6938/4412/5020 6755/4190/4818 6738/4181/4809
f 6754/4462/5068 6936/4207/4835 6735/4406/5014
f 6934/4221/4850 6753/4192/4820 6732/4191/4819
f 6931/4202/4830 6930/4203/4832 6726/4408/5016
f 6749/4198/4826 6929/4210/4838 6723/4184/4812
f 6927/4224/4852 6748/4195/4823 6720/4194/4822
f 6924/4200/4829 6925/4205/4834 6717/4170/4798
f 6759/4461/5067 6942/4215/4843 6746/4185/4813
f 6758/4187/4815 6940/4218/4846 6743/4154/4782
f 6736/4174/4802 6755/4190/4818 6937/4460/5066
f 6735/4406/5014 6937/4460/5066 6754/4462/5068
f 6733/4182/4810 6936/4207/4835 6935/4208/4837
f 6753/4192/4820 6933/4459/5065 6731/4161/4789
f 6751/4409/5017 6932/4223/4851 6728/4176/4804
f 6724/4197/4825 6930/4203/4832 6750/4411/5019
f 6929/4210/4838 6928/4211/4840 6722/4167/4794
f 6718/4196/4824 6748/4195/4823 6926/4199/4827
f 6925/4205/4834 6943/4213/4842 6716/4407/5015
f 6744/4186/4814 6942/4215/4843 6941/4216/4845
f 6940/4218/4846 6939/4219/4848 6742/4172/4800
f 6756/4410/5018 6938/4412/5020 6739/4173/4801
f 6732/4191/4819 6935/4208/4837 6934/4221/4850
f 6726/4408/5016 6932/4223/4851 6931/4202/4830
f 6729/4163/4790 6933/4459/5065 6752/4193/4821
f 6717/4170/4798 6926/4199/4827 6924/4200/4829
f 6720/4194/4822 6928/4211/4840 6927/4224/4852
f 6757/4189/4816 6785/4220/4847 6784/4237/4866
f 6779/4242/4870 6778/4209/4836 6754/4462/5068
f 6751/4409/5017 6773/4247/4875 6772/4248/4877
f 6767/4226/4855 6766/4252/4880 6749/4198/4826
f 6790/4232/4861 6789/4217/4844 6759/4461/5067
f 6787/4235/4864 6786/4257/4885 6758/4187/4815
f 6784/4237/4866 6783/4258/4887 6757/4189/4816
f 6781/4240/4869 6780/4260/4889 6755/4190/4818
f 6775/4245/4874 6774/4262/4891 6753/4192/4820
f 6772/4248/4877 6771/4264/4893 6751/4409/5017
f 6750/4411/5019 6769/4250/4879 6768/4225/4853
f 6754/4462/5068 6780/4260/4889 6779/4242/4870
f 6783/4258/4887 6782/4239/4867 6756/4410/5018
f 6752/4193/4821 6774/4262/4891 6773/4247/4875
f 6768/4225/4853 6767/4226/4855 6750/4411/5019
f 6822/4233/4860 6955/4297/4924 6843/4463/5069
f 6802/4269/4897 6830/4270/4898 6948/4423/5029
f 6796/4273/4902 6825/4274/4901 6947/4424/5030
f 6793/4231/4858 6946/4292/4920 6944/4293/4921
f 6842/4464/5070 6953/4419/5025 6820/4414/4992
f 6816/4275/4904 6840/4276/4903 6952/4420/5026
f 6951/4421/5027 6838/4277/4905 6814/4267/4895
f 6950/4422/5028 6836/4279/5077 6811/4278/4906
f 6948/4423/5029 6829/4284/4912 6802/4269/4897
f 6809/4268/4896 6836/4279/5077 6949/4426/5032
f 6947/4424/5030 6824/4286/4914 6796/4273/4902
f 6944/4293/4921 6945/4295/4923 6793/4231/4858
f 6843/4463/5069 6954/4425/5031 6822/4233/4860
f 6953/4419/5025 6841/4288/4915 6819/4236/4863
f 6952/4420/5026 6839/4289/4917 6816/4275/4904
f 6824/4286/4914 6946/4292/4920 6795/4254/4881
f 6945/4295/4923 6955/4297/4924 6792/4255/4883
f 6820/4414/4992 6954/4425/5031 6842/4464/5070
f 6839/4289/4917 6951/4421/5027 6815/4259/4886
f 6811/4278/4906 6837/4290/4918 6950/4422/5028
f 6808/4280/4908 6949/4426/5032 6835/4417/5023
f 6826/4416/5022 6851/4382/4854 6850/4383/4998
f 6860/4376/4996 6859/4377/4873 6835/4417/5023
f 6857/4378/4876 6856/4379/4911 6832/4283/4910
f 6825/4274/4901 6850/4383/4998 6849/4363/4856
f 6874/4367/4991 6873/4385/4884 6843/4463/5069
f 6865/4373/4868 6864/4388/4888 6838/4277/4905
f 6862/4375/4871 6861/4389/4896 6836/4279/5077
f 6859/4377/4873 6858/4390/4999 6834/4281/4909
f 6856/4379/4911 6855/4391/4892 6831/4418/5024
f 6853/4381/4997 6852/4392/5000 6829/4284/4912
f 6847/4384/4881 6846/4365/4989 6824/4286/4914
f 6832/4283/4910 6858/4390/4999 6857/4378/4876
f 6870/4386/4916 6869/4370/4993 6841/4288/4915
f 6867/4387/4886 6866/4372/4995 6839/4289/4917
f 6864/4388/4888 6863/4374/4906 6837/4290/4918
f 6855/4391/4892 6854/4380/4897 6830/4270/4898
f 6852/4392/5000 6851/4382/4854 6828/4415/5021
